﻿<detallado nomMunicipio="JONUTA" listanominal="20,808" pan="25" pri="6,912" prd="7,083" pt="36" pvem="3,167" convergencia="11" na="43" noreg="0" coalicion="13" nulos="199" votaciontotal="17,489">
  <resultado seccion="0846" casilla="BA" simbolo="0" pan="0" pri="228" prd="198" pt="1" pvem="141" convergencia="2" na="1" noreg="0" coalicion="0" nulos="10" total="581" />
  <resultado seccion="0846" casilla="C1" simbolo="0" pan="1" pri="255" prd="209" pt="1" pvem="113" convergencia="0" na="0" noreg="0" coalicion="1" nulos="6" total="586" />
  <resultado seccion="0847" casilla="BA" simbolo="0" pan="0" pri="205" prd="218" pt="1" pvem="112" convergencia="3" na="0" noreg="0" coalicion="1" nulos="7" total="547" />
  <resultado seccion="0847" casilla="C1" simbolo="0" pan="2" pri="198" prd="252" pt="0" pvem="100" convergencia="0" na="1" noreg="0" coalicion="1" nulos="10" total="564" />
  <resultado seccion="0847" casilla="ES" simbolo="0" pan="1" pri="89" prd="49" pt="2" pvem="50" convergencia="0" na="0" noreg="0" coalicion="0" nulos="3" total="194" />
  <resultado seccion="0848" casilla="BA" simbolo="0" pan="2" pri="158" prd="213" pt="0" pvem="92" convergencia="0" na="2" noreg="0" coalicion="0" nulos="3" total="470" />
  <resultado seccion="0848" casilla="C1" simbolo="0" pan="1" pri="187" prd="208" pt="0" pvem="77" convergencia="1" na="1" noreg="0" coalicion="1" nulos="6" total="482" />
  <resultado seccion="0849" casilla="BA" simbolo="0" pan="0" pri="161" prd="182" pt="0" pvem="107" convergencia="0" na="7" noreg="0" coalicion="0" nulos="3" total="460" />
  <resultado seccion="0849" casilla="C1" simbolo="0" pan="2" pri="196" prd="156" pt="1" pvem="109" convergencia="0" na="2" noreg="0" coalicion="0" nulos="7" total="473" />
  <resultado seccion="0850" casilla="BA" simbolo="0" pan="0" pri="140" prd="160" pt="1" pvem="15" convergencia="0" na="0" noreg="0" coalicion="0" nulos="7" total="323" />
  <resultado seccion="0851" casilla="BA" simbolo="0" pan="0" pri="347" prd="247" pt="0" pvem="6" convergencia="0" na="0" noreg="0" coalicion="1" nulos="3" total="604" />
  <resultado seccion="0852" casilla="BA" simbolo="0" pan="2" pri="257" prd="104" pt="1" pvem="105" convergencia="0" na="0" noreg="0" coalicion="0" nulos="8" total="477" />
  <resultado seccion="0853" casilla="BA" simbolo="0" pan="2" pri="202" prd="148" pt="1" pvem="141" convergencia="0" na="3" noreg="0" coalicion="0" nulos="0" total="497" />
  <resultado seccion="0854" casilla="BA" simbolo="0" pan="0" pri="64" prd="64" pt="0" pvem="26" convergencia="0" na="0" noreg="0" coalicion="1" nulos="2" total="157" />
  <resultado seccion="0855" casilla="BA" simbolo="0" pan="1" pri="99" prd="88" pt="0" pvem="48" convergencia="0" na="0" noreg="0" coalicion="0" nulos="4" total="240" />
  <resultado seccion="0856" casilla="BA" simbolo="0" pan="0" pri="110" prd="106" pt="1" pvem="45" convergencia="0" na="0" noreg="0" coalicion="0" nulos="2" total="264" />
  <resultado seccion="0857" casilla="BA" simbolo="0" pan="1" pri="161" prd="201" pt="1" pvem="109" convergencia="1" na="1" noreg="0" coalicion="0" nulos="1" total="476" />
  <resultado seccion="0858" casilla="BA" simbolo="0" pan="0" pri="74" prd="193" pt="1" pvem="96" convergencia="0" na="0" noreg="0" coalicion="1" nulos="4" total="369" />
  <resultado seccion="0858" casilla="C1" simbolo="0" pan="0" pri="98" prd="162" pt="0" pvem="121" convergencia="0" na="1" noreg="0" coalicion="1" nulos="7" total="390" />
  <resultado seccion="0859" casilla="BA" simbolo="0" pan="1" pri="255" prd="230" pt="1" pvem="51" convergencia="0" na="0" noreg="0" coalicion="1" nulos="10" total="549" />
  <resultado seccion="0859" casilla="EX" simbolo="0" pan="1" pri="156" prd="146" pt="1" pvem="2" convergencia="0" na="0" noreg="0" coalicion="0" nulos="4" total="310" />
  <resultado seccion="0860" casilla="BA" simbolo="0" pan="0" pri="202" prd="315" pt="3" pvem="120" convergencia="0" na="1" noreg="0" coalicion="0" nulos="8" total="649" />
  <resultado seccion="0861" casilla="BA" simbolo="0" pan="3" pri="138" prd="198" pt="2" pvem="166" convergencia="0" na="0" noreg="0" coalicion="0" nulos="8" total="515" />
  <resultado seccion="0861" casilla="C1" simbolo="0" pan="3" pri="105" prd="230" pt="2" pvem="158" convergencia="0" na="1" noreg="0" coalicion="1" nulos="9" total="509" />
  <resultado seccion="0862" casilla="BA" simbolo="0" pan="0" pri="224" prd="206" pt="1" pvem="84" convergencia="1" na="0" noreg="0" coalicion="0" nulos="9" total="525" />
  <resultado seccion="0863" casilla="BA" simbolo="0" pan="0" pri="233" prd="157" pt="1" pvem="65" convergencia="0" na="0" noreg="0" coalicion="0" nulos="8" total="464" />
  <resultado seccion="0863" casilla="C1" simbolo="0" pan="0" pri="201" prd="186" pt="0" pvem="84" convergencia="0" na="0" noreg="0" coalicion="0" nulos="8" total="479" />
  <resultado seccion="0864" casilla="BA" simbolo="0" pan="0" pri="83" prd="140" pt="0" pvem="32" convergencia="0" na="7" noreg="0" coalicion="3" nulos="4" total="269" />
  <resultado seccion="0865" casilla="BA" simbolo="0" pan="0" pri="148" prd="138" pt="0" pvem="39" convergencia="1" na="2" noreg="0" coalicion="0" nulos="2" total="330" />
  <resultado seccion="0865" casilla="C1" simbolo="0" pan="0" pri="171" prd="121" pt="3" pvem="38" convergencia="0" na="6" noreg="0" coalicion="0" nulos="3" total="342" />
  <resultado seccion="0866" casilla="BA" simbolo="0" pan="0" pri="165" prd="212" pt="4" pvem="33" convergencia="0" na="0" noreg="0" coalicion="0" nulos="0" total="414" />
  <resultado seccion="0867" casilla="BA" simbolo="0" pan="0" pri="158" prd="150" pt="2" pvem="69" convergencia="0" na="1" noreg="0" coalicion="0" nulos="3" total="383" />
  <resultado seccion="0868" casilla="BA" simbolo="0" pan="1" pri="188" prd="225" pt="0" pvem="146" convergencia="0" na="0" noreg="0" coalicion="0" nulos="4" total="564" />
  <resultado seccion="0868" casilla="C1" simbolo="0" pan="0" pri="166" prd="240" pt="1" pvem="159" convergencia="0" na="0" noreg="0" coalicion="0" nulos="4" total="570" />
  <resultado seccion="0869" casilla="BA" simbolo="0" pan="0" pri="233" prd="222" pt="0" pvem="50" convergencia="0" na="0" noreg="0" coalicion="0" nulos="5" total="510" />
  <resultado seccion="0869" casilla="C1" simbolo="0" pan="0" pri="211" prd="220" pt="0" pvem="53" convergencia="0" na="0" noreg="0" coalicion="0" nulos="2" total="486" />
  <resultado seccion="0870" casilla="BA" simbolo="0" pan="0" pri="151" prd="172" pt="1" pvem="82" convergencia="1" na="1" noreg="0" coalicion="0" nulos="6" total="414" />
  <resultado seccion="0870" casilla="C1" simbolo="0" pan="0" pri="133" prd="185" pt="0" pvem="83" convergencia="1" na="2" noreg="0" coalicion="0" nulos="4" total="408" />
  <resultado seccion="0871" casilla="BA" simbolo="0" pan="1" pri="189" prd="115" pt="1" pvem="9" convergencia="0" na="0" noreg="0" coalicion="0" nulos="3" total="318" />
  <resultado seccion="0871" casilla="C1" simbolo="0" pan="0" pri="173" prd="117" pt="1" pvem="31" convergencia="0" na="3" noreg="0" coalicion="0" nulos="2" total="327" />
</detallado>