﻿<detallado nomMunicipio="PARAISO" listanominal="56,778" pan="1,772" pri="13,547" prd="25,975" pt="326" pvem="153" convergencia="68" na="217" noreg="12" coalicion="20" nulos="684" votaciontotal="42,774">
  <resultado seccion="0991" casilla="BA" simbolo="0" pan="24" pri="94" prd="290" pt="7" pvem="2" convergencia="1" na="1" noreg="0" coalicion="1" nulos="5" total="425" />
  <resultado seccion="0991" casilla="C1" simbolo="0" pan="22" pri="101" prd="254" pt="4" pvem="2" convergencia="0" na="2" noreg="0" coalicion="0" nulos="7" total="392" />
  <resultado seccion="0991" casilla="C2" simbolo="0" pan="27" pri="100" prd="251" pt="4" pvem="5" convergencia="1" na="1" noreg="0" coalicion="0" nulos="9" total="398" />
  <resultado seccion="0992" casilla="BA" simbolo="0" pan="14" pri="158" prd="153" pt="5" pvem="3" convergencia="1" na="0" noreg="0" coalicion="0" nulos="8" total="342" />
  <resultado seccion="0992" casilla="C1" simbolo="0" pan="24" pri="184" prd="117" pt="9" pvem="1" convergencia="2" na="1" noreg="0" coalicion="1" nulos="7" total="346" />
  <resultado seccion="0993" casilla="BA" simbolo="0" pan="31" pri="136" prd="180" pt="3" pvem="4" convergencia="3" na="3" noreg="0" coalicion="0" nulos="10" total="370" />
  <resultado seccion="0993" casilla="C1" simbolo="0" pan="30" pri="153" prd="162" pt="3" pvem="4" convergencia="1" na="0" noreg="0" coalicion="0" nulos="9" total="362" />
  <resultado seccion="0994" casilla="BA" simbolo="0" pan="19" pri="121" prd="289" pt="12" pvem="2" convergencia="2" na="3" noreg="0" coalicion="1" nulos="4" total="453" />
  <resultado seccion="0994" casilla="C1" simbolo="0" pan="23" pri="147" prd="270" pt="5" pvem="1" convergencia="0" na="1" noreg="0" coalicion="1" nulos="9" total="457" />
  <resultado seccion="0995" casilla="BA" simbolo="0" pan="25" pri="128" prd="255" pt="6" pvem="5" convergencia="0" na="3" noreg="0" coalicion="0" nulos="11" total="433" />
  <resultado seccion="0995" casilla="C1" simbolo="0" pan="26" pri="154" prd="241" pt="2" pvem="2" convergencia="0" na="3" noreg="0" coalicion="0" nulos="8" total="436" />
  <resultado seccion="0996" casilla="BA" simbolo="0" pan="14" pri="139" prd="298" pt="4" pvem="1" convergencia="1" na="6" noreg="0" coalicion="0" nulos="6" total="469" />
  <resultado seccion="0996" casilla="C1" simbolo="0" pan="19" pri="124" prd="309" pt="5" pvem="1" convergencia="0" na="4" noreg="0" coalicion="0" nulos="3" total="465" />
  <resultado seccion="0997" casilla="BA" simbolo="0" pan="15" pri="140" prd="229" pt="7" pvem="1" convergencia="0" na="1" noreg="0" coalicion="0" nulos="4" total="397" />
  <resultado seccion="0997" casilla="C1" simbolo="0" pan="14" pri="128" prd="215" pt="2" pvem="4" convergencia="0" na="0" noreg="0" coalicion="0" nulos="6" total="369" />
  <resultado seccion="0998" casilla="BA" simbolo="0" pan="19" pri="136" prd="282" pt="5" pvem="2" convergencia="2" na="2" noreg="0" coalicion="1" nulos="6" total="455" />
  <resultado seccion="0998" casilla="C1" simbolo="0" pan="18" pri="152" prd="279" pt="1" pvem="4" convergencia="2" na="2" noreg="0" coalicion="0" nulos="11" total="469" />
  <resultado seccion="0999" casilla="BA" simbolo="0" pan="13" pri="99" prd="265" pt="1" pvem="1" convergencia="0" na="16" noreg="0" coalicion="0" nulos="4" total="399" />
  <resultado seccion="0999" casilla="C1" simbolo="0" pan="14" pri="105" prd="244" pt="7" pvem="1" convergencia="0" na="1" noreg="0" coalicion="1" nulos="2" total="375" />
  <resultado seccion="1000" casilla="BA" simbolo="0" pan="27" pri="131" prd="177" pt="2" pvem="4" convergencia="0" na="4" noreg="0" coalicion="0" nulos="3" total="348" />
  <resultado seccion="1000" casilla="C1" simbolo="0" pan="18" pri="146" prd="179" pt="1" pvem="2" convergencia="0" na="1" noreg="0" coalicion="0" nulos="3" total="350" />
  <resultado seccion="1001" casilla="BA" simbolo="0" pan="24" pri="151" prd="197" pt="3" pvem="0" convergencia="0" na="4" noreg="0" coalicion="0" nulos="5" total="384" />
  <resultado seccion="1001" casilla="C1" simbolo="0" pan="24" pri="98" prd="219" pt="1" pvem="0" convergencia="1" na="2" noreg="0" coalicion="0" nulos="5" total="350" />
  <resultado seccion="1002" casilla="BA" simbolo="0" pan="52" pri="219" prd="260" pt="1" pvem="1" convergencia="0" na="2" noreg="0" coalicion="1" nulos="5" total="541" />
  <resultado seccion="1002" casilla="ES" simbolo="0" pan="6" pri="40" prd="77" pt="3" pvem="0" convergencia="0" na="0" noreg="0" coalicion="0" nulos="4" total="130" />
  <resultado seccion="1003" casilla="BA" simbolo="0" pan="32" pri="104" prd="246" pt="6" pvem="4" convergencia="0" na="1" noreg="0" coalicion="0" nulos="3" total="396" />
  <resultado seccion="1003" casilla="C1" simbolo="0" pan="25" pri="122" prd="252" pt="5" pvem="4" convergencia="0" na="1" noreg="0" coalicion="1" nulos="7" total="417" />
  <resultado seccion="1004" casilla="BA" simbolo="0" pan="28" pri="148" prd="331" pt="5" pvem="0" convergencia="1" na="8" noreg="0" coalicion="0" nulos="13" total="534" />
  <resultado seccion="1004" casilla="C1" simbolo="0" pan="28" pri="155" prd="331" pt="1" pvem="1" convergencia="2" na="1" noreg="0" coalicion="0" nulos="6" total="525" />
  <resultado seccion="1005" casilla="BA" simbolo="0" pan="13" pri="137" prd="387" pt="6" pvem="0" convergencia="0" na="1" noreg="0" coalicion="0" nulos="8" total="552" />
  <resultado seccion="1005" casilla="C1" simbolo="2" pan="21" pri="130" prd="383" pt="3" pvem="2" convergencia="2" na="0" noreg="0" coalicion="1" nulos="17" total="559" />
  <resultado seccion="1006" casilla="BA" simbolo="0" pan="3" pri="117" prd="151" pt="0" pvem="0" convergencia="0" na="1" noreg="0" coalicion="1" nulos="3" total="276" />
  <resultado seccion="1006" casilla="EX" simbolo="0" pan="12" pri="163" prd="204" pt="1" pvem="2" convergencia="0" na="0" noreg="0" coalicion="0" nulos="1" total="383" />
  <resultado seccion="1007" casilla="BA" simbolo="0" pan="13" pri="188" prd="302" pt="18" pvem="1" convergencia="1" na="0" noreg="0" coalicion="1" nulos="16" total="540" />
  <resultado seccion="1007" casilla="C1" simbolo="0" pan="16" pri="175" prd="306" pt="16" pvem="0" convergencia="1" na="2" noreg="0" coalicion="0" nulos="11" total="527" />
  <resultado seccion="1008" casilla="BA" simbolo="0" pan="30" pri="144" prd="230" pt="0" pvem="1" convergencia="1" na="0" noreg="0" coalicion="0" nulos="9" total="415" />
  <resultado seccion="1008" casilla="C1" simbolo="0" pan="21" pri="169" prd="217" pt="1" pvem="0" convergencia="0" na="4" noreg="0" coalicion="0" nulos="14" total="426" />
  <resultado seccion="1009" casilla="BA" simbolo="0" pan="5" pri="72" prd="237" pt="1" pvem="0" convergencia="0" na="1" noreg="0" coalicion="0" nulos="6" total="322" />
  <resultado seccion="1009" casilla="C1" simbolo="0" pan="3" pri="103" prd="206" pt="1" pvem="1" convergencia="0" na="1" noreg="0" coalicion="0" nulos="3" total="318" />
  <resultado seccion="1010" casilla="BA" simbolo="0" pan="11" pri="126" prd="189" pt="1" pvem="0" convergencia="0" na="0" noreg="0" coalicion="0" nulos="7" total="334" />
  <resultado seccion="1010" casilla="C1" simbolo="0" pan="6" pri="82" prd="238" pt="4" pvem="0" convergencia="0" na="1" noreg="0" coalicion="0" nulos="0" total="331" />
  <resultado seccion="1011" casilla="BA" simbolo="0" pan="8" pri="140" prd="310" pt="5" pvem="1" convergencia="1" na="3" noreg="0" coalicion="0" nulos="0" total="468" />
  <resultado seccion="1011" casilla="C1" simbolo="0" pan="6" pri="158" prd="304" pt="4" pvem="2" convergencia="0" na="1" noreg="2" coalicion="0" nulos="0" total="477" />
  <resultado seccion="1012" casilla="BA" simbolo="0" pan="21" pri="131" prd="371" pt="1" pvem="2" convergencia="1" na="1" noreg="0" coalicion="0" nulos="8" total="536" />
  <resultado seccion="1012" casilla="EX" simbolo="0" pan="5" pri="114" prd="54" pt="0" pvem="3" convergencia="0" na="4" noreg="0" coalicion="0" nulos="0" total="180" />
  <resultado seccion="1012" casilla="X2" simbolo="0" pan="7" pri="115" prd="165" pt="0" pvem="3" convergencia="0" na="6" noreg="1" coalicion="0" nulos="13" total="310" />
  <resultado seccion="1012" casilla="X2C1" simbolo="0" pan="18" pri="141" prd="161" pt="1" pvem="1" convergencia="3" na="5" noreg="2" coalicion="0" nulos="4" total="336" />
  <resultado seccion="1013" casilla="BA" simbolo="0" pan="8" pri="122" prd="323" pt="1" pvem="0" convergencia="0" na="0" noreg="0" coalicion="0" nulos="0" total="454" />
  <resultado seccion="1013" casilla="C1" simbolo="0" pan="7" pri="134" prd="311" pt="2" pvem="0" convergencia="1" na="1" noreg="0" coalicion="0" nulos="6" total="462" />
  <resultado seccion="1014" casilla="BA" simbolo="0" pan="34" pri="144" prd="215" pt="1" pvem="1" convergencia="0" na="1" noreg="0" coalicion="0" nulos="10" total="406" />
  <resultado seccion="1014" casilla="C1" simbolo="0" pan="30" pri="128" prd="197" pt="4" pvem="3" convergencia="0" na="0" noreg="0" coalicion="0" nulos="6" total="368" />
  <resultado seccion="1014" casilla="C2" simbolo="0" pan="31" pri="140" prd="214" pt="2" pvem="3" convergencia="1" na="0" noreg="0" coalicion="0" nulos="0" total="391" />
  <resultado seccion="1015" casilla="BA" simbolo="0" pan="30" pri="203" prd="281" pt="1" pvem="1" convergencia="0" na="2" noreg="0" coalicion="0" nulos="7" total="525" />
  <resultado seccion="1016" casilla="BA" simbolo="0" pan="72" pri="178" prd="213" pt="1" pvem="0" convergencia="2" na="0" noreg="0" coalicion="0" nulos="11" total="477" />
  <resultado seccion="1016" casilla="C1" simbolo="0" pan="70" pri="202" prd="205" pt="0" pvem="1" convergencia="3" na="10" noreg="0" coalicion="0" nulos="3" total="494" />
  <resultado seccion="1017" casilla="BA" simbolo="0" pan="16" pri="119" prd="260" pt="3" pvem="0" convergencia="0" na="2" noreg="0" coalicion="0" nulos="7" total="407" />
  <resultado seccion="1017" casilla="C1" simbolo="0" pan="13" pri="127" prd="239" pt="2" pvem="3" convergencia="1" na="0" noreg="0" coalicion="0" nulos="5" total="390" />
  <resultado seccion="1018" casilla="BA" simbolo="0" pan="5" pri="176" prd="203" pt="3" pvem="1" convergencia="0" na="2" noreg="0" coalicion="0" nulos="7" total="397" />
  <resultado seccion="1018" casilla="C1" simbolo="0" pan="6" pri="147" prd="236" pt="0" pvem="3" convergencia="1" na="2" noreg="0" coalicion="0" nulos="2" total="397" />
  <resultado seccion="1019" casilla="BA" simbolo="0" pan="12" pri="106" prd="350" pt="8" pvem="2" convergencia="0" na="0" noreg="0" coalicion="0" nulos="12" total="490" />
  <resultado seccion="1019" casilla="C1" simbolo="0" pan="6" pri="109" prd="364" pt="8" pvem="0" convergencia="0" na="0" noreg="0" coalicion="1" nulos="7" total="495" />
  <resultado seccion="1020" casilla="BA" simbolo="0" pan="7" pri="164" prd="355" pt="2" pvem="1" convergencia="3" na="0" noreg="0" coalicion="0" nulos="19" total="551" />
  <resultado seccion="1020" casilla="C1" simbolo="0" pan="15" pri="177" prd="310" pt="5" pvem="2" convergencia="6" na="0" noreg="0" coalicion="0" nulos="10" total="525" />
  <resultado seccion="1021" casilla="BA" simbolo="0" pan="5" pri="75" prd="309" pt="4" pvem="1" convergencia="2" na="0" noreg="0" coalicion="0" nulos="10" total="406" />
  <resultado seccion="1021" casilla="C1" simbolo="0" pan="11" pri="93" prd="302" pt="2" pvem="0" convergencia="2" na="6" noreg="0" coalicion="0" nulos="13" total="429" />
  <resultado seccion="1021" casilla="C2" simbolo="0" pan="9" pri="107" prd="293" pt="4" pvem="1" convergencia="0" na="1" noreg="2" coalicion="0" nulos="8" total="425" />
  <resultado seccion="1022" casilla="BA" simbolo="0" pan="10" pri="94" prd="388" pt="12" pvem="1" convergencia="1" na="5" noreg="0" coalicion="0" nulos="0" total="511" />
  <resultado seccion="1022" casilla="C1" simbolo="0" pan="8" pri="155" prd="321" pt="2" pvem="3" convergencia="0" na="0" noreg="0" coalicion="0" nulos="7" total="496" />
  <resultado seccion="1022" casilla="C2" simbolo="0" pan="14" pri="127" prd="338" pt="2" pvem="0" convergencia="1" na="0" noreg="0" coalicion="0" nulos="6" total="488" />
  <resultado seccion="1022" casilla="C3" simbolo="0" pan="17" pri="165" prd="299" pt="2" pvem="3" convergencia="0" na="3" noreg="0" coalicion="0" nulos="14" total="503" />
  <resultado seccion="1023" casilla="BA" simbolo="0" pan="8" pri="130" prd="309" pt="1" pvem="2" convergencia="1" na="0" noreg="0" coalicion="0" nulos="4" total="455" />
  <resultado seccion="1023" casilla="C1" simbolo="0" pan="14" pri="115" prd="304" pt="1" pvem="1" convergencia="0" na="1" noreg="0" coalicion="1" nulos="5" total="442" />
  <resultado seccion="1023" casilla="C2" simbolo="0" pan="5" pri="118" prd="298" pt="0" pvem="1" convergencia="0" na="1" noreg="0" coalicion="0" nulos="7" total="430" />
  <resultado seccion="1024" casilla="BA" simbolo="0" pan="5" pri="148" prd="327" pt="3" pvem="2" convergencia="0" na="1" noreg="0" coalicion="0" nulos="0" total="486" />
  <resultado seccion="1024" casilla="C1" simbolo="0" pan="13" pri="196" prd="310" pt="1" pvem="0" convergencia="1" na="2" noreg="0" coalicion="0" nulos="6" total="529" />
  <resultado seccion="1025" casilla="BA" simbolo="0" pan="3" pri="95" prd="404" pt="5" pvem="2" convergencia="0" na="3" noreg="0" coalicion="1" nulos="5" total="518" />
  <resultado seccion="1025" casilla="C1" simbolo="0" pan="9" pri="117" prd="353" pt="3" pvem="0" convergencia="0" na="3" noreg="0" coalicion="0" nulos="9" total="494" />
  <resultado seccion="1026" casilla="BA" simbolo="0" pan="7" pri="157" prd="280" pt="1" pvem="1" convergencia="0" na="0" noreg="0" coalicion="0" nulos="9" total="455" />
  <resultado seccion="1026" casilla="C1" simbolo="0" pan="12" pri="161" prd="244" pt="2" pvem="1" convergencia="0" na="0" noreg="0" coalicion="0" nulos="10" total="430" />
  <resultado seccion="1027" casilla="BA" simbolo="0" pan="18" pri="169" prd="274" pt="1" pvem="2" convergencia="1" na="5" noreg="0" coalicion="1" nulos="7" total="478" />
  <resultado seccion="1027" casilla="C1" simbolo="0" pan="11" pri="168" prd="272" pt="3" pvem="3" convergencia="0" na="2" noreg="0" coalicion="0" nulos="3" total="462" />
  <resultado seccion="1027" casilla="C2" simbolo="0" pan="21" pri="185" prd="272" pt="1" pvem="1" convergencia="1" na="1" noreg="0" coalicion="0" nulos="0" total="482" />
  <resultado seccion="1028" casilla="BA" simbolo="0" pan="7" pri="194" prd="396" pt="4" pvem="1" convergencia="0" na="3" noreg="6" coalicion="0" nulos="0" total="611" />
  <resultado seccion="1028" casilla="C1" simbolo="0" pan="7" pri="188" prd="378" pt="10" pvem="4" convergencia="0" na="2" noreg="0" coalicion="1" nulos="4" total="594" />
  <resultado seccion="1029" casilla="BA" simbolo="0" pan="11" pri="162" prd="177" pt="2" pvem="1" convergencia="0" na="3" noreg="0" coalicion="0" nulos="10" total="366" />
  <resultado seccion="1029" casilla="C1" simbolo="0" pan="16" pri="194" prd="148" pt="0" pvem="2" convergencia="0" na="2" noreg="0" coalicion="0" nulos="0" total="362" />
  <resultado seccion="1029" casilla="C2" simbolo="0" pan="14" pri="138" prd="181" pt="4" pvem="0" convergencia="0" na="4" noreg="0" coalicion="0" nulos="12" total="353" />
  <resultado seccion="1030" casilla="BA" simbolo="0" pan="8" pri="190" prd="190" pt="2" pvem="2" convergencia="0" na="2" noreg="0" coalicion="0" nulos="17" total="411" />
  <resultado seccion="1030" casilla="C1" simbolo="0" pan="21" pri="149" prd="241" pt="2" pvem="1" convergencia="0" na="1" noreg="0" coalicion="0" nulos="5" total="420" />
  <resultado seccion="1031" casilla="BA" simbolo="0" pan="4" pri="197" prd="360" pt="2" pvem="2" convergencia="0" na="5" noreg="0" coalicion="0" nulos="0" total="570" />
  <resultado seccion="1032" casilla="BA" simbolo="0" pan="20" pri="151" prd="385" pt="4" pvem="0" convergencia="0" na="0" noreg="0" coalicion="2" nulos="12" total="574" />
  <resultado seccion="1032" casilla="C1" simbolo="0" pan="29" pri="147" prd="341" pt="3" pvem="3" convergencia="1" na="2" noreg="0" coalicion="2" nulos="0" total="528" />
  <resultado seccion="1033" casilla="BA" simbolo="0" pan="59" pri="107" prd="313" pt="0" pvem="3" convergencia="1" na="4" noreg="0" coalicion="0" nulos="13" total="500" />
  <resultado seccion="1033" casilla="C1" simbolo="2" pan="53" pri="119" prd="280" pt="5" pvem="0" convergencia="0" na="5" noreg="0" coalicion="0" nulos="8" total="470" />
  <resultado seccion="1034" casilla="BA" simbolo="0" pan="26" pri="103" prd="294" pt="1" pvem="0" convergencia="0" na="3" noreg="0" coalicion="0" nulos="11" total="438" />
  <resultado seccion="1034" casilla="C1" simbolo="0" pan="28" pri="98" prd="290" pt="4" pvem="1" convergencia="0" na="3" noreg="0" coalicion="0" nulos="19" total="443" />
  <resultado seccion="1035" casilla="BA" simbolo="0" pan="20" pri="99" prd="289" pt="5" pvem="2" convergencia="3" na="8" noreg="0" coalicion="0" nulos="10" total="436" />
  <resultado seccion="1035" casilla="C1" simbolo="0" pan="13" pri="128" prd="259" pt="2" pvem="3" convergencia="2" na="8" noreg="1" coalicion="0" nulos="2" total="418" />
</detallado>