﻿<detallado nomMunicipio="JALPA DE MENDEZ" listanominal="53,241" pan="8,747" pri="10,216" prd="8,342" pt="10,356" pvem="211" convergencia="1,027" na="577" noreg="3" coalicion="263" nulos="805" votaciontotal="40,547">
  <resultado seccion="0809" casilla="BA" simbolo="0" pan="167" pri="116" prd="97" pt="42" pvem="3" convergencia="8" na="15" noreg="0" coalicion="2" nulos="14" total="464" />
  <resultado seccion="0809" casilla="C1" simbolo="0" pan="158" pri="83" prd="106" pt="42" pvem="4" convergencia="20" na="9" noreg="0" coalicion="1" nulos="13" total="436" />
  <resultado seccion="0810" casilla="BA" simbolo="0" pan="176" pri="88" prd="94" pt="80" pvem="2" convergencia="9" na="2" noreg="0" coalicion="2" nulos="16" total="469" />
  <resultado seccion="0810" casilla="C1" simbolo="0" pan="115" pri="84" prd="125" pt="104" pvem="0" convergencia="7" na="8" noreg="0" coalicion="2" nulos="6" total="451" />
  <resultado seccion="0810" casilla="C2" simbolo="0" pan="184" pri="70" prd="102" pt="56" pvem="2" convergencia="6" na="5" noreg="0" coalicion="1" nulos="10" total="436" />
  <resultado seccion="0810" casilla="C3" simbolo="0" pan="141" pri="91" prd="103" pt="84" pvem="2" convergencia="4" na="2" noreg="0" coalicion="3" nulos="4" total="434" />
  <resultado seccion="0811" casilla="BA" simbolo="0" pan="139" pri="128" prd="139" pt="63" pvem="1" convergencia="4" na="7" noreg="0" coalicion="7" nulos="11" total="499" />
  <resultado seccion="0811" casilla="C1" simbolo="0" pan="116" pri="179" prd="130" pt="67" pvem="1" convergencia="4" na="12" noreg="1" coalicion="6" nulos="14" total="530" />
  <resultado seccion="0812" casilla="BA" simbolo="0" pan="94" pri="105" prd="195" pt="36" pvem="1" convergencia="20" na="12" noreg="0" coalicion="3" nulos="8" total="474" />
  <resultado seccion="0812" casilla="C1" simbolo="0" pan="93" pri="95" prd="184" pt="38" pvem="5" convergencia="14" na="15" noreg="0" coalicion="6" nulos="11" total="461" />
  <resultado seccion="0813" casilla="BA" simbolo="0" pan="68" pri="109" prd="77" pt="107" pvem="5" convergencia="17" na="4" noreg="0" coalicion="1" nulos="10" total="398" />
  <resultado seccion="0813" casilla="C1" simbolo="0" pan="69" pri="107" prd="86" pt="112" pvem="6" convergencia="11" na="6" noreg="0" coalicion="1" nulos="10" total="408" />
  <resultado seccion="0813" casilla="C2" simbolo="0" pan="65" pri="100" prd="117" pt="85" pvem="3" convergencia="16" na="2" noreg="0" coalicion="6" nulos="8" total="402" />
  <resultado seccion="0814" casilla="BA" simbolo="0" pan="70" pri="85" prd="172" pt="30" pvem="0" convergencia="6" na="5" noreg="0" coalicion="3" nulos="12" total="383" />
  <resultado seccion="0814" casilla="C1" simbolo="0" pan="73" pri="69" prd="180" pt="36" pvem="1" convergencia="6" na="3" noreg="0" coalicion="3" nulos="4" total="375" />
  <resultado seccion="0815" casilla="BA" simbolo="0" pan="70" pri="122" prd="204" pt="53" pvem="4" convergencia="17" na="13" noreg="0" coalicion="6" nulos="10" total="499" />
  <resultado seccion="0815" casilla="C1" simbolo="0" pan="94" pri="107" prd="203" pt="73" pvem="1" convergencia="16" na="7" noreg="0" coalicion="1" nulos="8" total="510" />
  <resultado seccion="0815" casilla="ES" simbolo="0" pan="48" pri="61" prd="56" pt="32" pvem="0" convergencia="4" na="3" noreg="0" coalicion="2" nulos="4" total="210" />
  <resultado seccion="0816" casilla="BA" simbolo="0" pan="114" pri="111" prd="120" pt="43" pvem="3" convergencia="8" na="2" noreg="0" coalicion="5" nulos="10" total="416" />
  <resultado seccion="0816" casilla="C1" simbolo="0" pan="111" pri="104" prd="133" pt="46" pvem="1" convergencia="10" na="5" noreg="0" coalicion="10" nulos="6" total="426" />
  <resultado seccion="0817" casilla="BA" simbolo="0" pan="100" pri="70" prd="140" pt="72" pvem="0" convergencia="14" na="8" noreg="0" coalicion="1" nulos="7" total="412" />
  <resultado seccion="0817" casilla="C1" simbolo="0" pan="95" pri="91" prd="108" pt="85" pvem="2" convergencia="10" na="4" noreg="0" coalicion="1" nulos="7" total="403" />
  <resultado seccion="0818" casilla="BA" simbolo="0" pan="64" pri="63" prd="21" pt="181" pvem="1" convergencia="1" na="0" noreg="0" coalicion="0" nulos="2" total="333" />
  <resultado seccion="0818" casilla="C1" simbolo="0" pan="92" pri="63" prd="14" pt="154" pvem="1" convergencia="6" na="3" noreg="0" coalicion="0" nulos="2" total="335" />
  <resultado seccion="0819" casilla="BA" simbolo="0" pan="135" pri="38" prd="26" pt="133" pvem="2" convergencia="4" na="7" noreg="0" coalicion="1" nulos="9" total="355" />
  <resultado seccion="0819" casilla="C1" simbolo="0" pan="117" pri="72" prd="42" pt="130" pvem="2" convergencia="5" na="5" noreg="0" coalicion="1" nulos="5" total="379" />
  <resultado seccion="0820" casilla="BA" simbolo="0" pan="145" pri="123" prd="49" pt="162" pvem="1" convergencia="2" na="5" noreg="0" coalicion="0" nulos="11" total="498" />
  <resultado seccion="0821" casilla="BA" simbolo="0" pan="109" pri="80" prd="45" pt="159" pvem="1" convergencia="7" na="1" noreg="0" coalicion="0" nulos="0" total="402" />
  <resultado seccion="0821" casilla="C1" simbolo="0" pan="84" pri="147" prd="30" pt="151" pvem="5" convergencia="6" na="1" noreg="0" coalicion="7" nulos="2" total="433" />
  <resultado seccion="0821" casilla="C2" simbolo="0" pan="119" pri="127" prd="28" pt="159" pvem="2" convergencia="3" na="4" noreg="0" coalicion="2" nulos="15" total="459" />
  <resultado seccion="0822" casilla="BA" simbolo="0" pan="83" pri="168" prd="20" pt="126" pvem="3" convergencia="2" na="3" noreg="0" coalicion="2" nulos="14" total="421" />
  <resultado seccion="0822" casilla="C1" simbolo="0" pan="82" pri="172" prd="30" pt="125" pvem="3" convergencia="5" na="3" noreg="0" coalicion="1" nulos="15" total="436" />
  <resultado seccion="0822" casilla="C2" simbolo="0" pan="118" pri="142" prd="27" pt="133" pvem="3" convergencia="10" na="3" noreg="0" coalicion="3" nulos="9" total="448" />
  <resultado seccion="0823" casilla="BA" simbolo="0" pan="119" pri="104" prd="51" pt="136" pvem="2" convergencia="24" na="1" noreg="0" coalicion="5" nulos="9" total="451" />
  <resultado seccion="0823" casilla="C1" simbolo="0" pan="107" pri="109" prd="52" pt="157" pvem="2" convergencia="7" na="1" noreg="0" coalicion="3" nulos="16" total="454" />
  <resultado seccion="0823" casilla="C2" simbolo="0" pan="110" pri="111" prd="66" pt="139" pvem="3" convergencia="2" na="4" noreg="0" coalicion="1" nulos="10" total="446" />
  <resultado seccion="0823" casilla="C3" simbolo="0" pan="153" pri="109" prd="42" pt="141" pvem="2" convergencia="13" na="4" noreg="0" coalicion="0" nulos="7" total="471" />
  <resultado seccion="0824" casilla="BA" simbolo="0" pan="127" pri="96" prd="45" pt="141" pvem="6" convergencia="6" na="6" noreg="0" coalicion="0" nulos="4" total="431" />
  <resultado seccion="0824" casilla="C1" simbolo="0" pan="117" pri="92" prd="64" pt="150" pvem="6" convergencia="8" na="2" noreg="0" coalicion="0" nulos="9" total="448" />
  <resultado seccion="0825" casilla="BA" simbolo="0" pan="105" pri="154" prd="78" pt="122" pvem="0" convergencia="3" na="8" noreg="0" coalicion="5" nulos="10" total="485" />
  <resultado seccion="0825" casilla="C1" simbolo="0" pan="137" pri="126" prd="75" pt="122" pvem="1" convergencia="12" na="2" noreg="1" coalicion="0" nulos="0" total="476" />
  <resultado seccion="0825" casilla="C2" simbolo="0" pan="148" pri="124" prd="55" pt="87" pvem="0" convergencia="12" na="7" noreg="0" coalicion="3" nulos="8" total="444" />
  <resultado seccion="0826" casilla="BA" simbolo="0" pan="100" pri="154" prd="49" pt="167" pvem="5" convergencia="5" na="2" noreg="0" coalicion="2" nulos="12" total="496" />
  <resultado seccion="0826" casilla="C1" simbolo="0" pan="103" pri="134" prd="45" pt="156" pvem="3" convergencia="3" na="2" noreg="0" coalicion="0" nulos="4" total="450" />
  <resultado seccion="0826" casilla="C2" simbolo="0" pan="99" pri="162" prd="49" pt="149" pvem="0" convergencia="7" na="3" noreg="0" coalicion="5" nulos="4" total="478" />
  <resultado seccion="0827" casilla="BA" simbolo="0" pan="70" pri="172" prd="98" pt="89" pvem="0" convergencia="12" na="7" noreg="0" coalicion="0" nulos="6" total="454" />
  <resultado seccion="0827" casilla="C1" simbolo="0" pan="47" pri="154" prd="89" pt="114" pvem="2" convergencia="13" na="11" noreg="0" coalicion="0" nulos="7" total="437" />
  <resultado seccion="0827" casilla="C2" simbolo="0" pan="79" pri="126" prd="78" pt="147" pvem="3" convergencia="12" na="4" noreg="0" coalicion="4" nulos="6" total="459" />
  <resultado seccion="0827" casilla="C3" simbolo="0" pan="78" pri="161" prd="64" pt="129" pvem="0" convergencia="13" na="6" noreg="0" coalicion="7" nulos="10" total="468" />
  <resultado seccion="0828" casilla="BA" simbolo="0" pan="72" pri="128" prd="27" pt="194" pvem="3" convergencia="7" na="10" noreg="0" coalicion="8" nulos="4" total="453" />
  <resultado seccion="0828" casilla="C1" simbolo="0" pan="84" pri="110" prd="27" pt="223" pvem="0" convergencia="5" na="3" noreg="0" coalicion="3" nulos="7" total="462" />
  <resultado seccion="0829" casilla="BA" simbolo="0" pan="120" pri="169" prd="99" pt="98" pvem="3" convergencia="32" na="2" noreg="0" coalicion="2" nulos="11" total="536" />
  <resultado seccion="0829" casilla="C1" simbolo="0" pan="65" pri="160" prd="116" pt="130" pvem="1" convergencia="24" na="0" noreg="0" coalicion="2" nulos="14" total="512" />
  <resultado seccion="0829" casilla="C2" simbolo="0" pan="83" pri="114" prd="137" pt="161" pvem="3" convergencia="21" na="5" noreg="0" coalicion="2" nulos="4" total="530" />
  <resultado seccion="0829" casilla="C3" simbolo="0" pan="68" pri="137" prd="134" pt="140" pvem="9" convergencia="39" na="2" noreg="0" coalicion="1" nulos="5" total="535" />
  <resultado seccion="0830" casilla="BA" simbolo="0" pan="52" pri="107" prd="99" pt="53" pvem="1" convergencia="1" na="8" noreg="0" coalicion="2" nulos="0" total="323" />
  <resultado seccion="0831" casilla="BA" simbolo="0" pan="49" pri="119" prd="48" pt="129" pvem="0" convergencia="16" na="7" noreg="0" coalicion="2" nulos="8" total="378" />
  <resultado seccion="0831" casilla="C1" simbolo="0" pan="57" pri="110" prd="86" pt="104" pvem="2" convergencia="13" na="5" noreg="0" coalicion="6" nulos="9" total="392" />
  <resultado seccion="0832" casilla="BA" simbolo="0" pan="47" pri="127" prd="153" pt="94" pvem="3" convergencia="0" na="0" noreg="0" coalicion="5" nulos="8" total="437" />
  <resultado seccion="0832" casilla="C1" simbolo="0" pan="28" pri="128" prd="132" pt="137" pvem="1" convergencia="7" na="3" noreg="0" coalicion="1" nulos="5" total="442" />
  <resultado seccion="0832" casilla="C2" simbolo="0" pan="24" pri="119" prd="142" pt="128" pvem="1" convergencia="6" na="6" noreg="0" coalicion="4" nulos="10" total="440" />
  <resultado seccion="0833" casilla="BA" simbolo="0" pan="54" pri="130" prd="51" pt="159" pvem="2" convergencia="8" na="8" noreg="0" coalicion="4" nulos="4" total="420" />
  <resultado seccion="0833" casilla="C1" simbolo="0" pan="50" pri="102" prd="45" pt="202" pvem="1" convergencia="8" na="4" noreg="0" coalicion="0" nulos="2" total="414" />
  <resultado seccion="0834" casilla="BA" simbolo="0" pan="92" pri="87" prd="15" pt="118" pvem="1" convergencia="17" na="2" noreg="0" coalicion="3" nulos="19" total="354" />
  <resultado seccion="0834" casilla="C1" simbolo="0" pan="80" pri="117" prd="21" pt="132" pvem="2" convergencia="5" na="6" noreg="0" coalicion="2" nulos="10" total="375" />
  <resultado seccion="0834" casilla="C2" simbolo="0" pan="82" pri="116" prd="16" pt="138" pvem="1" convergencia="5" na="4" noreg="0" coalicion="0" nulos="7" total="369" />
  <resultado seccion="0835" casilla="BA" simbolo="0" pan="49" pri="91" prd="73" pt="55" pvem="2" convergencia="2" na="5" noreg="0" coalicion="5" nulos="5" total="287" />
  <resultado seccion="0835" casilla="C1" simbolo="0" pan="43" pri="116" prd="72" pt="50" pvem="3" convergencia="3" na="3" noreg="0" coalicion="4" nulos="4" total="298" />
  <resultado seccion="0836" casilla="BA" simbolo="0" pan="81" pri="103" prd="125" pt="60" pvem="3" convergencia="22" na="16" noreg="0" coalicion="6" nulos="9" total="425" />
  <resultado seccion="0836" casilla="C1" simbolo="0" pan="75" pri="81" prd="102" pt="51" pvem="8" convergencia="36" na="28" noreg="0" coalicion="4" nulos="16" total="401" />
  <resultado seccion="0836" casilla="C2" simbolo="0" pan="80" pri="80" prd="143" pt="54" pvem="3" convergencia="29" na="16" noreg="0" coalicion="5" nulos="11" total="421" />
  <resultado seccion="0837" casilla="BA" simbolo="0" pan="69" pri="92" prd="85" pt="104" pvem="1" convergencia="0" na="7" noreg="1" coalicion="7" nulos="1" total="367" />
  <resultado seccion="0838" casilla="BA" simbolo="0" pan="75" pri="98" prd="133" pt="111" pvem="1" convergencia="21" na="6" noreg="0" coalicion="2" nulos="11" total="458" />
  <resultado seccion="0838" casilla="C1" simbolo="0" pan="111" pri="99" prd="125" pt="67" pvem="2" convergencia="33" na="5" noreg="0" coalicion="3" nulos="8" total="453" />
  <resultado seccion="0838" casilla="C2" simbolo="0" pan="87" pri="85" prd="134" pt="74" pvem="4" convergencia="30" na="13" noreg="0" coalicion="2" nulos="7" total="436" />
  <resultado seccion="0839" casilla="BA" simbolo="0" pan="96" pri="128" prd="114" pt="68" pvem="5" convergencia="3" na="5" noreg="0" coalicion="4" nulos="13" total="436" />
  <resultado seccion="0839" casilla="C1" simbolo="0" pan="80" pri="163" prd="86" pt="81" pvem="4" convergencia="18" na="6" noreg="0" coalicion="1" nulos="9" total="448" />
  <resultado seccion="0839" casilla="C2" simbolo="0" pan="88" pri="99" prd="77" pt="108" pvem="0" convergencia="5" na="6" noreg="0" coalicion="9" nulos="9" total="401" />
  <resultado seccion="0840" casilla="BA" simbolo="0" pan="51" pri="93" prd="125" pt="98" pvem="2" convergencia="11" na="2" noreg="0" coalicion="1" nulos="7" total="390" />
  <resultado seccion="0840" casilla="C1" simbolo="0" pan="56" pri="86" prd="108" pt="86" pvem="1" convergencia="9" na="6" noreg="0" coalicion="3" nulos="7" total="362" />
  <resultado seccion="0840" casilla="C2" simbolo="0" pan="53" pri="66" prd="125" pt="102" pvem="2" convergencia="8" na="3" noreg="0" coalicion="2" nulos="14" total="375" />
  <resultado seccion="0841" casilla="BA" simbolo="0" pan="89" pri="133" prd="131" pt="122" pvem="1" convergencia="1" na="7" noreg="0" coalicion="3" nulos="23" total="510" />
  <resultado seccion="0841" casilla="C1" simbolo="0" pan="139" pri="95" prd="118" pt="132" pvem="1" convergencia="6" na="10" noreg="0" coalicion="3" nulos="14" total="518" />
  <resultado seccion="0841" casilla="C2" simbolo="0" pan="156" pri="94" prd="104" pt="106" pvem="4" convergencia="4" na="12" noreg="0" coalicion="9" nulos="11" total="500" />
  <resultado seccion="0842" casilla="BA" simbolo="0" pan="121" pri="84" prd="62" pt="189" pvem="4" convergencia="11" na="3" noreg="0" coalicion="1" nulos="13" total="488" />
  <resultado seccion="0842" casilla="C1" simbolo="0" pan="136" pri="105" prd="52" pt="174" pvem="1" convergencia="18" na="0" noreg="0" coalicion="4" nulos="18" total="508" />
  <resultado seccion="0842" casilla="C2" simbolo="0" pan="115" pri="66" prd="117" pt="154" pvem="3" convergencia="14" na="1" noreg="0" coalicion="3" nulos="9" total="482" />
  <resultado seccion="0843" casilla="BA" simbolo="0" pan="103" pri="100" prd="33" pt="135" pvem="2" convergencia="5" na="14" noreg="0" coalicion="0" nulos="7" total="399" />
  <resultado seccion="0843" casilla="C1" simbolo="0" pan="86" pri="139" prd="49" pt="116" pvem="0" convergencia="4" na="14" noreg="0" coalicion="8" nulos="5" total="421" />
  <resultado seccion="0844" casilla="BA" simbolo="0" pan="121" pri="115" prd="43" pt="118" pvem="4" convergencia="12" na="7" noreg="0" coalicion="1" nulos="11" total="432" />
  <resultado seccion="0844" casilla="C1" simbolo="0" pan="102" pri="98" prd="28" pt="162" pvem="2" convergencia="19" na="9" noreg="0" coalicion="2" nulos="11" total="433" />
  <resultado seccion="0845" casilla="BA" simbolo="0" pan="109" pri="111" prd="178" pt="138" pvem="1" convergencia="8" na="23" noreg="0" coalicion="4" nulos="11" total="583" />
  <resultado seccion="0845" casilla="C1" simbolo="0" pan="94" pri="75" prd="162" pt="183" pvem="3" convergencia="13" na="21" noreg="0" coalicion="5" nulos="13" total="569" />
</detallado>