﻿<detallado nomMunicipio="CARDENAS" listanominal="157,193" pan="2,027" pri="41,879" prd="30,700" pt="2,827" pvem="734" convergencia="4,029" na="1,046" noreg="42" coalicion="406" nulos="1,737" votaciontotal="85,427">
  <resultado seccion="0046" casilla="BA" simbolo="0" pan="9" pri="186" prd="105" pt="7" pvem="5" convergencia="5" na="0" noreg="0" coalicion="2" nulos="5" total="324" />
  <resultado seccion="0046" casilla="C1" simbolo="0" pan="3" pri="190" prd="108" pt="6" pvem="4" convergencia="6" na="1" noreg="0" coalicion="0" nulos="0" total="318" />
  <resultado seccion="0047" casilla="BA" simbolo="0" pan="5" pri="192" prd="79" pt="12" pvem="2" convergencia="19" na="2" noreg="0" coalicion="3" nulos="5" total="319" />
  <resultado seccion="0047" casilla="C1" simbolo="0" pan="9" pri="169" prd="76" pt="14" pvem="3" convergencia="8" na="3" noreg="0" coalicion="0" nulos="11" total="293" />
  <resultado seccion="0047" casilla="C2" simbolo="0" pan="6" pri="187" prd="94" pt="8" pvem="7" convergencia="8" na="1" noreg="0" coalicion="4" nulos="10" total="325" />
  <resultado seccion="0047" casilla="C3" simbolo="0" pan="4" pri="191" prd="86" pt="12" pvem="4" convergencia="7" na="0" noreg="0" coalicion="0" nulos="10" total="314" />
  <resultado seccion="0047" casilla="C4" simbolo="0" pan="2" pri="174" prd="81" pt="24" pvem="4" convergencia="15" na="3" noreg="0" coalicion="1" nulos="0" total="304" />
  <resultado seccion="0047" casilla="C5" simbolo="0" pan="4" pri="182" prd="100" pt="22" pvem="5" convergencia="10" na="0" noreg="1" coalicion="1" nulos="17" total="342" />
  <resultado seccion="0047" casilla="ES" simbolo="0" pan="3" pri="119" prd="65" pt="16" pvem="4" convergencia="18" na="2" noreg="0" coalicion="2" nulos="0" total="229" />
  <resultado seccion="0048" casilla="BA" simbolo="0" pan="2" pri="152" prd="124" pt="10" pvem="5" convergencia="14" na="2" noreg="0" coalicion="0" nulos="2" total="311" />
  <resultado seccion="0048" casilla="C1" simbolo="0" pan="5" pri="124" prd="115" pt="6" pvem="5" convergencia="20" na="4" noreg="0" coalicion="2" nulos="8" total="289" />
  <resultado seccion="0049" casilla="BA" simbolo="0" pan="5" pri="103" prd="56" pt="13" pvem="2" convergencia="6" na="0" noreg="0" coalicion="0" nulos="1" total="186" />
  <resultado seccion="0049" casilla="C1" simbolo="0" pan="9" pri="87" prd="81" pt="6" pvem="1" convergencia="10" na="1" noreg="0" coalicion="0" nulos="0" total="195" />
  <resultado seccion="0050" casilla="BA" simbolo="0" pan="4" pri="103" prd="71" pt="14" pvem="5" convergencia="8" na="3" noreg="3" coalicion="3" nulos="5" total="219" />
  <resultado seccion="0050" casilla="C1" simbolo="0" pan="3" pri="85" prd="77" pt="9" pvem="3" convergencia="13" na="3" noreg="0" coalicion="0" nulos="6" total="199" />
  <resultado seccion="0050" casilla="C2" simbolo="0" pan="1" pri="109" prd="65" pt="13" pvem="1" convergencia="24" na="0" noreg="0" coalicion="0" nulos="0" total="213" />
  <resultado seccion="0051" casilla="BA" simbolo="0" pan="5" pri="157" prd="116" pt="12" pvem="6" convergencia="11" na="7" noreg="0" coalicion="0" nulos="8" total="322" />
  <resultado seccion="0051" casilla="C1" simbolo="0" pan="4" pri="155" prd="98" pt="8" pvem="3" convergencia="16" na="2" noreg="0" coalicion="0" nulos="0" total="286" />
  <resultado seccion="0052" casilla="BA" simbolo="0" pan="5" pri="179" prd="106" pt="4" pvem="10" convergencia="14" na="6" noreg="0" coalicion="185" nulos="3" total="512" />
  <resultado seccion="0052" casilla="C1" simbolo="0" pan="1" pri="192" prd="100" pt="11" pvem="10" convergencia="18" na="7" noreg="0" coalicion="5" nulos="4" total="348" />
  <resultado seccion="0053" casilla="BA" simbolo="0" pan="5" pri="158" prd="97" pt="13" pvem="4" convergencia="12" na="6" noreg="0" coalicion="6" nulos="6" total="307" />
  <resultado seccion="0053" casilla="C1" simbolo="0" pan="5" pri="130" prd="87" pt="6" pvem="5" convergencia="12" na="6" noreg="0" coalicion="4" nulos="4" total="259" />
  <resultado seccion="0053" casilla="C2" simbolo="0" pan="6" pri="144" prd="106" pt="12" pvem="5" convergencia="13" na="0" noreg="0" coalicion="3" nulos="3" total="292" />
  <resultado seccion="0054" casilla="BA" simbolo="0" pan="5" pri="146" prd="99" pt="4" pvem="8" convergencia="11" na="3" noreg="0" coalicion="3" nulos="14" total="293" />
  <resultado seccion="0054" casilla="C1" simbolo="0" pan="2" pri="126" prd="94" pt="2" pvem="8" convergencia="6" na="2" noreg="0" coalicion="1" nulos="2" total="243" />
  <resultado seccion="0055" casilla="BA" simbolo="0" pan="9" pri="142" prd="66" pt="14" pvem="5" convergencia="16" na="5" noreg="0" coalicion="0" nulos="7" total="264" />
  <resultado seccion="0055" casilla="C1" simbolo="0" pan="9" pri="150" prd="58" pt="5" pvem="2" convergencia="10" na="4" noreg="2" coalicion="2" nulos="2" total="244" />
  <resultado seccion="0055" casilla="C2" simbolo="0" pan="5" pri="150" prd="63" pt="4" pvem="2" convergencia="10" na="1" noreg="0" coalicion="0" nulos="0" total="235" />
  <resultado seccion="0055" casilla="C3" simbolo="0" pan="1" pri="159" prd="76" pt="10" pvem="5" convergencia="6" na="1" noreg="0" coalicion="0" nulos="4" total="262" />
  <resultado seccion="0056" casilla="BA" simbolo="0" pan="0" pri="120" prd="95" pt="7" pvem="5" convergencia="16" na="2" noreg="0" coalicion="0" nulos="3" total="248" />
  <resultado seccion="0056" casilla="C1" simbolo="0" pan="7" pri="139" prd="90" pt="9" pvem="4" convergencia="8" na="11" noreg="0" coalicion="2" nulos="12" total="282" />
  <resultado seccion="0057" casilla="BA" simbolo="0" pan="7" pri="162" prd="109" pt="11" pvem="1" convergencia="12" na="6" noreg="0" coalicion="0" nulos="4" total="312" />
  <resultado seccion="0058" casilla="BA" simbolo="0" pan="1" pri="129" prd="71" pt="3" pvem="1" convergencia="10" na="0" noreg="0" coalicion="0" nulos="1" total="216" />
  <resultado seccion="0058" casilla="C1" simbolo="0" pan="2" pri="107" prd="66" pt="8" pvem="3" convergencia="7" na="3" noreg="0" coalicion="0" nulos="5" total="201" />
  <resultado seccion="0059" casilla="BA" simbolo="0" pan="5" pri="140" prd="72" pt="11" pvem="1" convergencia="17" na="3" noreg="0" coalicion="0" nulos="1" total="250" />
  <resultado seccion="0059" casilla="C1" simbolo="0" pan="4" pri="109" prd="87" pt="12" pvem="1" convergencia="11" na="2" noreg="0" coalicion="0" nulos="4" total="230" />
  <resultado seccion="0060" casilla="BA" simbolo="0" pan="3" pri="115" prd="113" pt="15" pvem="4" convergencia="0" na="8" noreg="0" coalicion="0" nulos="2" total="260" />
  <resultado seccion="0060" casilla="C1" simbolo="0" pan="5" pri="113" prd="83" pt="6" pvem="2" convergencia="9" na="4" noreg="5" coalicion="0" nulos="0" total="227" />
  <resultado seccion="0061" casilla="BA" simbolo="0" pan="3" pri="96" prd="35" pt="7" pvem="0" convergencia="0" na="1" noreg="0" coalicion="0" nulos="4" total="146" />
  <resultado seccion="0061" casilla="C1" simbolo="0" pan="4" pri="93" prd="40" pt="6" pvem="3" convergencia="8" na="2" noreg="0" coalicion="2" nulos="5" total="163" />
  <resultado seccion="0062" casilla="BA" simbolo="0" pan="2" pri="115" prd="50" pt="7" pvem="4" convergencia="6" na="8" noreg="0" coalicion="0" nulos="7" total="199" />
  <resultado seccion="0062" casilla="C1" simbolo="0" pan="1" pri="97" prd="68" pt="10" pvem="2" convergencia="5" na="6" noreg="0" coalicion="1" nulos="3" total="193" />
  <resultado seccion="0063" casilla="BA" simbolo="0" pan="7" pri="144" prd="127" pt="7" pvem="4" convergencia="14" na="16" noreg="0" coalicion="1" nulos="7" total="327" />
  <resultado seccion="0063" casilla="C1" simbolo="0" pan="7" pri="159" prd="112" pt="9" pvem="7" convergencia="10" na="5" noreg="0" coalicion="1" nulos="7" total="317" />
  <resultado seccion="0063" casilla="C2" simbolo="0" pan="10" pri="131" prd="119" pt="13" pvem="1" convergencia="17" na="4" noreg="0" coalicion="0" nulos="10" total="305" />
  <resultado seccion="0064" casilla="BA" simbolo="0" pan="10" pri="177" prd="98" pt="26" pvem="7" convergencia="20" na="5" noreg="0" coalicion="1" nulos="7" total="351" />
  <resultado seccion="0064" casilla="C1" simbolo="0" pan="9" pri="194" prd="90" pt="11" pvem="5" convergencia="14" na="1" noreg="0" coalicion="1" nulos="12" total="337" />
  <resultado seccion="0065" casilla="BA" simbolo="0" pan="3" pri="148" prd="61" pt="23" pvem="0" convergencia="11" na="2" noreg="0" coalicion="2" nulos="9" total="259" />
  <resultado seccion="0065" casilla="C1" simbolo="0" pan="4" pri="138" prd="74" pt="13" pvem="4" convergencia="27" na="13" noreg="0" coalicion="2" nulos="7" total="282" />
  <resultado seccion="0066" casilla="BA" simbolo="0" pan="3" pri="106" prd="37" pt="21" pvem="2" convergencia="15" na="0" noreg="0" coalicion="1" nulos="1" total="186" />
  <resultado seccion="0066" casilla="C1" simbolo="0" pan="1" pri="124" prd="49" pt="9" pvem="1" convergencia="22" na="0" noreg="0" coalicion="0" nulos="1" total="207" />
  <resultado seccion="0067" casilla="BA" simbolo="0" pan="12" pri="188" prd="73" pt="25" pvem="4" convergencia="11" na="3" noreg="0" coalicion="1" nulos="3" total="320" />
  <resultado seccion="0068" casilla="BA" simbolo="0" pan="3" pri="100" prd="57" pt="10" pvem="2" convergencia="4" na="2" noreg="0" coalicion="0" nulos="1" total="179" />
  <resultado seccion="0068" casilla="C1" simbolo="0" pan="2" pri="110" prd="62" pt="6" pvem="2" convergencia="8" na="2" noreg="0" coalicion="2" nulos="1" total="195" />
  <resultado seccion="0069" casilla="BA" simbolo="0" pan="4" pri="167" prd="137" pt="4" pvem="14" convergencia="10" na="8" noreg="0" coalicion="0" nulos="9" total="353" />
  <resultado seccion="0070" casilla="BA" simbolo="0" pan="0" pri="128" prd="99" pt="8" pvem="5" convergencia="7" na="5" noreg="0" coalicion="2" nulos="2" total="256" />
  <resultado seccion="0070" casilla="C1" simbolo="0" pan="3" pri="134" prd="86" pt="11" pvem="5" convergencia="3" na="11" noreg="0" coalicion="0" nulos="5" total="258" />
  <resultado seccion="0070" casilla="C2" simbolo="0" pan="7" pri="141" prd="105" pt="10" pvem="1" convergencia="4" na="10" noreg="0" coalicion="2" nulos="5" total="285" />
  <resultado seccion="0071" casilla="BA" simbolo="0" pan="10" pri="189" prd="93" pt="6" pvem="6" convergencia="9" na="3" noreg="0" coalicion="0" nulos="9" total="325" />
  <resultado seccion="0071" casilla="C1" simbolo="0" pan="3" pri="162" prd="87" pt="3" pvem="5" convergencia="9" na="5" noreg="0" coalicion="0" nulos="7" total="281" />
  <resultado seccion="0071" casilla="C2" simbolo="0" pan="7" pri="170" prd="97" pt="3" pvem="4" convergencia="8" na="2" noreg="0" coalicion="0" nulos="6" total="297" />
  <resultado seccion="0071" casilla="C3" simbolo="0" pan="5" pri="209" prd="83" pt="2" pvem="4" convergencia="12" na="1" noreg="0" coalicion="0" nulos="9" total="325" />
  <resultado seccion="0071" casilla="C4" simbolo="0" pan="11" pri="185" prd="86" pt="7" pvem="6" convergencia="14" na="1" noreg="0" coalicion="4" nulos="8" total="322" />
  <resultado seccion="0072" casilla="BA" simbolo="0" pan="10" pri="142" prd="79" pt="7" pvem="0" convergencia="9" na="10" noreg="1" coalicion="2" nulos="7" total="267" />
  <resultado seccion="0072" casilla="C1" simbolo="0" pan="10" pri="181" prd="82" pt="10" pvem="9" convergencia="4" na="3" noreg="0" coalicion="6" nulos="6" total="311" />
  <resultado seccion="0072" casilla="ES" simbolo="0" pan="12" pri="263" prd="107" pt="11" pvem="7" convergencia="9" na="5" noreg="0" coalicion="4" nulos="5" total="423" />
  <resultado seccion="0073" casilla="BA" simbolo="0" pan="6" pri="109" prd="55" pt="3" pvem="2" convergencia="17" na="3" noreg="1" coalicion="0" nulos="6" total="202" />
  <resultado seccion="0073" casilla="C1" simbolo="0" pan="6" pri="136" prd="52" pt="4" pvem="0" convergencia="20" na="6" noreg="0" coalicion="0" nulos="2" total="226" />
  <resultado seccion="0074" casilla="BA" simbolo="2" pan="4" pri="145" prd="44" pt="6" pvem="0" convergencia="18" na="8" noreg="0" coalicion="2" nulos="0" total="227" />
  <resultado seccion="0074" casilla="C1" simbolo="0" pan="5" pri="107" prd="46" pt="7" pvem="1" convergencia="12" na="1" noreg="0" coalicion="1" nulos="4" total="184" />
  <resultado seccion="0075" casilla="BA" simbolo="0" pan="3" pri="203" prd="93" pt="2" pvem="4" convergencia="38" na="1" noreg="0" coalicion="0" nulos="0" total="344" />
  <resultado seccion="0075" casilla="C1" simbolo="0" pan="9" pri="176" prd="110" pt="9" pvem="6" convergencia="16" na="1" noreg="0" coalicion="0" nulos="6" total="333" />
  <resultado seccion="0076" casilla="BA" simbolo="0" pan="5" pri="119" prd="56" pt="4" pvem="6" convergencia="8" na="3" noreg="0" coalicion="1" nulos="5" total="207" />
  <resultado seccion="0076" casilla="C1" simbolo="0" pan="1" pri="107" prd="69" pt="5" pvem="4" convergencia="25" na="4" noreg="0" coalicion="2" nulos="5" total="222" />
  <resultado seccion="0077" casilla="BA" simbolo="0" pan="5" pri="133" prd="97" pt="10" pvem="4" convergencia="12" na="6" noreg="0" coalicion="2" nulos="5" total="274" />
  <resultado seccion="0077" casilla="C1" simbolo="0" pan="2" pri="165" prd="63" pt="1" pvem="3" convergencia="24" na="4" noreg="0" coalicion="3" nulos="4" total="269" />
  <resultado seccion="0078" casilla="BA" simbolo="0" pan="6" pri="151" prd="95" pt="7" pvem="5" convergencia="13" na="2" noreg="0" coalicion="3" nulos="5" total="287" />
  <resultado seccion="0078" casilla="C1" simbolo="0" pan="5" pri="142" prd="91" pt="3" pvem="2" convergencia="19" na="6" noreg="2" coalicion="3" nulos="3" total="276" />
  <resultado seccion="0079" casilla="BA" simbolo="0" pan="5" pri="140" prd="103" pt="6" pvem="5" convergencia="21" na="2" noreg="0" coalicion="0" nulos="4" total="286" />
  <resultado seccion="0079" casilla="C1" simbolo="0" pan="10" pri="157" prd="100" pt="5" pvem="4" convergencia="16" na="0" noreg="0" coalicion="0" nulos="6" total="298" />
  <resultado seccion="0080" casilla="BA" simbolo="0" pan="1" pri="92" prd="54" pt="1" pvem="0" convergencia="4" na="3" noreg="0" coalicion="1" nulos="5" total="161" />
  <resultado seccion="0080" casilla="C1" simbolo="0" pan="3" pri="102" prd="49" pt="3" pvem="1" convergencia="3" na="3" noreg="0" coalicion="0" nulos="6" total="170" />
  <resultado seccion="0081" casilla="BA" simbolo="0" pan="6" pri="175" prd="80" pt="8" pvem="3" convergencia="28" na="2" noreg="0" coalicion="1" nulos="4" total="307" />
  <resultado seccion="0081" casilla="C1" simbolo="0" pan="4" pri="166" prd="91" pt="7" pvem="3" convergencia="16" na="3" noreg="1" coalicion="0" nulos="9" total="300" />
  <resultado seccion="0081" casilla="C2" simbolo="0" pan="5" pri="124" prd="100" pt="2" pvem="2" convergencia="33" na="5" noreg="0" coalicion="1" nulos="3" total="275" />
  <resultado seccion="0082" casilla="BA" simbolo="0" pan="5" pri="169" prd="81" pt="4" pvem="1" convergencia="11" na="2" noreg="0" coalicion="1" nulos="6" total="280" />
  <resultado seccion="0082" casilla="C1" simbolo="0" pan="3" pri="184" prd="82" pt="10" pvem="2" convergencia="11" na="4" noreg="0" coalicion="1" nulos="9" total="306" />
  <resultado seccion="0083" casilla="BA" simbolo="0" pan="3" pri="197" prd="132" pt="9" pvem="1" convergencia="10" na="13" noreg="1" coalicion="5" nulos="8" total="379" />
  <resultado seccion="0083" casilla="C1" simbolo="0" pan="4" pri="213" prd="136" pt="5" pvem="1" convergencia="13" na="11" noreg="0" coalicion="2" nulos="2" total="387" />
  <resultado seccion="0084" casilla="BA" simbolo="0" pan="8" pri="188" prd="82" pt="2" pvem="5" convergencia="19" na="10" noreg="0" coalicion="3" nulos="7" total="324" />
  <resultado seccion="0084" casilla="C1" simbolo="0" pan="11" pri="195" prd="111" pt="6" pvem="3" convergencia="11" na="5" noreg="0" coalicion="1" nulos="6" total="349" />
  <resultado seccion="0085" casilla="BA" simbolo="0" pan="5" pri="192" prd="107" pt="1" pvem="6" convergencia="18" na="3" noreg="0" coalicion="1" nulos="5" total="338" />
  <resultado seccion="0085" casilla="C1" simbolo="0" pan="3" pri="208" prd="87" pt="7" pvem="2" convergencia="10" na="4" noreg="0" coalicion="4" nulos="4" total="329" />
  <resultado seccion="0086" casilla="BA" simbolo="0" pan="7" pri="157" prd="80" pt="5" pvem="4" convergencia="11" na="4" noreg="0" coalicion="2" nulos="6" total="276" />
  <resultado seccion="0086" casilla="C1" simbolo="0" pan="3" pri="174" prd="76" pt="6" pvem="3" convergencia="6" na="4" noreg="0" coalicion="0" nulos="8" total="280" />
  <resultado seccion="0086" casilla="C2" simbolo="0" pan="9" pri="153" prd="86" pt="9" pvem="3" convergencia="22" na="3" noreg="0" coalicion="2" nulos="3" total="290" />
  <resultado seccion="0086" casilla="C3" simbolo="0" pan="7" pri="146" prd="93" pt="6" pvem="1" convergencia="19" na="1" noreg="0" coalicion="2" nulos="1" total="276" />
  <resultado seccion="0086" casilla="C4" simbolo="0" pan="4" pri="170" prd="81" pt="8" pvem="1" convergencia="10" na="2" noreg="0" coalicion="0" nulos="6" total="282" />
  <resultado seccion="0087" casilla="BA" simbolo="0" pan="8" pri="132" prd="157" pt="10" pvem="5" convergencia="23" na="0" noreg="0" coalicion="0" nulos="6" total="341" />
  <resultado seccion="0087" casilla="C1" simbolo="0" pan="5" pri="169" prd="67" pt="6" pvem="4" convergencia="29" na="3" noreg="1" coalicion="2" nulos="6" total="292" />
  <resultado seccion="0087" casilla="C2" simbolo="0" pan="6" pri="137" prd="112" pt="4" pvem="3" convergencia="23" na="1" noreg="0" coalicion="0" nulos="6" total="292" />
  <resultado seccion="0088" casilla="BA" simbolo="0" pan="5" pri="175" prd="105" pt="8" pvem="4" convergencia="14" na="12" noreg="0" coalicion="3" nulos="4" total="330" />
  <resultado seccion="0088" casilla="C1" simbolo="0" pan="6" pri="135" prd="106" pt="8" pvem="4" convergencia="5" na="12" noreg="0" coalicion="3" nulos="3" total="282" />
  <resultado seccion="0088" casilla="C2" simbolo="0" pan="4" pri="146" prd="105" pt="5" pvem="6" convergencia="13" na="11" noreg="0" coalicion="1" nulos="3" total="294" />
  <resultado seccion="0089" casilla="BA" simbolo="0" pan="1" pri="135" prd="102" pt="5" pvem="5" convergencia="27" na="1" noreg="0" coalicion="0" nulos="0" total="276" />
  <resultado seccion="0089" casilla="C1" simbolo="0" pan="2" pri="127" prd="95" pt="6" pvem="1" convergencia="18" na="0" noreg="1" coalicion="0" nulos="10" total="260" />
  <resultado seccion="0089" casilla="C2" simbolo="0" pan="3" pri="129" prd="106" pt="7" pvem="1" convergencia="22" na="1" noreg="0" coalicion="1" nulos="11" total="281" />
  <resultado seccion="0090" casilla="BA" simbolo="0" pan="5" pri="119" prd="173" pt="18" pvem="1" convergencia="40" na="0" noreg="0" coalicion="0" nulos="6" total="362" />
  <resultado seccion="0090" casilla="C1" simbolo="0" pan="3" pri="105" prd="153" pt="32" pvem="1" convergencia="27" na="1" noreg="0" coalicion="0" nulos="11" total="333" />
  <resultado seccion="0091" casilla="BA" simbolo="0" pan="12" pri="190" prd="158" pt="6" pvem="1" convergencia="1" na="0" noreg="0" coalicion="0" nulos="7" total="375" />
  <resultado seccion="0091" casilla="C1" simbolo="0" pan="22" pri="224" prd="115" pt="1" pvem="0" convergencia="6" na="0" noreg="0" coalicion="2" nulos="8" total="378" />
  <resultado seccion="0092" casilla="BA" simbolo="0" pan="2" pri="122" prd="143" pt="24" pvem="0" convergencia="26" na="3" noreg="0" coalicion="1" nulos="9" total="330" />
  <resultado seccion="0092" casilla="C1" simbolo="0" pan="3" pri="116" prd="123" pt="28" pvem="0" convergencia="24" na="6" noreg="0" coalicion="1" nulos="4" total="305" />
  <resultado seccion="0092" casilla="C2" simbolo="0" pan="6" pri="145" prd="115" pt="20" pvem="4" convergencia="26" na="3" noreg="0" coalicion="0" nulos="4" total="323" />
  <resultado seccion="0093" casilla="BA" simbolo="0" pan="15" pri="157" prd="145" pt="43" pvem="4" convergencia="5" na="7" noreg="0" coalicion="0" nulos="3" total="379" />
  <resultado seccion="0093" casilla="C1" simbolo="0" pan="8" pri="193" prd="109" pt="36" pvem="3" convergencia="15" na="9" noreg="0" coalicion="0" nulos="3" total="376" />
  <resultado seccion="0094" casilla="BA" simbolo="0" pan="4" pri="148" prd="85" pt="32" pvem="2" convergencia="11" na="4" noreg="0" coalicion="0" nulos="6" total="292" />
  <resultado seccion="0094" casilla="C1" simbolo="0" pan="3" pri="124" prd="84" pt="34" pvem="1" convergencia="6" na="5" noreg="0" coalicion="0" nulos="5" total="262" />
  <resultado seccion="0095" casilla="BA" simbolo="0" pan="5" pri="153" prd="163" pt="65" pvem="1" convergencia="15" na="2" noreg="0" coalicion="0" nulos="4" total="408" />
  <resultado seccion="0095" casilla="C1" simbolo="0" pan="10" pri="142" prd="136" pt="54" pvem="3" convergencia="20" na="6" noreg="0" coalicion="0" nulos="7" total="378" />
  <resultado seccion="0096" casilla="BA" simbolo="0" pan="33" pri="194" prd="118" pt="14" pvem="1" convergencia="18" na="0" noreg="0" coalicion="2" nulos="20" total="400" />
  <resultado seccion="0097" casilla="BA" simbolo="0" pan="2" pri="141" prd="93" pt="0" pvem="0" convergencia="14" na="1" noreg="0" coalicion="0" nulos="5" total="256" />
  <resultado seccion="0097" casilla="C1" simbolo="0" pan="7" pri="146" prd="95" pt="5" pvem="0" convergencia="12" na="0" noreg="0" coalicion="0" nulos="4" total="269" />
  <resultado seccion="0098" casilla="BA" simbolo="0" pan="12" pri="200" prd="140" pt="2" pvem="8" convergencia="14" na="3" noreg="7" coalicion="0" nulos="7" total="393" />
  <resultado seccion="0098" casilla="C1" simbolo="0" pan="13" pri="181" prd="163" pt="4" pvem="3" convergencia="16" na="1" noreg="0" coalicion="0" nulos="0" total="381" />
  <resultado seccion="0099" casilla="BA" simbolo="0" pan="19" pri="418" prd="233" pt="7" pvem="8" convergencia="4" na="0" noreg="0" coalicion="1" nulos="18" total="708" />
  <resultado seccion="0099" casilla="C1" simbolo="0" pan="13" pri="199" prd="125" pt="3" pvem="2" convergencia="3" na="1" noreg="0" coalicion="0" nulos="10" total="356" />
  <resultado seccion="0100" casilla="BA" simbolo="0" pan="21" pri="187" prd="69" pt="4" pvem="3" convergencia="7" na="2" noreg="0" coalicion="1" nulos="10" total="304" />
  <resultado seccion="0100" casilla="C1" simbolo="0" pan="31" pri="157" prd="105" pt="10" pvem="3" convergencia="16" na="1" noreg="0" coalicion="0" nulos="8" total="331" />
  <resultado seccion="0100" casilla="C2" simbolo="0" pan="19" pri="224" prd="96" pt="6" pvem="2" convergencia="5" na="2" noreg="0" coalicion="0" nulos="4" total="358" />
  <resultado seccion="0101" casilla="BA" simbolo="0" pan="3" pri="88" prd="129" pt="30" pvem="3" convergencia="2" na="2" noreg="0" coalicion="0" nulos="14" total="271" />
  <resultado seccion="0101" casilla="C1" simbolo="0" pan="7" pri="96" prd="104" pt="27" pvem="4" convergencia="39" na="3" noreg="0" coalicion="1" nulos="4" total="285" />
  <resultado seccion="0102" casilla="BA" simbolo="0" pan="0" pri="47" prd="94" pt="23" pvem="0" convergencia="57" na="2" noreg="0" coalicion="0" nulos="9" total="232" />
  <resultado seccion="0102" casilla="C1" simbolo="0" pan="1" pri="58" prd="107" pt="17" pvem="0" convergencia="47" na="2" noreg="0" coalicion="1" nulos="2" total="235" />
  <resultado seccion="0103" casilla="BA" simbolo="0" pan="46" pri="204" prd="103" pt="35" pvem="2" convergencia="5" na="4" noreg="0" coalicion="1" nulos="0" total="400" />
  <resultado seccion="0103" casilla="C1" simbolo="0" pan="52" pri="143" prd="115" pt="33" pvem="2" convergencia="18" na="2" noreg="1" coalicion="1" nulos="6" total="373" />
  <resultado seccion="0104" casilla="BA" simbolo="0" pan="5" pri="91" prd="101" pt="4" pvem="1" convergencia="42" na="3" noreg="0" coalicion="1" nulos="1" total="249" />
  <resultado seccion="0104" casilla="C1" simbolo="0" pan="11" pri="138" prd="73" pt="3" pvem="1" convergencia="23" na="0" noreg="0" coalicion="1" nulos="8" total="258" />
  <resultado seccion="0105" casilla="BA" simbolo="0" pan="12" pri="201" prd="109" pt="1" pvem="2" convergencia="6" na="5" noreg="0" coalicion="0" nulos="12" total="348" />
  <resultado seccion="0105" casilla="C1" simbolo="0" pan="15" pri="226" prd="109" pt="1" pvem="2" convergencia="7" na="0" noreg="0" coalicion="0" nulos="5" total="365" />
  <resultado seccion="0106" casilla="BA" simbolo="0" pan="10" pri="113" prd="112" pt="6" pvem="2" convergencia="1" na="1" noreg="0" coalicion="0" nulos="3" total="248" />
  <resultado seccion="0106" casilla="C1" simbolo="0" pan="7" pri="73" prd="173" pt="5" pvem="1" convergencia="0" na="0" noreg="0" coalicion="0" nulos="4" total="263" />
  <resultado seccion="0106" casilla="EX" simbolo="0" pan="0" pri="51" prd="49" pt="1" pvem="1" convergencia="2" na="8" noreg="0" coalicion="0" nulos="2" total="114" />
  <resultado seccion="0107" casilla="BA" simbolo="0" pan="6" pri="127" prd="102" pt="2" pvem="3" convergencia="54" na="9" noreg="0" coalicion="2" nulos="7" total="312" />
  <resultado seccion="0107" casilla="C1" simbolo="0" pan="6" pri="126" prd="113" pt="4" pvem="9" convergencia="38" na="10" noreg="0" coalicion="0" nulos="10" total="316" />
  <resultado seccion="0108" casilla="BA" simbolo="0" pan="13" pri="165" prd="148" pt="20" pvem="1" convergencia="0" na="2" noreg="0" coalicion="0" nulos="0" total="349" />
  <resultado seccion="0109" casilla="BA" simbolo="0" pan="3" pri="99" prd="160" pt="2" pvem="0" convergencia="8" na="1" noreg="0" coalicion="0" nulos="14" total="287" />
  <resultado seccion="0109" casilla="C1" simbolo="0" pan="3" pri="105" prd="148" pt="5" pvem="1" convergencia="15" na="0" noreg="0" coalicion="0" nulos="9" total="286" />
  <resultado seccion="0110" casilla="BA" simbolo="0" pan="5" pri="168" prd="156" pt="11" pvem="1" convergencia="14" na="4" noreg="0" coalicion="0" nulos="11" total="370" />
  <resultado seccion="0110" casilla="C1" simbolo="0" pan="13" pri="179" prd="141" pt="9" pvem="1" convergencia="21" na="4" noreg="0" coalicion="0" nulos="15" total="383" />
  <resultado seccion="0110" casilla="C2" simbolo="0" pan="6" pri="204" prd="138" pt="11" pvem="2" convergencia="22" na="0" noreg="0" coalicion="0" nulos="12" total="395" />
  <resultado seccion="0111" casilla="BA" simbolo="0" pan="1" pri="145" prd="271" pt="34" pvem="1" convergencia="9" na="0" noreg="0" coalicion="0" nulos="2" total="463" />
  <resultado seccion="0112" casilla="BA" simbolo="0" pan="0" pri="74" prd="96" pt="52" pvem="1" convergencia="56" na="8" noreg="0" coalicion="0" nulos="2" total="289" />
  <resultado seccion="0112" casilla="C1" simbolo="0" pan="8" pri="82" prd="77" pt="46" pvem="0" convergencia="59" na="3" noreg="0" coalicion="0" nulos="6" total="281" />
  <resultado seccion="0113" casilla="BA" simbolo="0" pan="1" pri="113" prd="104" pt="6" pvem="2" convergencia="41" na="11" noreg="0" coalicion="0" nulos="4" total="282" />
  <resultado seccion="0113" casilla="C1" simbolo="0" pan="1" pri="111" prd="89" pt="7" pvem="1" convergencia="42" na="14" noreg="0" coalicion="1" nulos="13" total="279" />
  <resultado seccion="0114" casilla="BA" simbolo="0" pan="4" pri="129" prd="122" pt="3" pvem="1" convergencia="56" na="19" noreg="0" coalicion="0" nulos="1" total="335" />
  <resultado seccion="0114" casilla="C1" simbolo="0" pan="5" pri="133" prd="108" pt="5" pvem="1" convergencia="46" na="14" noreg="0" coalicion="0" nulos="3" total="315" />
  <resultado seccion="0115" casilla="BA" simbolo="0" pan="2" pri="77" prd="79" pt="3" pvem="1" convergencia="43" na="4" noreg="0" coalicion="0" nulos="10" total="219" />
  <resultado seccion="0115" casilla="C1" simbolo="0" pan="0" pri="88" prd="78" pt="4" pvem="0" convergencia="40" na="5" noreg="0" coalicion="1" nulos="4" total="220" />
  <resultado seccion="0116" casilla="BA" simbolo="0" pan="2" pri="111" prd="69" pt="6" pvem="1" convergencia="35" na="12" noreg="0" coalicion="1" nulos="7" total="244" />
  <resultado seccion="0116" casilla="C1" simbolo="0" pan="1" pri="95" prd="62" pt="1" pvem="2" convergencia="33" na="22" noreg="0" coalicion="2" nulos="10" total="228" />
  <resultado seccion="0117" casilla="BA" simbolo="0" pan="0" pri="154" prd="108" pt="12" pvem="0" convergencia="1" na="2" noreg="0" coalicion="1" nulos="3" total="281" />
  <resultado seccion="0118" casilla="BA" simbolo="0" pan="3" pri="82" prd="122" pt="23" pvem="2" convergencia="14" na="5" noreg="0" coalicion="0" nulos="0" total="251" />
  <resultado seccion="0118" casilla="C1" simbolo="0" pan="5" pri="115" prd="105" pt="18" pvem="0" convergencia="9" na="6" noreg="0" coalicion="0" nulos="0" total="258" />
  <resultado seccion="0119" casilla="BA" simbolo="0" pan="3" pri="106" prd="146" pt="40" pvem="5" convergencia="6" na="2" noreg="6" coalicion="0" nulos="6" total="320" />
  <resultado seccion="0119" casilla="C1" simbolo="0" pan="6" pri="109" prd="150" pt="43" pvem="2" convergencia="11" na="0" noreg="0" coalicion="0" nulos="0" total="321" />
  <resultado seccion="0120" casilla="BA" simbolo="0" pan="0" pri="147" prd="208" pt="6" pvem="1" convergencia="6" na="12" noreg="0" coalicion="0" nulos="0" total="380" />
  <resultado seccion="0120" casilla="C1" simbolo="0" pan="4" pri="164" prd="168" pt="4" pvem="4" convergencia="14" na="1" noreg="0" coalicion="1" nulos="15" total="375" />
  <resultado seccion="0121" casilla="BA" simbolo="0" pan="3" pri="160" prd="177" pt="11" pvem="3" convergencia="16" na="12" noreg="0" coalicion="3" nulos="15" total="400" />
  <resultado seccion="0121" casilla="C1" simbolo="0" pan="3" pri="204" prd="157" pt="10" pvem="0" convergencia="19" na="10" noreg="0" coalicion="0" nulos="15" total="418" />
  <resultado seccion="0122" casilla="BA" simbolo="0" pan="1" pri="170" prd="171" pt="0" pvem="0" convergencia="2" na="1" noreg="0" coalicion="0" nulos="0" total="345" />
  <resultado seccion="0122" casilla="C1" simbolo="0" pan="3" pri="158" prd="155" pt="1" pvem="1" convergencia="3" na="1" noreg="0" coalicion="0" nulos="0" total="322" />
  <resultado seccion="0122" casilla="C2" simbolo="0" pan="2" pri="167" prd="190" pt="1" pvem="0" convergencia="0" na="0" noreg="0" coalicion="0" nulos="4" total="364" />
  <resultado seccion="0123" casilla="BA" simbolo="0" pan="1" pri="188" prd="148" pt="1" pvem="0" convergencia="3" na="2" noreg="0" coalicion="1" nulos="3" total="347" />
  <resultado seccion="0123" casilla="C1" simbolo="0" pan="0" pri="154" prd="153" pt="2" pvem="1" convergencia="2" na="4" noreg="0" coalicion="0" nulos="6" total="322" />
  <resultado seccion="0124" casilla="BA" simbolo="0" pan="4" pri="142" prd="134" pt="0" pvem="0" convergencia="13" na="0" noreg="0" coalicion="0" nulos="5" total="298" />
  <resultado seccion="0124" casilla="C1" simbolo="0" pan="4" pri="158" prd="103" pt="1" pvem="0" convergencia="6" na="1" noreg="0" coalicion="0" nulos="0" total="273" />
  <resultado seccion="0125" casilla="BA" simbolo="0" pan="0" pri="258" prd="235" pt="3" pvem="2" convergencia="7" na="4" noreg="0" coalicion="1" nulos="10" total="520" />
  <resultado seccion="0125" casilla="C1" simbolo="0" pan="1" pri="266" prd="237" pt="3" pvem="0" convergencia="0" na="1" noreg="0" coalicion="0" nulos="7" total="515" />
  <resultado seccion="0126" casilla="BA" simbolo="0" pan="2" pri="143" prd="103" pt="5" pvem="1" convergencia="1" na="1" noreg="0" coalicion="0" nulos="5" total="261" />
  <resultado seccion="0126" casilla="C1" simbolo="0" pan="0" pri="248" prd="215" pt="7" pvem="2" convergencia="4" na="2" noreg="0" coalicion="0" nulos="20" total="498" />
  <resultado seccion="0127" casilla="BA" simbolo="0" pan="2" pri="140" prd="131" pt="12" pvem="9" convergencia="11" na="4" noreg="0" coalicion="1" nulos="3" total="313" />
  <resultado seccion="0127" casilla="C1" simbolo="0" pan="3" pri="120" prd="155" pt="11" pvem="3" convergencia="9" na="6" noreg="0" coalicion="2" nulos="4" total="313" />
  <resultado seccion="0128" casilla="BA" simbolo="0" pan="2" pri="154" prd="164" pt="12" pvem="6" convergencia="2" na="7" noreg="0" coalicion="0" nulos="0" total="347" />
  <resultado seccion="0128" casilla="C1" simbolo="0" pan="5" pri="144" prd="135" pt="12" pvem="10" convergencia="4" na="10" noreg="0" coalicion="0" nulos="0" total="320" />
  <resultado seccion="0129" casilla="BA" simbolo="0" pan="16" pri="216" prd="132" pt="15" pvem="1" convergencia="29" na="4" noreg="1" coalicion="1" nulos="14" total="429" />
  <resultado seccion="0129" casilla="C1" simbolo="0" pan="20" pri="151" prd="188" pt="20" pvem="2" convergencia="30" na="12" noreg="0" coalicion="0" nulos="14" total="437" />
  <resultado seccion="0130" casilla="BA" simbolo="0" pan="10" pri="207" prd="104" pt="5" pvem="1" convergencia="15" na="1" noreg="0" coalicion="1" nulos="12" total="356" />
  <resultado seccion="0130" casilla="C1" simbolo="0" pan="6" pri="187" prd="114" pt="6" pvem="3" convergencia="17" na="2" noreg="0" coalicion="0" nulos="12" total="347" />
  <resultado seccion="0130" casilla="C2" simbolo="0" pan="74" pri="220" prd="74" pt="5" pvem="6" convergencia="10" na="1" noreg="0" coalicion="0" nulos="12" total="402" />
  <resultado seccion="0131" casilla="BA" simbolo="0" pan="3" pri="191" prd="169" pt="6" pvem="0" convergencia="0" na="0" noreg="0" coalicion="0" nulos="9" total="378" />
  <resultado seccion="0131" casilla="C1" simbolo="0" pan="6" pri="176" prd="132" pt="5" pvem="0" convergencia="12" na="3" noreg="0" coalicion="0" nulos="9" total="343" />
  <resultado seccion="0132" casilla="BA" simbolo="0" pan="54" pri="198" prd="255" pt="0" pvem="2" convergencia="0" na="1" noreg="0" coalicion="0" nulos="4" total="514" />
  <resultado seccion="0132" casilla="C1" simbolo="0" pan="24" pri="202" prd="300" pt="2" pvem="0" convergencia="2" na="0" noreg="0" coalicion="1" nulos="9" total="540" />
  <resultado seccion="0133" casilla="BA" simbolo="0" pan="16" pri="204" prd="188" pt="1" pvem="1" convergencia="3" na="2" noreg="0" coalicion="0" nulos="2" total="417" />
  <resultado seccion="0133" casilla="C1" simbolo="0" pan="16" pri="193" prd="191" pt="0" pvem="0" convergencia="8" na="3" noreg="0" coalicion="0" nulos="4" total="415" />
  <resultado seccion="0134" casilla="BA" simbolo="0" pan="42" pri="141" prd="80" pt="8" pvem="1" convergencia="4" na="3" noreg="0" coalicion="4" nulos="11" total="294" />
  <resultado seccion="0134" casilla="C1" simbolo="0" pan="43" pri="180" prd="63" pt="8" pvem="0" convergencia="4" na="9" noreg="0" coalicion="2" nulos="13" total="322" />
  <resultado seccion="0134" casilla="C2" simbolo="0" pan="30" pri="152" prd="91" pt="8" pvem="1" convergencia="7" na="5" noreg="0" coalicion="0" nulos="10" total="304" />
  <resultado seccion="0135" casilla="BA" simbolo="0" pan="1" pri="145" prd="117" pt="7" pvem="1" convergencia="16" na="4" noreg="0" coalicion="0" nulos="5" total="296" />
  <resultado seccion="0136" casilla="BA" simbolo="0" pan="3" pri="190" prd="61" pt="3" pvem="3" convergencia="2" na="3" noreg="0" coalicion="0" nulos="10" total="275" />
  <resultado seccion="0136" casilla="C1" simbolo="0" pan="8" pri="194" prd="61" pt="1" pvem="1" convergencia="3" na="0" noreg="0" coalicion="0" nulos="14" total="282" />
  <resultado seccion="0137" casilla="BA" simbolo="0" pan="5" pri="138" prd="102" pt="10" pvem="2" convergencia="62" na="4" noreg="0" coalicion="0" nulos="0" total="323" />
  <resultado seccion="0137" casilla="C1" simbolo="0" pan="5" pri="170" prd="73" pt="8" pvem="1" convergencia="46" na="3" noreg="0" coalicion="1" nulos="12" total="319" />
  <resultado seccion="0138" casilla="BA" simbolo="0" pan="7" pri="208" prd="119" pt="6" pvem="5" convergencia="39" na="3" noreg="0" coalicion="0" nulos="8" total="395" />
  <resultado seccion="0138" casilla="C1" simbolo="0" pan="5" pri="204" prd="146" pt="2" pvem="3" convergencia="20" na="0" noreg="0" coalicion="1" nulos="9" total="390" />
  <resultado seccion="0139" casilla="BA" simbolo="0" pan="7" pri="165" prd="190" pt="20" pvem="6" convergencia="8" na="0" noreg="0" coalicion="1" nulos="12" total="409" />
  <resultado seccion="0139" casilla="C1" simbolo="0" pan="10" pri="195" prd="127" pt="41" pvem="0" convergencia="14" na="1" noreg="0" coalicion="0" nulos="0" total="388" />
  <resultado seccion="0140" casilla="BA" simbolo="0" pan="0" pri="92" prd="84" pt="8" pvem="4" convergencia="12" na="2" noreg="0" coalicion="1" nulos="7" total="210" />
  <resultado seccion="0140" casilla="C1" simbolo="0" pan="2" pri="78" prd="140" pt="9" pvem="1" convergencia="8" na="0" noreg="0" coalicion="0" nulos="14" total="252" />
  <resultado seccion="0141" casilla="BA" simbolo="0" pan="25" pri="127" prd="121" pt="1" pvem="2" convergencia="7" na="0" noreg="0" coalicion="0" nulos="8" total="291" />
  <resultado seccion="0141" casilla="C1" simbolo="0" pan="21" pri="127" prd="112" pt="1" pvem="3" convergencia="3" na="1" noreg="0" coalicion="0" nulos="7" total="275" />
  <resultado seccion="0142" casilla="BA" simbolo="0" pan="13" pri="109" prd="146" pt="6" pvem="1" convergencia="5" na="2" noreg="1" coalicion="2" nulos="1" total="286" />
  <resultado seccion="0142" casilla="C1" simbolo="0" pan="14" pri="132" prd="94" pt="4" pvem="4" convergencia="7" na="3" noreg="0" coalicion="1" nulos="8" total="267" />
  <resultado seccion="0143" casilla="BA" simbolo="0" pan="10" pri="144" prd="131" pt="123" pvem="1" convergencia="8" na="7" noreg="0" coalicion="0" nulos="10" total="434" />
  <resultado seccion="0143" casilla="C1" simbolo="0" pan="10" pri="176" prd="142" pt="123" pvem="1" convergencia="7" na="6" noreg="0" coalicion="0" nulos="11" total="476" />
  <resultado seccion="0144" casilla="BA" simbolo="0" pan="31" pri="183" prd="124" pt="16" pvem="4" convergencia="4" na="4" noreg="0" coalicion="5" nulos="13" total="384" />
  <resultado seccion="0144" casilla="C1" simbolo="0" pan="25" pri="198" prd="138" pt="19" pvem="2" convergencia="4" na="2" noreg="0" coalicion="3" nulos="7" total="398" />
  <resultado seccion="0144" casilla="C2" simbolo="0" pan="23" pri="182" prd="150" pt="19" pvem="3" convergencia="3" na="3" noreg="0" coalicion="6" nulos="5" total="394" />
  <resultado seccion="0145" casilla="BA" simbolo="0" pan="1" pri="181" prd="122" pt="6" pvem="6" convergencia="53" na="0" noreg="0" coalicion="0" nulos="7" total="376" />
  <resultado seccion="0145" casilla="C1" simbolo="0" pan="6" pri="148" prd="133" pt="13" pvem="2" convergencia="41" na="4" noreg="0" coalicion="0" nulos="6" total="353" />
  <resultado seccion="0146" casilla="BA" simbolo="0" pan="4" pri="160" prd="113" pt="9" pvem="0" convergencia="18" na="0" noreg="0" coalicion="0" nulos="0" total="304" />
  <resultado seccion="0146" casilla="C1" simbolo="0" pan="4" pri="174" prd="96" pt="4" pvem="1" convergencia="7" na="1" noreg="0" coalicion="2" nulos="8" total="297" />
  <resultado seccion="0146" casilla="C2" simbolo="2" pan="4" pri="177" prd="107" pt="1" pvem="5" convergencia="9" na="0" noreg="1" coalicion="0" nulos="6" total="310" />
  <resultado seccion="0147" casilla="BA" simbolo="0" pan="2" pri="176" prd="155" pt="5" pvem="1" convergencia="17" na="7" noreg="0" coalicion="1" nulos="4" total="368" />
  <resultado seccion="0147" casilla="C1" simbolo="0" pan="2" pri="197" prd="148" pt="5" pvem="2" convergencia="12" na="4" noreg="0" coalicion="1" nulos="10" total="381" />
  <resultado seccion="0148" casilla="BA" simbolo="0" pan="8" pri="166" prd="103" pt="5" pvem="1" convergencia="34" na="12" noreg="0" coalicion="0" nulos="6" total="335" />
  <resultado seccion="0148" casilla="C1" simbolo="0" pan="6" pri="186" prd="108" pt="8" pvem="3" convergencia="20" na="6" noreg="0" coalicion="1" nulos="5" total="343" />
  <resultado seccion="0148" casilla="C2" simbolo="0" pan="8" pri="197" prd="130" pt="12" pvem="2" convergencia="39" na="3" noreg="0" coalicion="0" nulos="0" total="391" />
  <resultado seccion="0149" casilla="BA" simbolo="0" pan="9" pri="139" prd="140" pt="5" pvem="4" convergencia="18" na="4" noreg="0" coalicion="2" nulos="9" total="330" />
  <resultado seccion="0149" casilla="C1" simbolo="0" pan="7" pri="155" prd="130" pt="7" pvem="2" convergencia="20" na="4" noreg="0" coalicion="0" nulos="7" total="332" />
  <resultado seccion="0150" casilla="BA" simbolo="0" pan="6" pri="115" prd="75" pt="5" pvem="1" convergencia="7" na="8" noreg="1" coalicion="1" nulos="22" total="241" />
  <resultado seccion="0150" casilla="C1" simbolo="0" pan="9" pri="109" prd="101" pt="3" pvem="1" convergencia="11" na="9" noreg="1" coalicion="0" nulos="13" total="257" />
  <resultado seccion="0151" casilla="BA" simbolo="0" pan="3" pri="172" prd="110" pt="7" pvem="1" convergencia="12" na="1" noreg="0" coalicion="0" nulos="11" total="317" />
  <resultado seccion="0151" casilla="C1" simbolo="0" pan="4" pri="172" prd="123" pt="10" pvem="3" convergencia="18" na="4" noreg="0" coalicion="0" nulos="8" total="342" />
  <resultado seccion="0152" casilla="BA" simbolo="0" pan="1" pri="160" prd="119" pt="17" pvem="2" convergencia="18" na="0" noreg="1" coalicion="1" nulos="8" total="327" />
  <resultado seccion="0152" casilla="C1" simbolo="0" pan="1" pri="141" prd="136" pt="12" pvem="1" convergencia="16" na="0" noreg="1" coalicion="1" nulos="5" total="314" />
  <resultado seccion="0152" casilla="C2" simbolo="0" pan="3" pri="167" prd="107" pt="10" pvem="4" convergencia="8" na="1" noreg="0" coalicion="0" nulos="6" total="306" />
  <resultado seccion="0153" casilla="BA" simbolo="0" pan="1" pri="72" prd="70" pt="3" pvem="0" convergencia="27" na="0" noreg="0" coalicion="2" nulos="6" total="181" />
  <resultado seccion="0154" casilla="BA" simbolo="0" pan="3" pri="150" prd="156" pt="3" pvem="2" convergencia="12" na="1" noreg="0" coalicion="1" nulos="10" total="338" />
  <resultado seccion="0154" casilla="C1" simbolo="0" pan="4" pri="185" prd="135" pt="5" pvem="2" convergencia="27" na="2" noreg="0" coalicion="0" nulos="7" total="367" />
  <resultado seccion="0154" casilla="C2" simbolo="0" pan="6" pri="129" prd="161" pt="8" pvem="0" convergencia="14" na="1" noreg="0" coalicion="0" nulos="10" total="329" />
  <resultado seccion="0155" casilla="BA" simbolo="0" pan="20" pri="236" prd="180" pt="2" pvem="4" convergencia="5" na="5" noreg="0" coalicion="0" nulos="8" total="460" />
  <resultado seccion="0155" casilla="C1" simbolo="0" pan="11" pri="267" prd="201" pt="4" pvem="1" convergencia="8" na="14" noreg="0" coalicion="1" nulos="10" total="517" />
  <resultado seccion="0155" casilla="C2" simbolo="0" pan="20" pri="265" prd="180" pt="4" pvem="2" convergencia="15" na="2" noreg="0" coalicion="0" nulos="11" total="499" />
  <resultado seccion="0156" casilla="BA" simbolo="0" pan="15" pri="203" prd="155" pt="15" pvem="2" convergencia="6" na="6" noreg="0" coalicion="0" nulos="15" total="417" />
  <resultado seccion="0156" casilla="C1" simbolo="0" pan="11" pri="218" prd="183" pt="7" pvem="0" convergencia="5" na="8" noreg="0" coalicion="1" nulos="6" total="439" />
  <resultado seccion="0157" casilla="BA" simbolo="0" pan="2" pri="128" prd="172" pt="6" pvem="8" convergencia="4" na="1" noreg="0" coalicion="1" nulos="3" total="325" />
  <resultado seccion="0157" casilla="C1" simbolo="0" pan="7" pri="118" prd="179" pt="4" pvem="2" convergencia="8" na="3" noreg="0" coalicion="1" nulos="6" total="328" />
  <resultado seccion="0157" casilla="C2" simbolo="0" pan="0" pri="161" prd="161" pt="3" pvem="2" convergencia="13" na="3" noreg="0" coalicion="2" nulos="8" total="353" />
  <resultado seccion="0158" casilla="BA" simbolo="0" pan="5" pri="89" prd="90" pt="8" pvem="3" convergencia="11" na="1" noreg="0" coalicion="0" nulos="3" total="210" />
  <resultado seccion="0158" casilla="C1" simbolo="0" pan="3" pri="83" prd="115" pt="5" pvem="1" convergencia="5" na="3" noreg="0" coalicion="1" nulos="7" total="223" />
  <resultado seccion="0159" casilla="BA" simbolo="0" pan="3" pri="99" prd="132" pt="8" pvem="1" convergencia="9" na="1" noreg="0" coalicion="0" nulos="0" total="253" />
  <resultado seccion="0159" casilla="C1" simbolo="0" pan="3" pri="111" prd="135" pt="7" pvem="4" convergencia="21" na="6" noreg="0" coalicion="0" nulos="5" total="292" />
  <resultado seccion="0160" casilla="BA" simbolo="0" pan="5" pri="127" prd="64" pt="5" pvem="1" convergencia="13" na="9" noreg="0" coalicion="0" nulos="5" total="229" />
  <resultado seccion="0160" casilla="C1" simbolo="0" pan="3" pri="101" prd="73" pt="4" pvem="2" convergencia="16" na="27" noreg="0" coalicion="0" nulos="7" total="233" />
  <resultado seccion="0160" casilla="C2" simbolo="0" pan="3" pri="72" prd="93" pt="5" pvem="2" convergencia="24" na="12" noreg="0" coalicion="0" nulos="8" total="219" />
  <resultado seccion="0161" casilla="BA" simbolo="0" pan="4" pri="115" prd="96" pt="3" pvem="0" convergencia="33" na="1" noreg="0" coalicion="0" nulos="4" total="256" />
  <resultado seccion="0161" casilla="C1" simbolo="0" pan="0" pri="129" prd="94" pt="5" pvem="1" convergencia="17" na="1" noreg="0" coalicion="0" nulos="8" total="255" />
  <resultado seccion="0162" casilla="BA" simbolo="0" pan="9" pri="183" prd="76" pt="9" pvem="9" convergencia="15" na="0" noreg="0" coalicion="0" nulos="11" total="312" />
  <resultado seccion="0162" casilla="C1" simbolo="0" pan="7" pri="191" prd="91" pt="6" pvem="8" convergencia="8" na="3" noreg="0" coalicion="0" nulos="4" total="318" />
  <resultado seccion="0162" casilla="C2" simbolo="0" pan="4" pri="186" prd="80" pt="5" pvem="2" convergencia="7" na="7" noreg="0" coalicion="1" nulos="5" total="297" />
  <resultado seccion="0163" casilla="BA" simbolo="0" pan="4" pri="160" prd="152" pt="3" pvem="2" convergencia="17" na="0" noreg="0" coalicion="1" nulos="7" total="346" />
  <resultado seccion="0163" casilla="C1" simbolo="0" pan="0" pri="162" prd="164" pt="3" pvem="0" convergencia="14" na="1" noreg="0" coalicion="0" nulos="6" total="350" />
  <resultado seccion="0163" casilla="C2" simbolo="0" pan="2" pri="129" prd="156" pt="5" pvem="3" convergencia="19" na="4" noreg="0" coalicion="1" nulos="10" total="329" />
  <resultado seccion="0164" casilla="BA" simbolo="0" pan="45" pri="166" prd="80" pt="19" pvem="1" convergencia="1" na="1" noreg="2" coalicion="2" nulos="6" total="323" />
  <resultado seccion="0164" casilla="C1" simbolo="0" pan="20" pri="184" prd="93" pt="17" pvem="0" convergencia="3" na="3" noreg="0" coalicion="1" nulos="7" total="328" />
  <resultado seccion="0165" casilla="BA" simbolo="0" pan="4" pri="168" prd="86" pt="3" pvem="5" convergencia="6" na="11" noreg="0" coalicion="0" nulos="9" total="292" />
  <resultado seccion="0165" casilla="C1" simbolo="0" pan="7" pri="144" prd="100" pt="4" pvem="2" convergencia="5" na="3" noreg="0" coalicion="0" nulos="4" total="269" />
  <resultado seccion="0165" casilla="C2" simbolo="0" pan="1" pri="167" prd="110" pt="5" pvem="1" convergencia="2" na="1" noreg="0" coalicion="0" nulos="12" total="299" />
  <resultado seccion="0166" casilla="BA" simbolo="0" pan="2" pri="189" prd="112" pt="16" pvem="2" convergencia="16" na="0" noreg="0" coalicion="0" nulos="15" total="352" />
  <resultado seccion="0166" casilla="C1" simbolo="0" pan="4" pri="162" prd="151" pt="5" pvem="5" convergencia="24" na="0" noreg="0" coalicion="0" nulos="29" total="380" />
  <resultado seccion="0167" casilla="BA" simbolo="0" pan="6" pri="121" prd="96" pt="1" pvem="3" convergencia="13" na="0" noreg="0" coalicion="1" nulos="0" total="241" />
</detallado>