﻿<detallado nomMunicipio="MACUSPANA" listanominal="103,933" pan="1,410" pri="26,763" prd="16,774" pt="6,237" pvem="370" convergencia="4,460" na="1,178" noreg="8" coalicion="107" nulos="1,381" votaciontotal="58,688">
  <resultado seccion="0872" casilla="BA" simbolo="0" pan="5" pri="186" prd="88" pt="35" pvem="2" convergencia="6" na="9" noreg="0" coalicion="0" nulos="10" total="341" />
  <resultado seccion="0872" casilla="C1" simbolo="0" pan="9" pri="182" prd="78" pt="44" pvem="0" convergencia="11" na="7" noreg="0" coalicion="0" nulos="7" total="338" />
  <resultado seccion="0872" casilla="C2" simbolo="0" pan="7" pri="164" prd="102" pt="23" pvem="5" convergencia="22" na="7" noreg="0" coalicion="0" nulos="10" total="340" />
  <resultado seccion="0873" casilla="BA" simbolo="0" pan="3" pri="181" prd="115" pt="6" pvem="3" convergencia="20" na="4" noreg="0" coalicion="1" nulos="3" total="336" />
  <resultado seccion="0873" casilla="C1" simbolo="0" pan="5" pri="196" prd="74" pt="13" pvem="3" convergencia="28" na="1" noreg="0" coalicion="1" nulos="5" total="326" />
  <resultado seccion="0874" casilla="BA" simbolo="0" pan="16" pri="193" prd="118" pt="7" pvem="0" convergencia="18" na="4" noreg="0" coalicion="1" nulos="3" total="360" />
  <resultado seccion="0874" casilla="C1" simbolo="0" pan="4" pri="203" prd="104" pt="15" pvem="4" convergencia="13" na="9" noreg="0" coalicion="2" nulos="11" total="365" />
  <resultado seccion="0875" casilla="BA" simbolo="0" pan="7" pri="233" prd="116" pt="14" pvem="6" convergencia="10" na="6" noreg="0" coalicion="0" nulos="11" total="403" />
  <resultado seccion="0875" casilla="C1" simbolo="0" pan="3" pri="229" prd="111" pt="14" pvem="1" convergencia="14" na="4" noreg="0" coalicion="0" nulos="5" total="381" />
  <resultado seccion="0876" casilla="BA" simbolo="0" pan="6" pri="235" prd="73" pt="15" pvem="0" convergencia="37" na="4" noreg="0" coalicion="1" nulos="5" total="376" />
  <resultado seccion="0876" casilla="C1" simbolo="0" pan="6" pri="196" prd="91" pt="12" pvem="2" convergencia="25" na="5" noreg="0" coalicion="1" nulos="6" total="344" />
  <resultado seccion="0877" casilla="BA" simbolo="0" pan="4" pri="213" prd="109" pt="18" pvem="1" convergencia="24" na="11" noreg="0" coalicion="0" nulos="9" total="389" />
  <resultado seccion="0877" casilla="C1" simbolo="0" pan="10" pri="223" prd="86" pt="20" pvem="2" convergencia="28" na="7" noreg="0" coalicion="0" nulos="3" total="379" />
  <resultado seccion="0877" casilla="C2" simbolo="0" pan="5" pri="188" prd="116" pt="23" pvem="2" convergencia="15" na="14" noreg="0" coalicion="1" nulos="12" total="376" />
  <resultado seccion="0878" casilla="BA" simbolo="0" pan="3" pri="210" prd="82" pt="19" pvem="0" convergencia="24" na="5" noreg="0" coalicion="0" nulos="0" total="343" />
  <resultado seccion="0878" casilla="C1" simbolo="0" pan="6" pri="189" prd="90" pt="16" pvem="1" convergencia="20" na="7" noreg="0" coalicion="1" nulos="0" total="330" />
  <resultado seccion="0878" casilla="C2" simbolo="0" pan="6" pri="204" prd="72" pt="16" pvem="3" convergencia="20" na="6" noreg="0" coalicion="1" nulos="5" total="333" />
  <resultado seccion="0879" casilla="BA" simbolo="0" pan="8" pri="145" prd="100" pt="29" pvem="2" convergencia="13" na="11" noreg="0" coalicion="0" nulos="6" total="314" />
  <resultado seccion="0879" casilla="C1" simbolo="0" pan="10" pri="166" prd="88" pt="35" pvem="1" convergencia="8" na="8" noreg="0" coalicion="2" nulos="9" total="327" />
  <resultado seccion="0879" casilla="C2" simbolo="0" pan="5" pri="161" prd="114" pt="27" pvem="2" convergencia="13" na="6" noreg="0" coalicion="1" nulos="10" total="339" />
  <resultado seccion="0879" casilla="C3" simbolo="0" pan="5" pri="170" prd="93" pt="33" pvem="2" convergencia="19" na="9" noreg="0" coalicion="0" nulos="6" total="337" />
  <resultado seccion="0880" casilla="BA" simbolo="0" pan="34" pri="219" prd="122" pt="27" pvem="1" convergencia="17" na="5" noreg="0" coalicion="1" nulos="4" total="430" />
  <resultado seccion="0880" casilla="C1" simbolo="0" pan="18" pri="242" prd="112" pt="22" pvem="6" convergencia="22" na="3" noreg="0" coalicion="3" nulos="5" total="433" />
  <resultado seccion="0881" casilla="BA" simbolo="0" pan="6" pri="266" prd="86" pt="15" pvem="0" convergencia="8" na="0" noreg="0" coalicion="0" nulos="7" total="388" />
  <resultado seccion="0881" casilla="C1" simbolo="0" pan="6" pri="218" prd="112" pt="11" pvem="1" convergencia="10" na="3" noreg="0" coalicion="0" nulos="11" total="372" />
  <resultado seccion="0881" casilla="C2" simbolo="0" pan="3" pri="232" prd="105" pt="9" pvem="0" convergencia="8" na="4" noreg="0" coalicion="1" nulos="2" total="364" />
  <resultado seccion="0881" casilla="ES" simbolo="0" pan="7" pri="236" prd="292" pt="19" pvem="2" convergencia="40" na="3" noreg="0" coalicion="0" nulos="10" total="609" />
  <resultado seccion="0882" casilla="BA" simbolo="0" pan="5" pri="172" prd="102" pt="11" pvem="1" convergencia="11" na="4" noreg="0" coalicion="0" nulos="0" total="306" />
  <resultado seccion="0882" casilla="C1" simbolo="0" pan="2" pri="192" prd="95" pt="13" pvem="0" convergencia="11" na="4" noreg="0" coalicion="0" nulos="4" total="321" />
  <resultado seccion="0882" casilla="C2" simbolo="0" pan="5" pri="216" prd="77" pt="13" pvem="1" convergencia="7" na="3" noreg="0" coalicion="2" nulos="6" total="330" />
  <resultado seccion="0883" casilla="BA" simbolo="0" pan="4" pri="197" prd="92" pt="19" pvem="0" convergencia="17" na="18" noreg="0" coalicion="1" nulos="2" total="350" />
  <resultado seccion="0883" casilla="C1" simbolo="0" pan="1" pri="206" prd="74" pt="28" pvem="3" convergencia="17" na="25" noreg="0" coalicion="0" nulos="9" total="363" />
  <resultado seccion="0884" casilla="BA" simbolo="0" pan="4" pri="198" prd="80" pt="15" pvem="1" convergencia="30" na="5" noreg="0" coalicion="1" nulos="8" total="342" />
  <resultado seccion="0884" casilla="C1" simbolo="0" pan="4" pri="192" prd="74" pt="20" pvem="0" convergencia="35" na="2" noreg="0" coalicion="0" nulos="5" total="332" />
  <resultado seccion="0884" casilla="C2" simbolo="0" pan="3" pri="215" prd="77" pt="22" pvem="0" convergencia="9" na="2" noreg="0" coalicion="0" nulos="9" total="337" />
  <resultado seccion="0885" casilla="BA" simbolo="0" pan="4" pri="181" prd="121" pt="16" pvem="2" convergencia="9" na="11" noreg="0" coalicion="1" nulos="10" total="355" />
  <resultado seccion="0885" casilla="C1" simbolo="0" pan="7" pri="182" prd="112" pt="20" pvem="3" convergencia="7" na="8" noreg="0" coalicion="2" nulos="9" total="350" />
  <resultado seccion="0885" casilla="C2" simbolo="0" pan="4" pri="157" prd="134" pt="23" pvem="2" convergencia="14" na="7" noreg="0" coalicion="1" nulos="10" total="352" />
  <resultado seccion="0885" casilla="C3" simbolo="0" pan="7" pri="186" prd="112" pt="4" pvem="7" convergencia="7" na="11" noreg="0" coalicion="11" nulos="15" total="360" />
  <resultado seccion="0886" casilla="BA" simbolo="0" pan="43" pri="76" prd="150" pt="24" pvem="1" convergencia="25" na="5" noreg="0" coalicion="0" nulos="24" total="348" />
  <resultado seccion="0886" casilla="C1" simbolo="0" pan="40" pri="70" prd="151" pt="21" pvem="3" convergencia="41" na="6" noreg="0" coalicion="0" nulos="16" total="348" />
  <resultado seccion="0886" casilla="EX" simbolo="0" pan="2" pri="69" prd="96" pt="22" pvem="0" convergencia="11" na="1" noreg="0" coalicion="0" nulos="2" total="203" />
  <resultado seccion="0887" casilla="BA" simbolo="0" pan="6" pri="73" prd="77" pt="7" pvem="1" convergencia="53" na="6" noreg="0" coalicion="2" nulos="7" total="232" />
  <resultado seccion="0888" casilla="BA" simbolo="0" pan="20" pri="69" prd="81" pt="20" pvem="6" convergencia="12" na="2" noreg="0" coalicion="0" nulos="9" total="219" />
  <resultado seccion="0889" casilla="BA" simbolo="0" pan="5" pri="151" prd="130" pt="32" pvem="2" convergencia="30" na="6" noreg="0" coalicion="0" nulos="17" total="373" />
  <resultado seccion="0889" casilla="C1" simbolo="0" pan="2" pri="132" prd="138" pt="22" pvem="5" convergencia="21" na="6" noreg="0" coalicion="1" nulos="14" total="341" />
  <resultado seccion="0890" casilla="BA" simbolo="0" pan="65" pri="169" prd="117" pt="4" pvem="1" convergencia="46" na="1" noreg="0" coalicion="1" nulos="11" total="415" />
  <resultado seccion="0890" casilla="C1" simbolo="0" pan="55" pri="153" prd="100" pt="4" pvem="3" convergencia="32" na="2" noreg="0" coalicion="1" nulos="25" total="375" />
  <resultado seccion="0890" casilla="EX" simbolo="0" pan="51" pri="163" prd="125" pt="12" pvem="2" convergencia="52" na="5" noreg="0" coalicion="0" nulos="18" total="428" />
  <resultado seccion="0891" casilla="BA" simbolo="0" pan="48" pri="171" prd="23" pt="0" pvem="3" convergencia="80" na="0" noreg="0" coalicion="0" nulos="22" total="347" />
  <resultado seccion="0892" casilla="BA" simbolo="0" pan="12" pri="148" prd="89" pt="91" pvem="0" convergencia="17" na="3" noreg="0" coalicion="2" nulos="7" total="369" />
  <resultado seccion="0892" casilla="C1" simbolo="0" pan="4" pri="139" prd="132" pt="66" pvem="1" convergencia="22" na="1" noreg="0" coalicion="0" nulos="7" total="372" />
  <resultado seccion="0892" casilla="C2" simbolo="0" pan="5" pri="144" prd="90" pt="81" pvem="3" convergencia="13" na="3" noreg="0" coalicion="0" nulos="0" total="339" />
  <resultado seccion="0893" casilla="BA" simbolo="0" pan="4" pri="102" prd="87" pt="31" pvem="3" convergencia="48" na="3" noreg="0" coalicion="0" nulos="0" total="278" />
  <resultado seccion="0893" casilla="C1" simbolo="0" pan="3" pri="137" prd="63" pt="26" pvem="2" convergencia="22" na="3" noreg="0" coalicion="0" nulos="5" total="261" />
  <resultado seccion="0894" casilla="BA" simbolo="0" pan="4" pri="86" prd="38" pt="43" pvem="1" convergencia="13" na="0" noreg="0" coalicion="0" nulos="8" total="193" />
  <resultado seccion="0895" casilla="BA" simbolo="0" pan="4" pri="137" prd="107" pt="20" pvem="4" convergencia="28" na="7" noreg="0" coalicion="0" nulos="5" total="312" />
  <resultado seccion="0895" casilla="C1" simbolo="0" pan="4" pri="148" prd="76" pt="15" pvem="2" convergencia="36" na="5" noreg="0" coalicion="0" nulos="5" total="291" />
  <resultado seccion="0896" casilla="BA" simbolo="0" pan="5" pri="100" prd="48" pt="9" pvem="6" convergencia="9" na="4" noreg="0" coalicion="0" nulos="0" total="181" />
  <resultado seccion="0896" casilla="C1" simbolo="0" pan="5" pri="98" prd="43" pt="8" pvem="5" convergencia="11" na="1" noreg="1" coalicion="1" nulos="7" total="180" />
  <resultado seccion="0897" casilla="BA" simbolo="0" pan="5" pri="79" prd="111" pt="24" pvem="1" convergencia="17" na="3" noreg="0" coalicion="1" nulos="8" total="249" />
  <resultado seccion="0897" casilla="C1" simbolo="0" pan="5" pri="135" prd="86" pt="12" pvem="0" convergencia="20" na="2" noreg="0" coalicion="0" nulos="10" total="270" />
  <resultado seccion="0897" casilla="C2" simbolo="0" pan="3" pri="123" prd="95" pt="6" pvem="2" convergencia="27" na="3" noreg="0" coalicion="0" nulos="9" total="268" />
  <resultado seccion="0898" casilla="BA" simbolo="0" pan="13" pri="106" prd="69" pt="7" pvem="1" convergencia="28" na="2" noreg="0" coalicion="0" nulos="8" total="234" />
  <resultado seccion="0898" casilla="C1" simbolo="0" pan="5" pri="118" prd="79" pt="12" pvem="2" convergencia="35" na="3" noreg="0" coalicion="1" nulos="1" total="256" />
  <resultado seccion="0899" casilla="BA" simbolo="0" pan="8" pri="116" prd="77" pt="6" pvem="24" convergencia="13" na="2" noreg="0" coalicion="1" nulos="5" total="252" />
  <resultado seccion="0900" casilla="BA" simbolo="0" pan="7" pri="91" prd="113" pt="62" pvem="2" convergencia="68" na="21" noreg="2" coalicion="0" nulos="0" total="366" />
  <resultado seccion="0900" casilla="C1" simbolo="0" pan="3" pri="82" prd="150" pt="42" pvem="2" convergencia="31" na="11" noreg="0" coalicion="1" nulos="16" total="338" />
  <resultado seccion="0901" casilla="BA" simbolo="0" pan="4" pri="128" prd="136" pt="33" pvem="8" convergencia="30" na="2" noreg="0" coalicion="0" nulos="7" total="348" />
  <resultado seccion="0901" casilla="C1" simbolo="0" pan="5" pri="143" prd="150" pt="38" pvem="6" convergencia="31" na="4" noreg="0" coalicion="0" nulos="1" total="378" />
  <resultado seccion="0902" casilla="BA" simbolo="0" pan="1" pri="96" prd="87" pt="18" pvem="6" convergencia="18" na="0" noreg="0" coalicion="0" nulos="5" total="231" />
  <resultado seccion="0902" casilla="C1" simbolo="0" pan="6" pri="90" prd="113" pt="17" pvem="2" convergencia="12" na="1" noreg="0" coalicion="0" nulos="4" total="245" />
  <resultado seccion="0903" casilla="BA" simbolo="0" pan="3" pri="126" prd="81" pt="38" pvem="8" convergencia="26" na="7" noreg="0" coalicion="0" nulos="10" total="299" />
  <resultado seccion="0903" casilla="C1" simbolo="0" pan="2" pri="113" prd="90" pt="30" pvem="1" convergencia="29" na="9" noreg="0" coalicion="0" nulos="2" total="276" />
  <resultado seccion="0903" casilla="C2" simbolo="0" pan="4" pri="117" prd="73" pt="38" pvem="5" convergencia="29" na="7" noreg="0" coalicion="0" nulos="8" total="281" />
  <resultado seccion="0904" casilla="BA" simbolo="0" pan="38" pri="31" prd="39" pt="7" pvem="1" convergencia="27" na="2" noreg="0" coalicion="0" nulos="4" total="149" />
  <resultado seccion="0904" casilla="EX" simbolo="0" pan="0" pri="60" prd="19" pt="22" pvem="0" convergencia="18" na="4" noreg="0" coalicion="0" nulos="1" total="124" />
  <resultado seccion="0905" casilla="BA" simbolo="0" pan="0" pri="163" prd="138" pt="60" pvem="1" convergencia="13" na="8" noreg="0" coalicion="0" nulos="12" total="395" />
  <resultado seccion="0905" casilla="C1" simbolo="0" pan="5" pri="156" prd="174" pt="45" pvem="4" convergencia="17" na="6" noreg="0" coalicion="0" nulos="4" total="411" />
  <resultado seccion="0906" casilla="BA" simbolo="0" pan="8" pri="48" prd="114" pt="53" pvem="0" convergencia="17" na="3" noreg="0" coalicion="0" nulos="7" total="250" />
  <resultado seccion="0906" casilla="C1" simbolo="0" pan="2" pri="107" prd="89" pt="43" pvem="2" convergencia="23" na="2" noreg="0" coalicion="0" nulos="6" total="274" />
  <resultado seccion="0907" casilla="BA" simbolo="0" pan="5" pri="87" prd="65" pt="30" pvem="1" convergencia="47" na="11" noreg="0" coalicion="1" nulos="8" total="255" />
  <resultado seccion="0907" casilla="C1" simbolo="0" pan="0" pri="94" prd="75" pt="27" pvem="4" convergencia="24" na="4" noreg="0" coalicion="1" nulos="8" total="237" />
  <resultado seccion="0908" casilla="BA" simbolo="0" pan="12" pri="139" prd="91" pt="49" pvem="1" convergencia="6" na="3" noreg="0" coalicion="0" nulos="0" total="301" />
  <resultado seccion="0909" casilla="BA" simbolo="0" pan="3" pri="74" prd="93" pt="69" pvem="0" convergencia="9" na="5" noreg="0" coalicion="1" nulos="10" total="264" />
  <resultado seccion="0909" casilla="C1" simbolo="0" pan="1" pri="76" prd="82" pt="51" pvem="2" convergencia="19" na="1" noreg="0" coalicion="0" nulos="5" total="237" />
  <resultado seccion="0910" casilla="BA" simbolo="0" pan="13" pri="113" prd="175" pt="71" pvem="3" convergencia="32" na="19" noreg="0" coalicion="2" nulos="9" total="437" />
  <resultado seccion="0910" casilla="C1" simbolo="0" pan="5" pri="106" prd="151" pt="64" pvem="9" convergencia="48" na="16" noreg="0" coalicion="0" nulos="2" total="401" />
  <resultado seccion="0911" casilla="BA" simbolo="0" pan="5" pri="83" prd="91" pt="73" pvem="1" convergencia="22" na="9" noreg="0" coalicion="2" nulos="7" total="293" />
  <resultado seccion="0911" casilla="C1" simbolo="0" pan="2" pri="107" prd="101" pt="61" pvem="0" convergencia="22" na="7" noreg="0" coalicion="1" nulos="9" total="310" />
  <resultado seccion="0911" casilla="C2" simbolo="0" pan="3" pri="98" prd="91" pt="77" pvem="1" convergencia="25" na="8" noreg="0" coalicion="2" nulos="8" total="313" />
  <resultado seccion="0912" casilla="BA" simbolo="0" pan="3" pri="156" prd="113" pt="61" pvem="2" convergencia="24" na="24" noreg="0" coalicion="2" nulos="3" total="388" />
  <resultado seccion="0912" casilla="C1" simbolo="0" pan="11" pri="198" prd="110" pt="45" pvem="1" convergencia="33" na="10" noreg="0" coalicion="1" nulos="7" total="416" />
  <resultado seccion="0913" casilla="BA" simbolo="0" pan="1" pri="125" prd="144" pt="83" pvem="1" convergencia="17" na="20" noreg="0" coalicion="0" nulos="0" total="391" />
  <resultado seccion="0913" casilla="C1" simbolo="0" pan="1" pri="131" prd="134" pt="72" pvem="2" convergencia="20" na="19" noreg="0" coalicion="0" nulos="1" total="380" />
  <resultado seccion="0914" casilla="BA" simbolo="0" pan="1" pri="143" prd="155" pt="96" pvem="1" convergencia="25" na="19" noreg="0" coalicion="0" nulos="8" total="448" />
  <resultado seccion="0914" casilla="C1" simbolo="0" pan="1" pri="130" prd="166" pt="68" pvem="1" convergencia="25" na="23" noreg="0" coalicion="0" nulos="10" total="424" />
  <resultado seccion="0915" casilla="BA" simbolo="0" pan="2" pri="108" prd="113" pt="45" pvem="3" convergencia="33" na="9" noreg="1" coalicion="2" nulos="6" total="322" />
  <resultado seccion="0915" casilla="C1" simbolo="0" pan="2" pri="99" prd="76" pt="48" pvem="2" convergencia="53" na="23" noreg="0" coalicion="3" nulos="7" total="313" />
  <resultado seccion="0915" casilla="C2" simbolo="0" pan="5" pri="121" prd="68" pt="63" pvem="2" convergencia="36" na="15" noreg="0" coalicion="3" nulos="5" total="318" />
  <resultado seccion="0916" casilla="BA" simbolo="0" pan="1" pri="135" prd="57" pt="48" pvem="1" convergencia="38" na="13" noreg="0" coalicion="0" nulos="11" total="304" />
  <resultado seccion="0916" casilla="C1" simbolo="0" pan="2" pri="141" prd="54" pt="44" pvem="2" convergencia="32" na="24" noreg="0" coalicion="1" nulos="3" total="303" />
  <resultado seccion="0917" casilla="BA" simbolo="0" pan="1" pri="107" prd="87" pt="56" pvem="1" convergencia="11" na="17" noreg="0" coalicion="1" nulos="6" total="287" />
  <resultado seccion="0917" casilla="C1" simbolo="0" pan="1" pri="103" prd="84" pt="46" pvem="3" convergencia="16" na="14" noreg="0" coalicion="0" nulos="5" total="272" />
  <resultado seccion="0918" casilla="BA" simbolo="0" pan="3" pri="137" prd="106" pt="65" pvem="7" convergencia="10" na="12" noreg="0" coalicion="0" nulos="5" total="345" />
  <resultado seccion="0918" casilla="C1" simbolo="0" pan="1" pri="97" prd="107" pt="72" pvem="0" convergencia="9" na="20" noreg="0" coalicion="1" nulos="3" total="310" />
  <resultado seccion="0918" casilla="C2" simbolo="0" pan="3" pri="111" prd="86" pt="86" pvem="1" convergencia="10" na="8" noreg="0" coalicion="2" nulos="5" total="312" />
  <resultado seccion="0919" casilla="BA" simbolo="0" pan="11" pri="78" prd="114" pt="62" pvem="0" convergencia="61" na="6" noreg="0" coalicion="0" nulos="19" total="351" />
  <resultado seccion="0919" casilla="C1" simbolo="0" pan="5" pri="69" prd="136" pt="65" pvem="6" convergencia="46" na="11" noreg="0" coalicion="0" nulos="0" total="338" />
  <resultado seccion="0920" casilla="BA" simbolo="0" pan="2" pri="73" prd="53" pt="57" pvem="0" convergencia="39" na="2" noreg="0" coalicion="0" nulos="5" total="231" />
  <resultado seccion="0921" casilla="BA" simbolo="0" pan="24" pri="28" prd="27" pt="19" pvem="0" convergencia="11" na="0" noreg="0" coalicion="0" nulos="3" total="112" />
  <resultado seccion="0922" casilla="BA" simbolo="0" pan="3" pri="174" prd="90" pt="48" pvem="2" convergencia="14" na="27" noreg="0" coalicion="0" nulos="15" total="373" />
  <resultado seccion="0922" casilla="C1" simbolo="0" pan="2" pri="132" prd="115" pt="75" pvem="1" convergencia="22" na="38" noreg="0" coalicion="2" nulos="6" total="393" />
  <resultado seccion="0922" casilla="C2" simbolo="0" pan="4" pri="165" prd="117" pt="30" pvem="3" convergencia="13" na="51" noreg="0" coalicion="2" nulos="7" total="392" />
  <resultado seccion="0923" casilla="BA" simbolo="0" pan="1" pri="138" prd="96" pt="59" pvem="1" convergencia="9" na="3" noreg="0" coalicion="0" nulos="7" total="314" />
  <resultado seccion="0923" casilla="C1" simbolo="0" pan="0" pri="136" prd="54" pt="74" pvem="1" convergencia="8" na="4" noreg="0" coalicion="0" nulos="13" total="290" />
  <resultado seccion="0923" casilla="C2" simbolo="0" pan="1" pri="159" prd="77" pt="42" pvem="3" convergencia="9" na="5" noreg="0" coalicion="0" nulos="17" total="313" />
  <resultado seccion="0924" casilla="BA" simbolo="0" pan="0" pri="197" prd="163" pt="42" pvem="3" convergencia="47" na="25" noreg="0" coalicion="2" nulos="5" total="484" />
  <resultado seccion="0924" casilla="C1" simbolo="0" pan="1" pri="201" prd="159" pt="40" pvem="2" convergencia="34" na="26" noreg="0" coalicion="0" nulos="6" total="469" />
  <resultado seccion="0925" casilla="BA" simbolo="0" pan="9" pri="166" prd="146" pt="67" pvem="1" convergencia="58" na="3" noreg="0" coalicion="0" nulos="19" total="469" />
  <resultado seccion="0925" casilla="C1" simbolo="0" pan="20" pri="197" prd="159" pt="37" pvem="0" convergencia="54" na="1" noreg="0" coalicion="0" nulos="0" total="468" />
  <resultado seccion="0926" casilla="BA" simbolo="0" pan="8" pri="99" prd="21" pt="59" pvem="0" convergencia="26" na="1" noreg="0" coalicion="1" nulos="8" total="223" />
  <resultado seccion="0927" casilla="BA" simbolo="0" pan="32" pri="220" prd="99" pt="27" pvem="1" convergencia="27" na="2" noreg="0" coalicion="0" nulos="10" total="418" />
  <resultado seccion="0928" casilla="BA" simbolo="0" pan="9" pri="143" prd="113" pt="52" pvem="2" convergencia="18" na="3" noreg="0" coalicion="0" nulos="0" total="340" />
  <resultado seccion="0928" casilla="C1" simbolo="0" pan="0" pri="141" prd="159" pt="33" pvem="2" convergencia="10" na="2" noreg="0" coalicion="0" nulos="15" total="362" />
  <resultado seccion="0928" casilla="C2" simbolo="0" pan="2" pri="183" prd="96" pt="43" pvem="2" convergencia="16" na="7" noreg="0" coalicion="0" nulos="0" total="349" />
  <resultado seccion="0929" casilla="BA" simbolo="0" pan="9" pri="166" prd="125" pt="67" pvem="4" convergencia="30" na="6" noreg="0" coalicion="0" nulos="11" total="418" />
  <resultado seccion="0929" casilla="C1" simbolo="0" pan="12" pri="188" prd="90" pt="55" pvem="3" convergencia="27" na="7" noreg="0" coalicion="0" nulos="5" total="387" />
  <resultado seccion="0930" casilla="BA" simbolo="0" pan="10" pri="198" prd="89" pt="54" pvem="0" convergencia="42" na="4" noreg="0" coalicion="1" nulos="9" total="407" />
  <resultado seccion="0930" casilla="C1" simbolo="0" pan="16" pri="174" prd="86" pt="68" pvem="0" convergencia="22" na="10" noreg="0" coalicion="0" nulos="10" total="386" />
  <resultado seccion="0931" casilla="BA" simbolo="0" pan="11" pri="187" prd="136" pt="54" pvem="1" convergencia="36" na="9" noreg="0" coalicion="0" nulos="10" total="444" />
  <resultado seccion="0931" casilla="C1" simbolo="0" pan="5" pri="221" prd="102" pt="58" pvem="0" convergencia="26" na="13" noreg="0" coalicion="0" nulos="8" total="433" />
  <resultado seccion="0932" casilla="BA" simbolo="0" pan="27" pri="188" prd="150" pt="24" pvem="2" convergencia="30" na="12" noreg="0" coalicion="0" nulos="18" total="451" />
  <resultado seccion="0933" casilla="BA" simbolo="0" pan="5" pri="148" prd="42" pt="32" pvem="0" convergencia="19" na="0" noreg="1" coalicion="1" nulos="4" total="252" />
  <resultado seccion="0933" casilla="C1" simbolo="0" pan="4" pri="166" prd="38" pt="48" pvem="2" convergencia="14" na="1" noreg="0" coalicion="7" nulos="7" total="287" />
  <resultado seccion="0934" casilla="BA" simbolo="0" pan="3" pri="201" prd="77" pt="54" pvem="3" convergencia="15" na="0" noreg="0" coalicion="0" nulos="10" total="363" />
  <resultado seccion="0934" casilla="C1" simbolo="0" pan="2" pri="180" prd="65" pt="61" pvem="2" convergencia="14" na="3" noreg="0" coalicion="0" nulos="8" total="335" />
  <resultado seccion="0934" casilla="C2" simbolo="0" pan="4" pri="181" prd="69" pt="56" pvem="4" convergencia="25" na="1" noreg="0" coalicion="1" nulos="10" total="351" />
  <resultado seccion="0934" casilla="C3" simbolo="0" pan="4" pri="222" prd="64" pt="63" pvem="0" convergencia="8" na="1" noreg="0" coalicion="0" nulos="6" total="368" />
  <resultado seccion="0935" casilla="BA" simbolo="0" pan="9" pri="185" prd="103" pt="34" pvem="1" convergencia="25" na="6" noreg="0" coalicion="1" nulos="13" total="377" />
  <resultado seccion="0935" casilla="C1" simbolo="0" pan="10" pri="230" prd="81" pt="40" pvem="3" convergencia="14" na="4" noreg="0" coalicion="0" nulos="0" total="382" />
  <resultado seccion="0936" casilla="BA" simbolo="0" pan="0" pri="106" prd="52" pt="11" pvem="2" convergencia="69" na="4" noreg="0" coalicion="0" nulos="5" total="249" />
  <resultado seccion="0937" casilla="BA" simbolo="0" pan="21" pri="126" prd="180" pt="13" pvem="2" convergencia="29" na="1" noreg="0" coalicion="0" nulos="0" total="372" />
  <resultado seccion="0938" casilla="BA" simbolo="0" pan="6" pri="181" prd="80" pt="33" pvem="2" convergencia="19" na="8" noreg="0" coalicion="0" nulos="15" total="344" />
  <resultado seccion="0938" casilla="C1" simbolo="0" pan="9" pri="122" prd="125" pt="49" pvem="2" convergencia="9" na="4" noreg="0" coalicion="0" nulos="13" total="333" />
  <resultado seccion="0938" casilla="C2" simbolo="0" pan="11" pri="154" prd="137" pt="41" pvem="2" convergencia="19" na="1" noreg="0" coalicion="0" nulos="14" total="379" />
  <resultado seccion="0939" casilla="BA" simbolo="0" pan="3" pri="159" prd="103" pt="39" pvem="3" convergencia="7" na="5" noreg="0" coalicion="0" nulos="16" total="335" />
  <resultado seccion="0939" casilla="C1" simbolo="0" pan="15" pri="129" prd="111" pt="44" pvem="1" convergencia="9" na="1" noreg="0" coalicion="0" nulos="0" total="310" />
  <resultado seccion="0939" casilla="C2" simbolo="0" pan="5" pri="189" prd="80" pt="16" pvem="2" convergencia="11" na="4" noreg="0" coalicion="0" nulos="16" total="323" />
  <resultado seccion="0940" casilla="BA" simbolo="0" pan="15" pri="130" prd="58" pt="9" pvem="1" convergencia="15" na="0" noreg="0" coalicion="0" nulos="36" total="264" />
  <resultado seccion="0940" casilla="C1" simbolo="0" pan="6" pri="137" prd="59" pt="29" pvem="1" convergencia="8" na="0" noreg="1" coalicion="0" nulos="2" total="243" />
  <resultado seccion="0941" casilla="BA" simbolo="0" pan="4" pri="146" prd="108" pt="5" pvem="1" convergencia="41" na="1" noreg="0" coalicion="0" nulos="8" total="314" />
  <resultado seccion="0942" casilla="BA" simbolo="0" pan="10" pri="222" prd="71" pt="23" pvem="0" convergencia="45" na="2" noreg="0" coalicion="0" nulos="12" total="385" />
  <resultado seccion="0942" casilla="C1" simbolo="0" pan="7" pri="225" prd="37" pt="36" pvem="2" convergencia="61" na="3" noreg="0" coalicion="0" nulos="11" total="382" />
  <resultado seccion="0943" casilla="BA" simbolo="0" pan="18" pri="103" prd="62" pt="43" pvem="3" convergencia="67" na="1" noreg="0" coalicion="0" nulos="9" total="306" />
  <resultado seccion="0943" casilla="C1" simbolo="0" pan="5" pri="123" prd="96" pt="17" pvem="1" convergencia="39" na="6" noreg="0" coalicion="0" nulos="15" total="302" />
  <resultado seccion="0943" casilla="C2" simbolo="0" pan="7" pri="122" prd="71" pt="16" pvem="0" convergencia="66" na="8" noreg="0" coalicion="0" nulos="14" total="304" />
  <resultado seccion="0944" casilla="BA" simbolo="0" pan="5" pri="179" prd="102" pt="68" pvem="1" convergencia="26" na="4" noreg="0" coalicion="2" nulos="12" total="399" />
  <resultado seccion="0944" casilla="EX" simbolo="0" pan="10" pri="82" prd="23" pt="33" pvem="3" convergencia="11" na="10" noreg="0" coalicion="0" nulos="4" total="176" />
  <resultado seccion="0945" casilla="BA" simbolo="0" pan="13" pri="235" prd="69" pt="20" pvem="1" convergencia="26" na="1" noreg="0" coalicion="0" nulos="7" total="372" />
  <resultado seccion="0945" casilla="C1" simbolo="0" pan="18" pri="264" prd="36" pt="31" pvem="0" convergencia="24" na="2" noreg="0" coalicion="0" nulos="16" total="391" />
  <resultado seccion="0945" casilla="C2" simbolo="0" pan="11" pri="293" prd="40" pt="35" pvem="1" convergencia="3" na="0" noreg="0" coalicion="1" nulos="10" total="394" />
  <resultado seccion="0946" casilla="BA" simbolo="0" pan="22" pri="195" prd="65" pt="8" pvem="1" convergencia="59" na="2" noreg="0" coalicion="1" nulos="21" total="374" />
  <resultado seccion="0946" casilla="C1" simbolo="0" pan="12" pri="190" prd="56" pt="27" pvem="2" convergencia="22" na="1" noreg="0" coalicion="0" nulos="13" total="323" />
  <resultado seccion="0947" casilla="BA" simbolo="0" pan="7" pri="135" prd="52" pt="28" pvem="2" convergencia="25" na="8" noreg="0" coalicion="0" nulos="9" total="266" />
  <resultado seccion="0947" casilla="C1" simbolo="0" pan="4" pri="104" prd="53" pt="35" pvem="1" convergencia="31" na="2" noreg="0" coalicion="1" nulos="6" total="237" />
  <resultado seccion="0947" casilla="C2" simbolo="0" pan="4" pri="98" prd="92" pt="17" pvem="2" convergencia="35" na="2" noreg="0" coalicion="1" nulos="10" total="261" />
  <resultado seccion="0948" casilla="BA" simbolo="0" pan="9" pri="118" prd="34" pt="54" pvem="3" convergencia="84" na="2" noreg="0" coalicion="0" nulos="4" total="308" />
  <resultado seccion="0948" casilla="C1" simbolo="0" pan="6" pri="115" prd="38" pt="52" pvem="1" convergencia="87" na="6" noreg="0" coalicion="0" nulos="0" total="305" />
  <resultado seccion="0949" casilla="BA" simbolo="0" pan="4" pri="169" prd="31" pt="61" pvem="1" convergencia="2" na="1" noreg="0" coalicion="1" nulos="5" total="275" />
  <resultado seccion="0949" casilla="EX" simbolo="0" pan="0" pri="52" prd="41" pt="35" pvem="1" convergencia="3" na="1" noreg="0" coalicion="2" nulos="2" total="137" />
  <resultado seccion="0950" casilla="BA" simbolo="0" pan="4" pri="149" prd="84" pt="55" pvem="2" convergencia="8" na="0" noreg="0" coalicion="0" nulos="5" total="307" />
  <resultado seccion="0950" casilla="C1" simbolo="0" pan="4" pri="139" prd="86" pt="36" pvem="2" convergencia="19" na="2" noreg="0" coalicion="0" nulos="9" total="297" />
  <resultado seccion="0951" casilla="BA" simbolo="0" pan="6" pri="161" prd="29" pt="15" pvem="1" convergencia="14" na="3" noreg="0" coalicion="1" nulos="6" total="236" />
  <resultado seccion="0951" casilla="C1" simbolo="0" pan="10" pri="159" prd="33" pt="12" pvem="1" convergencia="5" na="2" noreg="1" coalicion="0" nulos="4" total="227" />
  <resultado seccion="0952" casilla="BA" simbolo="0" pan="4" pri="177" prd="91" pt="19" pvem="1" convergencia="35" na="0" noreg="1" coalicion="0" nulos="0" total="328" />
  <resultado seccion="0952" casilla="C1" simbolo="0" pan="8" pri="119" prd="107" pt="26" pvem="4" convergencia="26" na="1" noreg="0" coalicion="0" nulos="17" total="308" />
  <resultado seccion="0953" casilla="BA" simbolo="0" pan="5" pri="137" prd="89" pt="40" pvem="0" convergencia="77" na="1" noreg="0" coalicion="0" nulos="14" total="363" />
  <resultado seccion="0953" casilla="C1" simbolo="0" pan="1" pri="140" prd="102" pt="37" pvem="4" convergencia="78" na="3" noreg="0" coalicion="4" nulos="3" total="372" />
</detallado>