﻿<detallado nomMunicipio="TEAPA" listanominal="35,528" pan="326" pri="11,864" prd="7,402" pt="246" pvem="272" convergencia="138" na="289" noreg="302" coalicion="35" nulos="546" votaciontotal="21,420">
  <resultado seccion="1063" casilla="BA" simbolo="0" pan="1" pri="159" prd="103" pt="5" pvem="5" convergencia="0" na="5" noreg="0" coalicion="2" nulos="0" total="280" />
  <resultado seccion="1063" casilla="C1" simbolo="0" pan="2" pri="153" prd="84" pt="4" pvem="2" convergencia="1" na="7" noreg="0" coalicion="3" nulos="9" total="265" />
  <resultado seccion="1063" casilla="C2" simbolo="0" pan="3" pri="144" prd="89" pt="2" pvem="1" convergencia="0" na="6" noreg="0" coalicion="0" nulos="8" total="253" />
  <resultado seccion="1063" casilla="C3" simbolo="0" pan="2" pri="180" prd="101" pt="1" pvem="2" convergencia="0" na="6" noreg="0" coalicion="1" nulos="10" total="303" />
  <resultado seccion="1064" casilla="BA" simbolo="0" pan="5" pri="203" prd="154" pt="2" pvem="3" convergencia="2" na="4" noreg="0" coalicion="1" nulos="0" total="374" />
  <resultado seccion="1064" casilla="C1" simbolo="0" pan="3" pri="163" prd="150" pt="3" pvem="3" convergencia="6" na="7" noreg="0" coalicion="0" nulos="0" total="335" />
  <resultado seccion="1064" casilla="C2" simbolo="0" pan="2" pri="158" prd="147" pt="3" pvem="4" convergencia="1" na="3" noreg="0" coalicion="0" nulos="9" total="327" />
  <resultado seccion="1065" casilla="BA" simbolo="0" pan="4" pri="171" prd="173" pt="7" pvem="7" convergencia="1" na="3" noreg="1" coalicion="0" nulos="0" total="367" />
  <resultado seccion="1065" casilla="C1" simbolo="0" pan="0" pri="140" prd="156" pt="4" pvem="4" convergencia="6" na="6" noreg="1" coalicion="1" nulos="16" total="334" />
  <resultado seccion="1066" casilla="BA" simbolo="0" pan="4" pri="229" prd="132" pt="0" pvem="5" convergencia="2" na="5" noreg="0" coalicion="2" nulos="15" total="394" />
  <resultado seccion="1066" casilla="C1" simbolo="0" pan="3" pri="223" prd="130" pt="2" pvem="2" convergencia="4" na="14" noreg="0" coalicion="0" nulos="17" total="395" />
  <resultado seccion="1067" casilla="BA" simbolo="0" pan="7" pri="227" prd="133" pt="3" pvem="5" convergencia="6" na="4" noreg="0" coalicion="0" nulos="12" total="397" />
  <resultado seccion="1067" casilla="C1" simbolo="0" pan="6" pri="198" prd="158" pt="1" pvem="4" convergencia="1" na="3" noreg="1" coalicion="1" nulos="4" total="377" />
  <resultado seccion="1067" casilla="C2" simbolo="0" pan="2" pri="179" prd="136" pt="2" pvem="4" convergencia="1" na="4" noreg="1" coalicion="3" nulos="7" total="339" />
  <resultado seccion="1068" casilla="BA" simbolo="0" pan="5" pri="241" prd="130" pt="10" pvem="5" convergencia="2" na="9" noreg="0" coalicion="0" nulos="11" total="413" />
  <resultado seccion="1068" casilla="C1" simbolo="0" pan="8" pri="273" prd="123" pt="5" pvem="6" convergencia="4" na="4" noreg="0" coalicion="0" nulos="5" total="428" />
  <resultado seccion="1068" casilla="C2" simbolo="0" pan="0" pri="212" prd="127" pt="4" pvem="2" convergencia="1" na="13" noreg="0" coalicion="0" nulos="1" total="360" />
  <resultado seccion="1068" casilla="C3" simbolo="0" pan="5" pri="241" prd="144" pt="5" pvem="2" convergencia="6" na="3" noreg="1" coalicion="2" nulos="10" total="419" />
  <resultado seccion="1069" casilla="BA" simbolo="0" pan="4" pri="210" prd="150" pt="5" pvem="7" convergencia="3" na="7" noreg="0" coalicion="0" nulos="0" total="386" />
  <resultado seccion="1069" casilla="C1" simbolo="0" pan="1" pri="197" prd="172" pt="7" pvem="10" convergencia="4" na="1" noreg="0" coalicion="0" nulos="4" total="396" />
  <resultado seccion="1070" casilla="BA" simbolo="0" pan="9" pri="265" prd="128" pt="7" pvem="14" convergencia="1" na="6" noreg="0" coalicion="0" nulos="0" total="430" />
  <resultado seccion="1070" casilla="C1" simbolo="0" pan="3" pri="239" prd="157" pt="3" pvem="16" convergencia="0" na="2" noreg="0" coalicion="2" nulos="8" total="430" />
  <resultado seccion="1071" casilla="BA" simbolo="0" pan="8" pri="229" prd="99" pt="11" pvem="4" convergencia="2" na="7" noreg="1" coalicion="0" nulos="12" total="373" />
  <resultado seccion="1071" casilla="C1" simbolo="0" pan="4" pri="226" prd="124" pt="14" pvem="7" convergencia="3" na="6" noreg="0" coalicion="0" nulos="4" total="388" />
  <resultado seccion="1072" casilla="BA" simbolo="0" pan="3" pri="207" prd="115" pt="5" pvem="7" convergencia="2" na="3" noreg="0" coalicion="0" nulos="7" total="349" />
  <resultado seccion="1072" casilla="C1" simbolo="0" pan="3" pri="209" prd="122" pt="3" pvem="6" convergencia="1" na="2" noreg="0" coalicion="0" nulos="0" total="346" />
  <resultado seccion="1072" casilla="C2" simbolo="0" pan="5" pri="169" prd="93" pt="6" pvem="2" convergencia="3" na="3" noreg="0" coalicion="0" nulos="8" total="289" />
  <resultado seccion="1073" casilla="BA" simbolo="0" pan="9" pri="173" prd="116" pt="6" pvem="7" convergencia="1" na="6" noreg="0" coalicion="0" nulos="11" total="329" />
  <resultado seccion="1073" casilla="C1" simbolo="0" pan="8" pri="171" prd="120" pt="3" pvem="5" convergencia="3" na="6" noreg="0" coalicion="1" nulos="3" total="320" />
  <resultado seccion="1073" casilla="C2" simbolo="0" pan="8" pri="190" prd="108" pt="4" pvem="6" convergencia="1" na="7" noreg="0" coalicion="0" nulos="0" total="324" />
  <resultado seccion="1074" casilla="BA" simbolo="0" pan="5" pri="233" prd="134" pt="3" pvem="6" convergencia="6" na="3" noreg="0" coalicion="1" nulos="8" total="399" />
  <resultado seccion="1074" casilla="C1" simbolo="0" pan="12" pri="242" prd="118" pt="1" pvem="5" convergencia="2" na="2" noreg="0" coalicion="0" nulos="10" total="392" />
  <resultado seccion="1074" casilla="ES" simbolo="0" pan="4" pri="164" prd="72" pt="1" pvem="4" convergencia="1" na="3" noreg="0" coalicion="1" nulos="9" total="259" />
  <resultado seccion="1075" casilla="BA" simbolo="0" pan="1" pri="220" prd="123" pt="1" pvem="1" convergencia="2" na="0" noreg="0" coalicion="0" nulos="13" total="361" />
  <resultado seccion="1076" casilla="BA" simbolo="0" pan="28" pri="300" prd="141" pt="3" pvem="2" convergencia="3" na="2" noreg="0" coalicion="0" nulos="0" total="479" />
  <resultado seccion="1077" casilla="BA" simbolo="0" pan="7" pri="202" prd="76" pt="2" pvem="5" convergencia="7" na="1" noreg="0" coalicion="0" nulos="12" total="312" />
  <resultado seccion="1077" casilla="C1" simbolo="0" pan="4" pri="179" prd="97" pt="3" pvem="3" convergencia="2" na="2" noreg="0" coalicion="2" nulos="7" total="299" />
  <resultado seccion="1077" casilla="EX" simbolo="0" pan="0" pri="33" prd="45" pt="1" pvem="2" convergencia="0" na="0" noreg="0" coalicion="0" nulos="6" total="87" />
  <resultado seccion="1078" casilla="BA" simbolo="0" pan="7" pri="172" prd="127" pt="3" pvem="3" convergencia="3" na="2" noreg="0" coalicion="1" nulos="11" total="329" />
  <resultado seccion="1078" casilla="C1" simbolo="0" pan="10" pri="144" prd="155" pt="1" pvem="4" convergencia="2" na="6" noreg="0" coalicion="0" nulos="13" total="335" />
  <resultado seccion="1079" casilla="BA" simbolo="0" pan="8" pri="187" prd="96" pt="3" pvem="4" convergencia="1" na="1" noreg="0" coalicion="1" nulos="17" total="318" />
  <resultado seccion="1079" casilla="C1" simbolo="0" pan="8" pri="178" prd="98" pt="7" pvem="3" convergencia="1" na="0" noreg="295" coalicion="2" nulos="20" total="612" />
  <resultado seccion="1080" casilla="BA" simbolo="0" pan="9" pri="159" prd="97" pt="5" pvem="6" convergencia="0" na="0" noreg="0" coalicion="0" nulos="15" total="291" />
  <resultado seccion="1080" casilla="C1" simbolo="0" pan="1" pri="123" prd="119" pt="2" pvem="5" convergencia="0" na="0" noreg="0" coalicion="0" nulos="18" total="268" />
  <resultado seccion="1081" casilla="BA" simbolo="0" pan="3" pri="192" prd="98" pt="3" pvem="1" convergencia="0" na="6" noreg="0" coalicion="0" nulos="0" total="303" />
  <resultado seccion="1081" casilla="C1" simbolo="0" pan="5" pri="181" prd="94" pt="5" pvem="3" convergencia="0" na="1" noreg="0" coalicion="0" nulos="14" total="303" />
  <resultado seccion="1082" casilla="BA" simbolo="0" pan="7" pri="274" prd="124" pt="3" pvem="8" convergencia="6" na="7" noreg="0" coalicion="1" nulos="22" total="452" />
  <resultado seccion="1082" casilla="C1" simbolo="0" pan="12" pri="258" prd="145" pt="5" pvem="4" convergencia="4" na="19" noreg="0" coalicion="2" nulos="19" total="468" />
  <resultado seccion="1082" casilla="C2" simbolo="0" pan="8" pri="273" prd="141" pt="9" pvem="2" convergencia="5" na="12" noreg="0" coalicion="0" nulos="9" total="459" />
  <resultado seccion="1082" casilla="C3" simbolo="0" pan="11" pri="255" prd="161" pt="9" pvem="3" convergencia="1" na="7" noreg="0" coalicion="1" nulos="9" total="457" />
  <resultado seccion="1083" casilla="BA" simbolo="0" pan="2" pri="193" prd="119" pt="1" pvem="1" convergencia="0" na="17" noreg="0" coalicion="1" nulos="14" total="348" />
  <resultado seccion="1083" casilla="C1" simbolo="0" pan="1" pri="163" prd="142" pt="6" pvem="3" convergencia="1" na="6" noreg="0" coalicion="0" nulos="10" total="332" />
  <resultado seccion="1083" casilla="C2" simbolo="0" pan="2" pri="190" prd="136" pt="2" pvem="7" convergencia="0" na="9" noreg="0" coalicion="1" nulos="10" total="357" />
  <resultado seccion="1084" casilla="BA" simbolo="0" pan="0" pri="78" prd="104" pt="2" pvem="1" convergencia="0" na="1" noreg="0" coalicion="0" nulos="7" total="193" />
  <resultado seccion="1085" casilla="BA" simbolo="0" pan="4" pri="146" prd="35" pt="8" pvem="4" convergencia="1" na="3" noreg="0" coalicion="0" nulos="9" total="210" />
  <resultado seccion="1086" casilla="BA" simbolo="0" pan="8" pri="226" prd="119" pt="4" pvem="6" convergencia="8" na="8" noreg="0" coalicion="0" nulos="17" total="396" />
  <resultado seccion="1087" casilla="BA" simbolo="0" pan="3" pri="203" prd="104" pt="3" pvem="8" convergencia="4" na="1" noreg="0" coalicion="2" nulos="7" total="335" />
  <resultado seccion="1088" casilla="BA" simbolo="0" pan="13" pri="230" prd="179" pt="4" pvem="1" convergencia="6" na="2" noreg="0" coalicion="0" nulos="19" total="454" />
  <resultado seccion="1088" casilla="C1" simbolo="0" pan="9" pri="247" prd="155" pt="5" pvem="7" convergencia="3" na="2" noreg="1" coalicion="0" nulos="14" total="443" />
  <resultado seccion="1088" casilla="C2" simbolo="0" pan="7" pri="240" prd="174" pt="4" pvem="3" convergencia="1" na="4" noreg="0" coalicion="0" nulos="16" total="449" />
</detallado>