﻿<detallado nomMunicipio="CENTLA" listanominal="63,583" pan="12,291" pri="15,930" prd="10,104" pt="371" pvem="805" convergencia="119" na="739" noreg="8" coalicion="92" nulos="1,233" votaciontotal="41,692">
  <resultado seccion="0168" casilla="BA" simbolo="0" pan="80" pri="118" prd="58" pt="2" pvem="3" convergencia="1" na="2" noreg="0" coalicion="1" nulos="8" total="273" />
  <resultado seccion="0168" casilla="C1" simbolo="0" pan="121" pri="89" prd="57" pt="0" pvem="3" convergencia="2" na="3" noreg="0" coalicion="0" nulos="0" total="275" />
  <resultado seccion="0169" casilla="BA" simbolo="0" pan="66" pri="186" prd="87" pt="2" pvem="7" convergencia="3" na="9" noreg="0" coalicion="3" nulos="6" total="369" />
  <resultado seccion="0169" casilla="C1" simbolo="0" pan="90" pri="181" prd="94" pt="1" pvem="6" convergencia="1" na="6" noreg="0" coalicion="0" nulos="12" total="391" />
  <resultado seccion="0169" casilla="C2" simbolo="0" pan="96" pri="149" prd="76" pt="2" pvem="4" convergencia="1" na="10" noreg="0" coalicion="2" nulos="14" total="354" />
  <resultado seccion="0170" casilla="BA" simbolo="0" pan="63" pri="136" prd="68" pt="2" pvem="5" convergencia="1" na="2" noreg="0" coalicion="0" nulos="15" total="292" />
  <resultado seccion="0170" casilla="C1" simbolo="0" pan="79" pri="122" prd="49" pt="1" pvem="4" convergencia="1" na="4" noreg="1" coalicion="2" nulos="6" total="269" />
  <resultado seccion="0171" casilla="BA" simbolo="0" pan="90" pri="151" prd="67" pt="1" pvem="4" convergencia="1" na="3" noreg="0" coalicion="4" nulos="11" total="332" />
  <resultado seccion="0171" casilla="C1" simbolo="0" pan="81" pri="156" prd="69" pt="2" pvem="6" convergencia="2" na="3" noreg="0" coalicion="1" nulos="9" total="329" />
  <resultado seccion="0172" casilla="BA" simbolo="0" pan="72" pri="221" prd="73" pt="5" pvem="6" convergencia="1" na="6" noreg="0" coalicion="5" nulos="10" total="399" />
  <resultado seccion="0173" casilla="BA" simbolo="0" pan="64" pri="230" prd="69" pt="2" pvem="6" convergencia="5" na="17" noreg="0" coalicion="5" nulos="12" total="410" />
  <resultado seccion="0173" casilla="ES" simbolo="0" pan="89" pri="151" prd="71" pt="5" pvem="7" convergencia="0" na="10" noreg="0" coalicion="1" nulos="12" total="346" />
  <resultado seccion="0174" casilla="BA" simbolo="0" pan="98" pri="219" prd="75" pt="2" pvem="8" convergencia="0" na="6" noreg="0" coalicion="1" nulos="9" total="418" />
  <resultado seccion="0175" casilla="BA" simbolo="0" pan="60" pri="148" prd="60" pt="0" pvem="13" convergencia="1" na="2" noreg="0" coalicion="2" nulos="11" total="297" />
  <resultado seccion="0175" casilla="C1" simbolo="0" pan="65" pri="142" prd="42" pt="3" pvem="8" convergencia="2" na="3" noreg="0" coalicion="1" nulos="15" total="281" />
  <resultado seccion="0176" casilla="BA" simbolo="0" pan="93" pri="133" prd="101" pt="3" pvem="7" convergencia="1" na="6" noreg="0" coalicion="3" nulos="14" total="361" />
  <resultado seccion="0176" casilla="C1" simbolo="0" pan="82" pri="163" prd="106" pt="3" pvem="2" convergencia="1" na="3" noreg="1" coalicion="2" nulos="12" total="375" />
  <resultado seccion="0177" casilla="BA" simbolo="0" pan="80" pri="128" prd="81" pt="2" pvem="8" convergencia="0" na="5" noreg="1" coalicion="0" nulos="12" total="317" />
  <resultado seccion="0177" casilla="C1" simbolo="0" pan="69" pri="119" prd="63" pt="2" pvem="7" convergencia="2" na="5" noreg="0" coalicion="1" nulos="19" total="287" />
  <resultado seccion="0177" casilla="C2" simbolo="0" pan="96" pri="126" prd="55" pt="3" pvem="3" convergencia="2" na="12" noreg="1" coalicion="1" nulos="10" total="309" />
  <resultado seccion="0178" casilla="BA" simbolo="0" pan="58" pri="101" prd="66" pt="2" pvem="6" convergencia="2" na="6" noreg="0" coalicion="1" nulos="5" total="247" />
  <resultado seccion="0178" casilla="C1" simbolo="0" pan="64" pri="83" prd="59" pt="2" pvem="2" convergencia="0" na="5" noreg="0" coalicion="1" nulos="3" total="219" />
  <resultado seccion="0179" casilla="BA" simbolo="0" pan="70" pri="123" prd="72" pt="2" pvem="6" convergencia="1" na="4" noreg="0" coalicion="3" nulos="9" total="290" />
  <resultado seccion="0179" casilla="C1" simbolo="0" pan="86" pri="119" prd="85" pt="1" pvem="5" convergencia="1" na="3" noreg="0" coalicion="1" nulos="9" total="310" />
  <resultado seccion="0179" casilla="C2" simbolo="0" pan="64" pri="112" prd="73" pt="0" pvem="2" convergencia="1" na="5" noreg="0" coalicion="1" nulos="10" total="268" />
  <resultado seccion="0180" casilla="BA" simbolo="0" pan="72" pri="203" prd="79" pt="2" pvem="9" convergencia="2" na="12" noreg="0" coalicion="1" nulos="9" total="389" />
  <resultado seccion="0180" casilla="C1" simbolo="0" pan="77" pri="192" prd="80" pt="1" pvem="11" convergencia="0" na="9" noreg="1" coalicion="0" nulos="13" total="384" />
  <resultado seccion="0181" casilla="BA" simbolo="0" pan="120" pri="149" prd="96" pt="3" pvem="7" convergencia="1" na="7" noreg="0" coalicion="2" nulos="16" total="401" />
  <resultado seccion="0181" casilla="C1" simbolo="0" pan="186" pri="171" prd="85" pt="2" pvem="10" convergencia="0" na="4" noreg="0" coalicion="0" nulos="7" total="465" />
  <resultado seccion="0182" casilla="BA" simbolo="0" pan="55" pri="89" prd="86" pt="1" pvem="3" convergencia="0" na="8" noreg="0" coalicion="0" nulos="19" total="261" />
  <resultado seccion="0183" casilla="BA" simbolo="0" pan="124" pri="248" prd="108" pt="0" pvem="7" convergencia="1" na="0" noreg="0" coalicion="0" nulos="3" total="491" />
  <resultado seccion="0184" casilla="BA" simbolo="0" pan="51" pri="133" prd="79" pt="2" pvem="4" convergencia="1" na="5" noreg="0" coalicion="0" nulos="8" total="283" />
  <resultado seccion="0184" casilla="C1" simbolo="0" pan="65" pri="111" prd="71" pt="3" pvem="3" convergencia="0" na="12" noreg="0" coalicion="0" nulos="9" total="274" />
  <resultado seccion="0185" casilla="BA" simbolo="0" pan="33" pri="84" prd="90" pt="0" pvem="6" convergencia="1" na="2" noreg="0" coalicion="1" nulos="6" total="223" />
  <resultado seccion="0186" casilla="BA" simbolo="0" pan="79" pri="164" prd="132" pt="5" pvem="1" convergencia="1" na="7" noreg="0" coalicion="2" nulos="9" total="400" />
  <resultado seccion="0187" casilla="BA" simbolo="0" pan="16" pri="61" prd="30" pt="3" pvem="0" convergencia="0" na="4" noreg="0" coalicion="1" nulos="3" total="118" />
  <resultado seccion="0188" casilla="BA" simbolo="0" pan="36" pri="22" prd="20" pt="1" pvem="2" convergencia="0" na="2" noreg="0" coalicion="0" nulos="0" total="83" />
  <resultado seccion="0188" casilla="EX" simbolo="0" pan="3" pri="46" prd="38" pt="0" pvem="0" convergencia="0" na="0" noreg="0" coalicion="0" nulos="5" total="92" />
  <resultado seccion="0189" casilla="BA" simbolo="0" pan="113" pri="105" prd="104" pt="2" pvem="11" convergencia="1" na="7" noreg="0" coalicion="1" nulos="13" total="357" />
  <resultado seccion="0189" casilla="C1" simbolo="0" pan="112" pri="98" prd="101" pt="1" pvem="13" convergencia="0" na="7" noreg="0" coalicion="0" nulos="4" total="336" />
  <resultado seccion="0190" casilla="BA" simbolo="0" pan="217" pri="154" prd="109" pt="1" pvem="3" convergencia="0" na="3" noreg="0" coalicion="0" nulos="11" total="498" />
  <resultado seccion="0191" casilla="BA" simbolo="0" pan="38" pri="151" prd="86" pt="3" pvem="9" convergencia="0" na="2" noreg="0" coalicion="0" nulos="9" total="298" />
  <resultado seccion="0192" casilla="BA" simbolo="0" pan="93" pri="113" prd="118" pt="6" pvem="8" convergencia="0" na="2" noreg="0" coalicion="0" nulos="9" total="349" />
  <resultado seccion="0192" casilla="C1" simbolo="0" pan="89" pri="131" prd="114" pt="2" pvem="5" convergencia="0" na="1" noreg="0" coalicion="0" nulos="5" total="347" />
  <resultado seccion="0192" casilla="C2" simbolo="0" pan="82" pri="132" prd="118" pt="3" pvem="11" convergencia="0" na="2" noreg="0" coalicion="1" nulos="10" total="359" />
  <resultado seccion="0193" casilla="BA" simbolo="0" pan="53" pri="136" prd="61" pt="5" pvem="2" convergencia="0" na="2" noreg="0" coalicion="1" nulos="14" total="274" />
  <resultado seccion="0194" casilla="BA" simbolo="0" pan="123" pri="101" prd="106" pt="4" pvem="3" convergencia="0" na="5" noreg="0" coalicion="0" nulos="4" total="346" />
  <resultado seccion="0195" casilla="BA" simbolo="0" pan="136" pri="174" prd="41" pt="1" pvem="2" convergencia="0" na="14" noreg="0" coalicion="0" nulos="5" total="373" />
  <resultado seccion="0196" casilla="BA" simbolo="0" pan="94" pri="126" prd="82" pt="10" pvem="12" convergencia="0" na="1" noreg="0" coalicion="2" nulos="18" total="345" />
  <resultado seccion="0196" casilla="C1" simbolo="0" pan="120" pri="141" prd="61" pt="11" pvem="10" convergencia="1" na="1" noreg="0" coalicion="0" nulos="22" total="367" />
  <resultado seccion="0196" casilla="C2" simbolo="0" pan="98" pri="129" prd="97" pt="15" pvem="17" convergencia="0" na="2" noreg="0" coalicion="1" nulos="21" total="380" />
  <resultado seccion="0197" casilla="BA" simbolo="0" pan="103" pri="179" prd="113" pt="2" pvem="11" convergencia="1" na="0" noreg="1" coalicion="0" nulos="33" total="443" />
  <resultado seccion="0197" casilla="C1" simbolo="0" pan="119" pri="142" prd="126" pt="2" pvem="8" convergencia="0" na="0" noreg="0" coalicion="0" nulos="23" total="420" />
  <resultado seccion="0198" casilla="BA" simbolo="0" pan="130" pri="118" prd="117" pt="1" pvem="3" convergencia="0" na="1" noreg="0" coalicion="0" nulos="9" total="379" />
  <resultado seccion="0198" casilla="C1" simbolo="0" pan="133" pri="130" prd="109" pt="1" pvem="3" convergencia="0" na="0" noreg="0" coalicion="0" nulos="1" total="377" />
  <resultado seccion="0199" casilla="BA" simbolo="0" pan="226" pri="160" prd="63" pt="0" pvem="13" convergencia="0" na="8" noreg="0" coalicion="0" nulos="8" total="478" />
  <resultado seccion="0200" casilla="BA" simbolo="0" pan="167" pri="180" prd="85" pt="5" pvem="4" convergencia="0" na="8" noreg="0" coalicion="1" nulos="11" total="461" />
  <resultado seccion="0200" casilla="C1" simbolo="0" pan="156" pri="173" prd="117" pt="0" pvem="6" convergencia="0" na="0" noreg="0" coalicion="4" nulos="11" total="467" />
  <resultado seccion="0201" casilla="BA" simbolo="0" pan="141" pri="134" prd="99" pt="34" pvem="17" convergencia="1" na="5" noreg="0" coalicion="1" nulos="22" total="454" />
  <resultado seccion="0201" casilla="C1" simbolo="0" pan="143" pri="129" prd="110" pt="28" pvem="10" convergencia="0" na="8" noreg="0" coalicion="1" nulos="12" total="441" />
  <resultado seccion="0202" casilla="BA" simbolo="0" pan="65" pri="94" prd="130" pt="1" pvem="8" convergencia="0" na="6" noreg="0" coalicion="1" nulos="15" total="320" />
  <resultado seccion="0202" casilla="C1" simbolo="0" pan="78" pri="75" prd="106" pt="0" pvem="16" convergencia="0" na="5" noreg="0" coalicion="5" nulos="13" total="298" />
  <resultado seccion="0202" casilla="C2" simbolo="0" pan="97" pri="89" prd="101" pt="7" pvem="6" convergencia="0" na="8" noreg="0" coalicion="0" nulos="17" total="325" />
  <resultado seccion="0203" casilla="BA" simbolo="0" pan="157" pri="110" prd="85" pt="1" pvem="7" convergencia="0" na="16" noreg="0" coalicion="0" nulos="4" total="380" />
  <resultado seccion="0203" casilla="C1" simbolo="0" pan="123" pri="115" prd="103" pt="1" pvem="4" convergencia="5" na="5" noreg="0" coalicion="0" nulos="3" total="359" />
  <resultado seccion="0203" casilla="C2" simbolo="0" pan="159" pri="117" prd="49" pt="1" pvem="2" convergencia="1" na="8" noreg="0" coalicion="0" nulos="12" total="349" />
  <resultado seccion="0204" casilla="BA" simbolo="0" pan="192" pri="154" prd="85" pt="2" pvem="10" convergencia="0" na="8" noreg="0" coalicion="0" nulos="3" total="454" />
  <resultado seccion="0204" casilla="C1" simbolo="0" pan="200" pri="124" prd="74" pt="2" pvem="6" convergencia="0" na="17" noreg="0" coalicion="0" nulos="8" total="431" />
  <resultado seccion="0204" casilla="C2" simbolo="0" pan="208" pri="144" prd="87" pt="2" pvem="5" convergencia="2" na="7" noreg="0" coalicion="0" nulos="7" total="462" />
  <resultado seccion="0205" casilla="BA" simbolo="0" pan="188" pri="127" prd="51" pt="8" pvem="2" convergencia="0" na="6" noreg="0" coalicion="3" nulos="8" total="393" />
  <resultado seccion="0205" casilla="C1" simbolo="0" pan="173" pri="122" prd="68" pt="7" pvem="1" convergencia="0" na="5" noreg="0" coalicion="0" nulos="0" total="376" />
  <resultado seccion="0206" casilla="BA" simbolo="0" pan="206" pri="172" prd="101" pt="4" pvem="7" convergencia="1" na="5" noreg="0" coalicion="0" nulos="6" total="502" />
  <resultado seccion="0206" casilla="C1" simbolo="0" pan="235" pri="157" prd="86" pt="4" pvem="3" convergencia="0" na="4" noreg="0" coalicion="1" nulos="17" total="507" />
  <resultado seccion="0207" casilla="BA" simbolo="0" pan="203" pri="166" prd="82" pt="3" pvem="13" convergencia="0" na="23" noreg="0" coalicion="3" nulos="14" total="507" />
  <resultado seccion="0207" casilla="C1" simbolo="0" pan="175" pri="169" prd="105" pt="4" pvem="8" convergencia="2" na="19" noreg="2" coalicion="0" nulos="0" total="484" />
  <resultado seccion="0208" casilla="BA" simbolo="0" pan="155" pri="135" prd="53" pt="4" pvem="10" convergencia="0" na="10" noreg="0" coalicion="1" nulos="2" total="370" />
  <resultado seccion="0208" casilla="C1" simbolo="0" pan="154" pri="143" prd="54" pt="3" pvem="15" convergencia="1" na="14" noreg="0" coalicion="1" nulos="12" total="397" />
  <resultado seccion="0209" casilla="BA" simbolo="0" pan="84" pri="139" prd="122" pt="4" pvem="2" convergencia="20" na="0" noreg="0" coalicion="0" nulos="6" total="377" />
  <resultado seccion="0209" casilla="C1" simbolo="0" pan="105" pri="137" prd="102" pt="2" pvem="5" convergencia="0" na="17" noreg="0" coalicion="1" nulos="2" total="371" />
  <resultado seccion="0209" casilla="C2" simbolo="0" pan="82" pri="197" prd="119" pt="1" pvem="7" convergencia="1" na="7" noreg="0" coalicion="0" nulos="16" total="430" />
  <resultado seccion="0210" casilla="BA" simbolo="0" pan="120" pri="160" prd="85" pt="5" pvem="9" convergencia="0" na="11" noreg="0" coalicion="0" nulos="9" total="399" />
  <resultado seccion="0210" casilla="C1" simbolo="0" pan="89" pri="169" prd="98" pt="3" pvem="3" convergencia="1" na="3" noreg="0" coalicion="0" nulos="11" total="377" />
  <resultado seccion="0210" casilla="C2" simbolo="0" pan="103" pri="175" prd="66" pt="1" pvem="11" convergencia="0" na="13" noreg="0" coalicion="2" nulos="8" total="379" />
  <resultado seccion="0211" casilla="BA" simbolo="0" pan="105" pri="143" prd="55" pt="4" pvem="4" convergencia="1" na="10" noreg="0" coalicion="0" nulos="5" total="327" />
  <resultado seccion="0211" casilla="C1" simbolo="0" pan="97" pri="160" prd="37" pt="3" pvem="10" convergencia="0" na="21" noreg="0" coalicion="1" nulos="9" total="338" />
  <resultado seccion="0211" casilla="C2" simbolo="0" pan="102" pri="139" prd="49" pt="2" pvem="3" convergencia="0" na="23" noreg="0" coalicion="0" nulos="9" total="327" />
  <resultado seccion="0212" casilla="BA" simbolo="0" pan="77" pri="133" prd="83" pt="4" pvem="14" convergencia="1" na="8" noreg="0" coalicion="0" nulos="11" total="331" />
  <resultado seccion="0212" casilla="C1" simbolo="0" pan="74" pri="133" prd="78" pt="3" pvem="12" convergencia="0" na="11" noreg="0" coalicion="1" nulos="11" total="323" />
  <resultado seccion="0213" casilla="BA" simbolo="0" pan="73" pri="177" prd="115" pt="4" pvem="8" convergencia="2" na="5" noreg="0" coalicion="0" nulos="2" total="386" />
  <resultado seccion="0213" casilla="C1" simbolo="0" pan="73" pri="186" prd="89" pt="15" pvem="10" convergencia="1" na="14" noreg="0" coalicion="0" nulos="10" total="398" />
  <resultado seccion="0214" casilla="BA" simbolo="0" pan="68" pri="154" prd="180" pt="5" pvem="21" convergencia="0" na="2" noreg="0" coalicion="2" nulos="25" total="457" />
  <resultado seccion="0214" casilla="C1" simbolo="0" pan="61" pri="127" prd="184" pt="3" pvem="24" convergencia="1" na="7" noreg="0" coalicion="0" nulos="10" total="417" />
  <resultado seccion="0215" casilla="BA" simbolo="0" pan="4" pri="57" prd="44" pt="0" pvem="8" convergencia="0" na="0" noreg="0" coalicion="0" nulos="1" total="114" />
  <resultado seccion="0216" casilla="BA" simbolo="0" pan="96" pri="158" prd="134" pt="4" pvem="6" convergencia="4" na="3" noreg="0" coalicion="0" nulos="23" total="428" />
  <resultado seccion="0216" casilla="C1" simbolo="0" pan="98" pri="143" prd="116" pt="3" pvem="4" convergencia="3" na="1" noreg="0" coalicion="0" nulos="28" total="396" />
  <resultado seccion="0217" casilla="BA" simbolo="0" pan="161" pri="74" prd="60" pt="3" pvem="3" convergencia="0" na="4" noreg="0" coalicion="0" nulos="5" total="310" />
  <resultado seccion="0217" casilla="C1" simbolo="0" pan="117" pri="102" prd="74" pt="1" pvem="10" convergencia="0" na="2" noreg="0" coalicion="0" nulos="0" total="306" />
  <resultado seccion="0218" casilla="BA" simbolo="0" pan="84" pri="56" prd="59" pt="2" pvem="2" convergencia="1" na="3" noreg="0" coalicion="0" nulos="5" total="212" />
  <resultado seccion="0219" casilla="BA" simbolo="0" pan="68" pri="37" prd="66" pt="0" pvem="1" convergencia="0" na="0" noreg="0" coalicion="0" nulos="4" total="176" />
  <resultado seccion="0220" casilla="BA" simbolo="0" pan="159" pri="118" prd="55" pt="0" pvem="2" convergencia="0" na="15" noreg="0" coalicion="3" nulos="6" total="358" />
  <resultado seccion="0220" casilla="C1" simbolo="0" pan="165" pri="121" prd="72" pt="0" pvem="1" convergencia="0" na="12" noreg="0" coalicion="0" nulos="13" total="384" />
  <resultado seccion="0221" casilla="BA" simbolo="0" pan="180" pri="140" prd="76" pt="0" pvem="0" convergencia="1" na="13" noreg="0" coalicion="0" nulos="27" total="437" />
  <resultado seccion="0222" casilla="BA" simbolo="0" pan="173" pri="194" prd="50" pt="2" pvem="5" convergencia="1" na="12" noreg="0" coalicion="0" nulos="16" total="453" />
  <resultado seccion="0222" casilla="C1" simbolo="0" pan="175" pri="196" prd="79" pt="3" pvem="6" convergencia="3" na="10" noreg="0" coalicion="1" nulos="15" total="488" />
  <resultado seccion="0223" casilla="BA" simbolo="0" pan="75" pri="161" prd="136" pt="3" pvem="8" convergencia="2" na="5" noreg="0" coalicion="0" nulos="13" total="403" />
  <resultado seccion="0223" casilla="C1" simbolo="0" pan="64" pri="151" prd="110" pt="1" pvem="14" convergencia="0" na="7" noreg="0" coalicion="0" nulos="10" total="357" />
  <resultado seccion="0223" casilla="C2" simbolo="0" pan="75" pri="185" prd="109" pt="0" pvem="4" convergencia="5" na="2" noreg="0" coalicion="0" nulos="6" total="386" />
  <resultado seccion="0224" casilla="BA" simbolo="0" pan="89" pri="215" prd="133" pt="5" pvem="11" convergencia="10" na="2" noreg="0" coalicion="0" nulos="23" total="488" />
  <resultado seccion="0224" casilla="C1" simbolo="0" pan="111" pri="258" prd="112" pt="4" pvem="9" convergencia="3" na="0" noreg="0" coalicion="0" nulos="17" total="514" />
  <resultado seccion="0225" casilla="BA" simbolo="0" pan="45" pri="261" prd="168" pt="1" pvem="28" convergencia="1" na="9" noreg="0" coalicion="0" nulos="9" total="522" />
  <resultado seccion="0226" casilla="BA" simbolo="0" pan="76" pri="54" prd="66" pt="1" pvem="5" convergencia="0" na="1" noreg="0" coalicion="1" nulos="8" total="212" />
  <resultado seccion="0227" casilla="BA" simbolo="0" pan="115" pri="57" prd="135" pt="8" pvem="5" convergencia="1" na="13" noreg="0" coalicion="2" nulos="27" total="363" />
  <resultado seccion="0227" casilla="C1" simbolo="0" pan="113" pri="77" prd="145" pt="5" pvem="3" convergencia="0" na="6" noreg="0" coalicion="0" nulos="10" total="359" />
  <resultado seccion="0228" casilla="BA" simbolo="0" pan="124" pri="68" prd="87" pt="1" pvem="9" convergencia="0" na="3" noreg="0" coalicion="0" nulos="14" total="306" />
  <resultado seccion="0228" casilla="C1" simbolo="0" pan="103" pri="86" prd="68" pt="1" pvem="12" convergencia="0" na="6" noreg="0" coalicion="0" nulos="14" total="290" />
  <resultado seccion="0229" casilla="BA" simbolo="0" pan="5" pri="28" prd="17" pt="2" pvem="0" convergencia="0" na="0" noreg="0" coalicion="0" nulos="2" total="54" />
  <resultado seccion="0230" casilla="BA" simbolo="0" pan="16" pri="10" prd="29" pt="0" pvem="0" convergencia="0" na="1" noreg="0" coalicion="0" nulos="2" total="58" />
  <resultado seccion="0230" casilla="EX" simbolo="0" pan="15" pri="21" prd="25" pt="3" pvem="0" convergencia="0" na="0" noreg="0" coalicion="0" nulos="3" total="67" />
  <resultado seccion="0231" casilla="BA" simbolo="0" pan="125" pri="45" prd="81" pt="1" pvem="1" convergencia="0" na="0" noreg="0" coalicion="1" nulos="12" total="266" />
</detallado>