﻿<detallado nomMunicipio="JALAPA" listanominal="25,551" pan="345" pri="7,712" prd="10,041" pt="128" pvem="149" convergencia="260" na="87" noreg="4" coalicion="32" nulos="395" votaciontotal="19,153">
  <resultado seccion="0781" casilla="BA" simbolo="0" pan="6" pri="140" prd="301" pt="3" pvem="5" convergencia="5" na="1" noreg="0" coalicion="1" nulos="12" total="474" />
  <resultado seccion="0781" casilla="C1" simbolo="0" pan="14" pri="162" prd="279" pt="0" pvem="2" convergencia="2" na="2" noreg="2" coalicion="2" nulos="9" total="474" />
  <resultado seccion="0781" casilla="C2" simbolo="0" pan="5" pri="143" prd="275" pt="1" pvem="1" convergencia="4" na="2" noreg="0" coalicion="0" nulos="5" total="436" />
  <resultado seccion="0782" casilla="BA" simbolo="0" pan="11" pri="146" prd="222" pt="0" pvem="1" convergencia="2" na="4" noreg="0" coalicion="4" nulos="9" total="399" />
  <resultado seccion="0782" casilla="C1" simbolo="0" pan="11" pri="166" prd="214" pt="1" pvem="0" convergencia="3" na="0" noreg="0" coalicion="2" nulos="7" total="404" />
  <resultado seccion="0782" casilla="ES" simbolo="0" pan="7" pri="62" prd="119" pt="3" pvem="0" convergencia="1" na="1" noreg="0" coalicion="0" nulos="2" total="195" />
  <resultado seccion="0783" casilla="BA" simbolo="0" pan="10" pri="151" prd="263" pt="0" pvem="0" convergencia="9" na="5" noreg="0" coalicion="1" nulos="6" total="445" />
  <resultado seccion="0783" casilla="C1" simbolo="0" pan="12" pri="157" prd="228" pt="2" pvem="1" convergencia="7" na="5" noreg="0" coalicion="2" nulos="6" total="420" />
  <resultado seccion="0784" casilla="BA" simbolo="0" pan="0" pri="164" prd="122" pt="1" pvem="8" convergencia="13" na="1" noreg="0" coalicion="0" nulos="3" total="312" />
  <resultado seccion="0785" casilla="BA" simbolo="0" pan="2" pri="253" prd="109" pt="3" pvem="5" convergencia="2" na="0" noreg="0" coalicion="0" nulos="0" total="374" />
  <resultado seccion="0785" casilla="C1" simbolo="0" pan="3" pri="256" prd="115" pt="3" pvem="6" convergencia="2" na="1" noreg="0" coalicion="1" nulos="15" total="402" />
  <resultado seccion="0786" casilla="BA" simbolo="0" pan="1" pri="233" prd="174" pt="1" pvem="27" convergencia="1" na="4" noreg="0" coalicion="0" nulos="21" total="462" />
  <resultado seccion="0786" casilla="C1" simbolo="0" pan="2" pri="246" prd="170" pt="8" pvem="21" convergencia="1" na="1" noreg="0" coalicion="0" nulos="9" total="458" />
  <resultado seccion="0787" casilla="BA" simbolo="0" pan="1" pri="121" prd="114" pt="0" pvem="1" convergencia="6" na="3" noreg="1" coalicion="1" nulos="5" total="253" />
  <resultado seccion="0787" casilla="EX" simbolo="0" pan="4" pri="119" prd="81" pt="7" pvem="3" convergencia="0" na="1" noreg="0" coalicion="1" nulos="8" total="224" />
  <resultado seccion="0788" casilla="BA" simbolo="0" pan="3" pri="163" prd="154" pt="1" pvem="0" convergencia="3" na="0" noreg="0" coalicion="0" nulos="7" total="331" />
  <resultado seccion="0788" casilla="C1" simbolo="0" pan="8" pri="164" prd="151" pt="3" pvem="0" convergencia="1" na="0" noreg="1" coalicion="0" nulos="7" total="335" />
  <resultado seccion="0789" casilla="BA" simbolo="0" pan="1" pri="155" prd="183" pt="1" pvem="0" convergencia="3" na="1" noreg="0" coalicion="0" nulos="9" total="353" />
  <resultado seccion="0789" casilla="C1" simbolo="0" pan="2" pri="154" prd="172" pt="3" pvem="4" convergencia="5" na="0" noreg="0" coalicion="1" nulos="9" total="350" />
  <resultado seccion="0789" casilla="EX" simbolo="0" pan="5" pri="81" prd="190" pt="6" pvem="4" convergencia="8" na="0" noreg="0" coalicion="0" nulos="5" total="299" />
  <resultado seccion="0790" casilla="BA" simbolo="0" pan="2" pri="78" prd="28" pt="1" pvem="1" convergencia="3" na="0" noreg="0" coalicion="0" nulos="1" total="114" />
  <resultado seccion="0791" casilla="BA" simbolo="0" pan="3" pri="144" prd="106" pt="1" pvem="0" convergencia="15" na="0" noreg="0" coalicion="1" nulos="5" total="275" />
  <resultado seccion="0792" casilla="BA" simbolo="0" pan="18" pri="135" prd="210" pt="1" pvem="4" convergencia="10" na="1" noreg="0" coalicion="0" nulos="6" total="385" />
  <resultado seccion="0792" casilla="C1" simbolo="0" pan="23" pri="178" prd="176" pt="0" pvem="7" convergencia="22" na="3" noreg="0" coalicion="1" nulos="9" total="419" />
  <resultado seccion="0792" casilla="EX" simbolo="0" pan="2" pri="73" prd="110" pt="1" pvem="0" convergencia="3" na="0" noreg="0" coalicion="0" nulos="6" total="195" />
  <resultado seccion="0793" casilla="BA" simbolo="0" pan="9" pri="138" prd="167" pt="0" pvem="0" convergencia="3" na="2" noreg="0" coalicion="0" nulos="0" total="319" />
  <resultado seccion="0793" casilla="C1" simbolo="0" pan="7" pri="92" prd="238" pt="2" pvem="1" convergencia="1" na="0" noreg="0" coalicion="0" nulos="0" total="341" />
  <resultado seccion="0794" casilla="BA" simbolo="0" pan="2" pri="136" prd="207" pt="4" pvem="4" convergencia="3" na="0" noreg="0" coalicion="0" nulos="11" total="367" />
  <resultado seccion="0794" casilla="C1" simbolo="0" pan="1" pri="182" prd="146" pt="3" pvem="4" convergencia="0" na="1" noreg="0" coalicion="2" nulos="4" total="343" />
  <resultado seccion="0795" casilla="BA" simbolo="0" pan="2" pri="192" prd="155" pt="2" pvem="3" convergencia="2" na="1" noreg="0" coalicion="0" nulos="10" total="367" />
  <resultado seccion="0795" casilla="C1" simbolo="0" pan="3" pri="185" prd="170" pt="1" pvem="2" convergencia="0" na="1" noreg="0" coalicion="0" nulos="14" total="376" />
  <resultado seccion="0796" casilla="BA" simbolo="0" pan="7" pri="147" prd="223" pt="4" pvem="1" convergencia="0" na="1" noreg="0" coalicion="0" nulos="0" total="383" />
  <resultado seccion="0797" casilla="BA" simbolo="0" pan="1" pri="18" prd="38" pt="0" pvem="0" convergencia="2" na="1" noreg="0" coalicion="0" nulos="1" total="61" />
  <resultado seccion="0798" casilla="BA" simbolo="0" pan="4" pri="192" prd="272" pt="0" pvem="3" convergencia="38" na="15" noreg="0" coalicion="2" nulos="11" total="537" />
  <resultado seccion="0798" casilla="C1" simbolo="0" pan="5" pri="200" prd="269" pt="3" pvem="0" convergencia="25" na="8" noreg="0" coalicion="2" nulos="11" total="523" />
  <resultado seccion="0799" casilla="BA" simbolo="0" pan="4" pri="100" prd="166" pt="3" pvem="2" convergencia="5" na="1" noreg="0" coalicion="0" nulos="15" total="296" />
  <resultado seccion="0799" casilla="C1" simbolo="0" pan="8" pri="66" prd="197" pt="1" pvem="4" convergencia="0" na="1" noreg="0" coalicion="0" nulos="9" total="286" />
  <resultado seccion="0800" casilla="BA" simbolo="0" pan="6" pri="146" prd="189" pt="2" pvem="1" convergencia="1" na="5" noreg="0" coalicion="0" nulos="5" total="355" />
  <resultado seccion="0800" casilla="C1" simbolo="0" pan="2" pri="127" prd="221" pt="2" pvem="1" convergencia="0" na="2" noreg="0" coalicion="0" nulos="9" total="364" />
  <resultado seccion="0800" casilla="C2" simbolo="0" pan="4" pri="138" prd="188" pt="3" pvem="0" convergencia="0" na="1" noreg="0" coalicion="2" nulos="0" total="336" />
  <resultado seccion="0801" casilla="BA" simbolo="0" pan="10" pri="153" prd="204" pt="1" pvem="3" convergencia="1" na="2" noreg="0" coalicion="0" nulos="10" total="384" />
  <resultado seccion="0801" casilla="C1" simbolo="0" pan="14" pri="117" prd="243" pt="0" pvem="3" convergencia="3" na="1" noreg="0" coalicion="0" nulos="14" total="395" />
  <resultado seccion="0802" casilla="BA" simbolo="0" pan="10" pri="114" prd="212" pt="1" pvem="0" convergencia="12" na="0" noreg="0" coalicion="0" nulos="17" total="366" />
  <resultado seccion="0802" casilla="C1" simbolo="0" pan="9" pri="138" prd="230" pt="1" pvem="1" convergencia="4" na="1" noreg="0" coalicion="1" nulos="8" total="393" />
  <resultado seccion="0803" casilla="BA" simbolo="0" pan="7" pri="106" prd="207" pt="5" pvem="0" convergencia="7" na="6" noreg="0" coalicion="0" nulos="12" total="350" />
  <resultado seccion="0803" casilla="C1" simbolo="0" pan="9" pri="121" prd="186" pt="12" pvem="2" convergencia="6" na="0" noreg="0" coalicion="4" nulos="0" total="340" />
  <resultado seccion="0804" casilla="BA" simbolo="0" pan="5" pri="141" prd="190" pt="7" pvem="2" convergencia="1" na="0" noreg="0" coalicion="1" nulos="7" total="354" />
  <resultado seccion="0804" casilla="C1" simbolo="0" pan="5" pri="134" prd="201" pt="3" pvem="0" convergencia="3" na="0" noreg="0" coalicion="0" nulos="7" total="353" />
  <resultado seccion="0805" casilla="BA" simbolo="0" pan="5" pri="73" prd="111" pt="4" pvem="3" convergencia="6" na="0" noreg="0" coalicion="0" nulos="5" total="207" />
  <resultado seccion="0806" casilla="BA" simbolo="0" pan="5" pri="117" prd="188" pt="4" pvem="0" convergencia="1" na="1" noreg="0" coalicion="0" nulos="15" total="331" />
  <resultado seccion="0806" casilla="C1" simbolo="0" pan="1" pri="109" prd="201" pt="4" pvem="0" convergencia="2" na="0" noreg="0" coalicion="0" nulos="0" total="317" />
  <resultado seccion="0807" casilla="BA" simbolo="0" pan="32" pri="158" prd="247" pt="2" pvem="2" convergencia="1" na="0" noreg="0" coalicion="0" nulos="11" total="453" />
  <resultado seccion="0808" casilla="BA" simbolo="0" pan="9" pri="180" prd="227" pt="1" pvem="3" convergencia="1" na="0" noreg="0" coalicion="0" nulos="0" total="421" />
  <resultado seccion="0808" casilla="C1" simbolo="0" pan="3" pri="148" prd="282" pt="2" pvem="3" convergencia="1" na="0" noreg="0" coalicion="0" nulos="8" total="447" />
</detallado>