﻿<detallado nomMunicipio="HUIMANGUILLO" listanominal="112,205" pan="6,661" pri="30,364" prd="27,392" pt="4,800" pvem="368" convergencia="82" na="684" noreg="8" coalicion="138" nulos="1,836" votaciontotal="72,333">
  <resultado seccion="0684" casilla="BA" simbolo="0" pan="37" pri="212" prd="181" pt="27" pvem="2" convergencia="0" na="16" noreg="0" coalicion="2" nulos="6" total="483" />
  <resultado seccion="0684" casilla="C1" simbolo="0" pan="38" pri="212" prd="189" pt="17" pvem="1" convergencia="1" na="6" noreg="0" coalicion="10" nulos="6" total="480" />
  <resultado seccion="0685" casilla="BA" simbolo="0" pan="23" pri="134" prd="104" pt="23" pvem="1" convergencia="0" na="9" noreg="0" coalicion="2" nulos="5" total="301" />
  <resultado seccion="0685" casilla="C1" simbolo="0" pan="12" pri="147" prd="95" pt="21" pvem="3" convergencia="0" na="5" noreg="0" coalicion="0" nulos="8" total="291" />
  <resultado seccion="0686" casilla="BA" simbolo="0" pan="52" pri="182" prd="168" pt="21" pvem="2" convergencia="0" na="8" noreg="1" coalicion="4" nulos="9" total="447" />
  <resultado seccion="0686" casilla="C1" simbolo="0" pan="54" pri="164" prd="194" pt="27" pvem="2" convergencia="0" na="5" noreg="0" coalicion="0" nulos="11" total="457" />
  <resultado seccion="0687" casilla="BA" simbolo="0" pan="38" pri="118" prd="126" pt="21" pvem="6" convergencia="0" na="10" noreg="0" coalicion="1" nulos="7" total="327" />
  <resultado seccion="0687" casilla="C1" simbolo="0" pan="52" pri="119" prd="115" pt="23" pvem="3" convergencia="3" na="8" noreg="0" coalicion="2" nulos="2" total="327" />
  <resultado seccion="0687" casilla="C2" simbolo="0" pan="37" pri="120" prd="144" pt="12" pvem="7" convergencia="0" na="9" noreg="0" coalicion="1" nulos="5" total="335" />
  <resultado seccion="0688" casilla="BA" simbolo="0" pan="27" pri="193" prd="100" pt="10" pvem="1" convergencia="0" na="2" noreg="0" coalicion="1" nulos="4" total="338" />
  <resultado seccion="0688" casilla="C1" simbolo="0" pan="28" pri="180" prd="119" pt="10" pvem="0" convergencia="2" na="5" noreg="0" coalicion="2" nulos="3" total="349" />
  <resultado seccion="0689" casilla="BA" simbolo="0" pan="44" pri="161" prd="133" pt="17" pvem="0" convergencia="0" na="3" noreg="0" coalicion="2" nulos="2" total="362" />
  <resultado seccion="0689" casilla="C1" simbolo="0" pan="39" pri="144" prd="170" pt="12" pvem="1" convergencia="1" na="4" noreg="0" coalicion="0" nulos="0" total="371" />
  <resultado seccion="0690" casilla="BA" simbolo="0" pan="46" pri="189" prd="141" pt="28" pvem="0" convergencia="0" na="10" noreg="0" coalicion="1" nulos="4" total="419" />
  <resultado seccion="0691" casilla="BA" simbolo="0" pan="35" pri="105" prd="67" pt="19" pvem="4" convergencia="0" na="3" noreg="0" coalicion="3" nulos="0" total="236" />
  <resultado seccion="0691" casilla="C1" simbolo="0" pan="26" pri="111" prd="70" pt="13" pvem="2" convergencia="0" na="10" noreg="0" coalicion="3" nulos="4" total="239" />
  <resultado seccion="0692" casilla="BA" simbolo="0" pan="42" pri="202" prd="104" pt="20" pvem="3" convergencia="0" na="4" noreg="0" coalicion="4" nulos="3" total="382" />
  <resultado seccion="0692" casilla="C1" simbolo="0" pan="52" pri="171" prd="107" pt="21" pvem="2" convergencia="0" na="11" noreg="0" coalicion="1" nulos="3" total="368" />
  <resultado seccion="0693" casilla="BA" simbolo="0" pan="34" pri="145" prd="172" pt="17" pvem="3" convergencia="0" na="13" noreg="0" coalicion="1" nulos="4" total="389" />
  <resultado seccion="0693" casilla="C1" simbolo="0" pan="42" pri="141" prd="193" pt="9" pvem="2" convergencia="0" na="3" noreg="0" coalicion="0" nulos="9" total="399" />
  <resultado seccion="0694" casilla="BA" simbolo="0" pan="53" pri="122" prd="210" pt="19" pvem="11" convergencia="1" na="5" noreg="0" coalicion="3" nulos="6" total="430" />
  <resultado seccion="0694" casilla="C1" simbolo="0" pan="41" pri="176" prd="157" pt="19" pvem="5" convergencia="1" na="9" noreg="0" coalicion="3" nulos="8" total="419" />
  <resultado seccion="0694" casilla="C2" simbolo="0" pan="42" pri="127" prd="199" pt="23" pvem="7" convergencia="1" na="3" noreg="0" coalicion="3" nulos="2" total="407" />
  <resultado seccion="0694" casilla="C3" simbolo="0" pan="49" pri="137" prd="184" pt="18" pvem="2" convergencia="1" na="5" noreg="0" coalicion="2" nulos="16" total="414" />
  <resultado seccion="0694" casilla="C4" simbolo="0" pan="39" pri="158" prd="196" pt="17" pvem="4" convergencia="0" na="3" noreg="0" coalicion="0" nulos="11" total="428" />
  <resultado seccion="0695" casilla="BA" simbolo="0" pan="57" pri="180" prd="170" pt="29" pvem="4" convergencia="0" na="1" noreg="1" coalicion="0" nulos="6" total="448" />
  <resultado seccion="0695" casilla="C1" simbolo="0" pan="44" pri="143" prd="182" pt="14" pvem="4" convergencia="0" na="3" noreg="0" coalicion="0" nulos="13" total="403" />
  <resultado seccion="0696" casilla="BA" simbolo="0" pan="36" pri="128" prd="125" pt="35" pvem="5" convergencia="0" na="5" noreg="0" coalicion="4" nulos="8" total="346" />
  <resultado seccion="0696" casilla="C1" simbolo="0" pan="30" pri="125" prd="133" pt="30" pvem="0" convergencia="0" na="8" noreg="0" coalicion="6" nulos="11" total="343" />
  <resultado seccion="0696" casilla="ES" simbolo="0" pan="73" pri="202" prd="226" pt="45" pvem="3" convergencia="0" na="3" noreg="0" coalicion="3" nulos="14" total="569" />
  <resultado seccion="0697" casilla="BA" simbolo="0" pan="69" pri="168" prd="121" pt="13" pvem="3" convergencia="0" na="4" noreg="0" coalicion="0" nulos="6" total="384" />
  <resultado seccion="0697" casilla="C1" simbolo="0" pan="51" pri="140" prd="142" pt="18" pvem="3" convergencia="0" na="6" noreg="0" coalicion="1" nulos="4" total="365" />
  <resultado seccion="0697" casilla="C2" simbolo="0" pan="53" pri="164" prd="131" pt="16" pvem="8" convergencia="0" na="2" noreg="0" coalicion="1" nulos="9" total="384" />
  <resultado seccion="0698" casilla="BA" simbolo="0" pan="32" pri="123" prd="155" pt="14" pvem="0" convergencia="0" na="6" noreg="0" coalicion="1" nulos="9" total="340" />
  <resultado seccion="0698" casilla="C1" simbolo="0" pan="35" pri="100" prd="171" pt="10" pvem="1" convergencia="0" na="4" noreg="0" coalicion="0" nulos="2" total="323" />
  <resultado seccion="0699" casilla="BA" simbolo="0" pan="9" pri="169" prd="167" pt="15" pvem="0" convergencia="0" na="6" noreg="1" coalicion="0" nulos="5" total="372" />
  <resultado seccion="0699" casilla="C1" simbolo="0" pan="17" pri="190" prd="151" pt="18" pvem="0" convergencia="0" na="1" noreg="0" coalicion="0" nulos="11" total="388" />
  <resultado seccion="0699" casilla="C2" simbolo="0" pan="10" pri="180" prd="144" pt="27" pvem="1" convergencia="2" na="3" noreg="0" coalicion="0" nulos="15" total="382" />
  <resultado seccion="0700" casilla="BA" simbolo="0" pan="17" pri="140" prd="136" pt="29" pvem="1" convergencia="0" na="11" noreg="0" coalicion="1" nulos="8" total="343" />
  <resultado seccion="0700" casilla="C1" simbolo="0" pan="9" pri="151" prd="159" pt="17" pvem="1" convergencia="1" na="14" noreg="0" coalicion="0" nulos="13" total="365" />
  <resultado seccion="0701" casilla="BA" simbolo="0" pan="6" pri="90" prd="99" pt="18" pvem="3" convergencia="0" na="6" noreg="0" coalicion="0" nulos="5" total="227" />
  <resultado seccion="0701" casilla="C1" simbolo="0" pan="5" pri="99" prd="102" pt="23" pvem="4" convergencia="0" na="5" noreg="0" coalicion="0" nulos="4" total="242" />
  <resultado seccion="0702" casilla="BA" simbolo="0" pan="5" pri="138" prd="66" pt="15" pvem="0" convergencia="1" na="6" noreg="0" coalicion="1" nulos="0" total="232" />
  <resultado seccion="0702" casilla="C1" simbolo="0" pan="6" pri="124" prd="77" pt="9" pvem="0" convergencia="0" na="9" noreg="0" coalicion="0" nulos="5" total="230" />
  <resultado seccion="0703" casilla="BA" simbolo="0" pan="11" pri="120" prd="123" pt="33" pvem="3" convergencia="1" na="4" noreg="0" coalicion="0" nulos="17" total="312" />
  <resultado seccion="0703" casilla="C1" simbolo="0" pan="24" pri="123" prd="110" pt="40" pvem="2" convergencia="0" na="0" noreg="0" coalicion="0" nulos="4" total="303" />
  <resultado seccion="0703" casilla="C2" simbolo="0" pan="13" pri="137" prd="118" pt="28" pvem="2" convergencia="0" na="7" noreg="0" coalicion="0" nulos="7" total="312" />
  <resultado seccion="0704" casilla="BA" simbolo="0" pan="17" pri="132" prd="212" pt="50" pvem="3" convergencia="0" na="2" noreg="0" coalicion="0" nulos="0" total="416" />
  <resultado seccion="0704" casilla="C1" simbolo="0" pan="16" pri="159" prd="223" pt="31" pvem="4" convergencia="2" na="3" noreg="0" coalicion="0" nulos="12" total="450" />
  <resultado seccion="0705" casilla="BA" simbolo="0" pan="30" pri="119" prd="120" pt="26" pvem="0" convergencia="0" na="1" noreg="0" coalicion="1" nulos="13" total="310" />
  <resultado seccion="0705" casilla="C1" simbolo="0" pan="19" pri="127" prd="139" pt="26" pvem="0" convergencia="0" na="1" noreg="0" coalicion="0" nulos="16" total="328" />
  <resultado seccion="0706" casilla="BA" simbolo="0" pan="25" pri="201" prd="119" pt="18" pvem="1" convergencia="0" na="0" noreg="0" coalicion="0" nulos="12" total="376" />
  <resultado seccion="0706" casilla="C1" simbolo="0" pan="21" pri="133" prd="174" pt="51" pvem="1" convergencia="0" na="0" noreg="0" coalicion="0" nulos="8" total="388" />
  <resultado seccion="0706" casilla="C2" simbolo="0" pan="24" pri="165" prd="137" pt="45" pvem="1" convergencia="0" na="0" noreg="0" coalicion="0" nulos="1" total="373" />
  <resultado seccion="0707" casilla="BA" simbolo="0" pan="45" pri="131" prd="168" pt="62" pvem="0" convergencia="1" na="0" noreg="0" coalicion="0" nulos="10" total="417" />
  <resultado seccion="0707" casilla="C1" simbolo="0" pan="57" pri="125" prd="151" pt="62" pvem="0" convergencia="0" na="3" noreg="0" coalicion="0" nulos="12" total="410" />
  <resultado seccion="0707" casilla="C2" simbolo="0" pan="50" pri="135" prd="153" pt="56" pvem="1" convergencia="1" na="0" noreg="0" coalicion="0" nulos="14" total="410" />
  <resultado seccion="0708" casilla="BA" simbolo="0" pan="7" pri="202" prd="146" pt="25" pvem="0" convergencia="0" na="0" noreg="0" coalicion="1" nulos="5" total="386" />
  <resultado seccion="0708" casilla="C1" simbolo="0" pan="4" pri="199" prd="180" pt="33" pvem="0" convergencia="0" na="0" noreg="0" coalicion="0" nulos="2" total="418" />
  <resultado seccion="0708" casilla="C2" simbolo="0" pan="5" pri="168" prd="175" pt="40" pvem="0" convergencia="0" na="0" noreg="1" coalicion="0" nulos="5" total="394" />
  <resultado seccion="0709" casilla="BA" simbolo="0" pan="24" pri="181" prd="137" pt="6" pvem="0" convergencia="1" na="2" noreg="0" coalicion="0" nulos="12" total="363" />
  <resultado seccion="0710" casilla="BA" simbolo="0" pan="18" pri="174" prd="120" pt="19" pvem="1" convergencia="2" na="3" noreg="0" coalicion="0" nulos="13" total="350" />
  <resultado seccion="0710" casilla="C1" simbolo="0" pan="33" pri="196" prd="127" pt="29" pvem="0" convergencia="0" na="1" noreg="0" coalicion="2" nulos="14" total="402" />
  <resultado seccion="0711" casilla="BA" simbolo="0" pan="21" pri="151" prd="149" pt="21" pvem="0" convergencia="1" na="0" noreg="0" coalicion="0" nulos="7" total="350" />
  <resultado seccion="0711" casilla="C1" simbolo="0" pan="14" pri="172" prd="152" pt="31" pvem="2" convergencia="0" na="1" noreg="0" coalicion="1" nulos="11" total="384" />
  <resultado seccion="0712" casilla="BA" simbolo="0" pan="32" pri="193" prd="191" pt="20" pvem="1" convergencia="0" na="6" noreg="0" coalicion="1" nulos="8" total="452" />
  <resultado seccion="0712" casilla="C1" simbolo="0" pan="44" pri="177" prd="188" pt="29" pvem="3" convergencia="0" na="3" noreg="0" coalicion="0" nulos="13" total="457" />
  <resultado seccion="0713" casilla="BA" simbolo="0" pan="15" pri="165" prd="235" pt="20" pvem="1" convergencia="0" na="1" noreg="0" coalicion="0" nulos="10" total="447" />
  <resultado seccion="0713" casilla="C1" simbolo="3" pan="18" pri="117" prd="270" pt="24" pvem="2" convergencia="0" na="0" noreg="0" coalicion="0" nulos="0" total="431" />
  <resultado seccion="0714" casilla="BA" simbolo="0" pan="43" pri="219" prd="200" pt="31" pvem="1" convergencia="1" na="0" noreg="0" coalicion="0" nulos="7" total="502" />
  <resultado seccion="0714" casilla="C1" simbolo="0" pan="58" pri="157" prd="230" pt="19" pvem="1" convergencia="0" na="1" noreg="0" coalicion="0" nulos="8" total="474" />
  <resultado seccion="0715" casilla="BA" simbolo="0" pan="7" pri="76" prd="12" pt="1" pvem="1" convergencia="0" na="0" noreg="0" coalicion="0" nulos="3" total="100" />
  <resultado seccion="0716" casilla="BA" simbolo="0" pan="43" pri="236" prd="203" pt="21" pvem="3" convergencia="0" na="1" noreg="0" coalicion="0" nulos="13" total="520" />
  <resultado seccion="0716" casilla="C1" simbolo="0" pan="62" pri="194" prd="169" pt="18" pvem="2" convergencia="1" na="0" noreg="0" coalicion="0" nulos="0" total="446" />
  <resultado seccion="0717" casilla="BA" simbolo="0" pan="41" pri="90" prd="92" pt="14" pvem="4" convergencia="0" na="3" noreg="0" coalicion="0" nulos="9" total="253" />
  <resultado seccion="0717" casilla="C1" simbolo="0" pan="37" pri="90" prd="112" pt="7" pvem="3" convergencia="0" na="2" noreg="0" coalicion="0" nulos="9" total="260" />
  <resultado seccion="0718" casilla="BA" simbolo="0" pan="4" pri="187" prd="197" pt="20" pvem="0" convergencia="0" na="7" noreg="0" coalicion="0" nulos="7" total="422" />
  <resultado seccion="0718" casilla="C1" simbolo="0" pan="9" pri="195" prd="184" pt="14" pvem="4" convergencia="0" na="13" noreg="0" coalicion="0" nulos="12" total="431" />
  <resultado seccion="0719" casilla="BA" simbolo="0" pan="8" pri="202" prd="235" pt="9" pvem="4" convergencia="1" na="3" noreg="0" coalicion="0" nulos="1" total="463" />
  <resultado seccion="0719" casilla="C1" simbolo="0" pan="4" pri="201" prd="231" pt="8" pvem="3" convergencia="1" na="4" noreg="0" coalicion="1" nulos="6" total="459" />
  <resultado seccion="0720" casilla="BA" simbolo="0" pan="11" pri="230" prd="200" pt="10" pvem="0" convergencia="0" na="2" noreg="0" coalicion="0" nulos="10" total="463" />
  <resultado seccion="0720" casilla="C1" simbolo="0" pan="12" pri="222" prd="190" pt="11" pvem="2" convergencia="0" na="1" noreg="0" coalicion="0" nulos="19" total="457" />
  <resultado seccion="0721" casilla="BA" simbolo="0" pan="20" pri="241" prd="168" pt="7" pvem="1" convergencia="1" na="1" noreg="0" coalicion="0" nulos="8" total="447" />
  <resultado seccion="0721" casilla="C1" simbolo="0" pan="9" pri="242" prd="157" pt="9" pvem="1" convergencia="2" na="2" noreg="0" coalicion="0" nulos="10" total="432" />
  <resultado seccion="0722" casilla="BA" simbolo="0" pan="48" pri="200" prd="146" pt="16" pvem="1" convergencia="0" na="1" noreg="0" coalicion="1" nulos="9" total="422" />
  <resultado seccion="0722" casilla="C1" simbolo="0" pan="49" pri="166" prd="167" pt="8" pvem="1" convergencia="0" na="2" noreg="0" coalicion="1" nulos="4" total="398" />
  <resultado seccion="0722" casilla="C2" simbolo="0" pan="46" pri="197" prd="155" pt="15" pvem="3" convergencia="0" na="2" noreg="0" coalicion="0" nulos="6" total="424" />
  <resultado seccion="0723" casilla="BA" simbolo="0" pan="51" pri="169" prd="139" pt="7" pvem="0" convergencia="1" na="1" noreg="0" coalicion="0" nulos="7" total="375" />
  <resultado seccion="0723" casilla="C1" simbolo="0" pan="41" pri="165" prd="116" pt="21" pvem="0" convergencia="0" na="5" noreg="0" coalicion="0" nulos="10" total="358" />
  <resultado seccion="0723" casilla="C2" simbolo="0" pan="32" pri="210" prd="127" pt="8" pvem="0" convergencia="0" na="0" noreg="0" coalicion="0" nulos="11" total="388" />
  <resultado seccion="0724" casilla="BA" simbolo="0" pan="22" pri="113" prd="153" pt="19" pvem="4" convergencia="2" na="2" noreg="0" coalicion="0" nulos="0" total="315" />
  <resultado seccion="0724" casilla="C1" simbolo="0" pan="19" pri="156" prd="135" pt="11" pvem="3" convergencia="2" na="3" noreg="0" coalicion="1" nulos="16" total="346" />
  <resultado seccion="0724" casilla="C2" simbolo="0" pan="8" pri="136" prd="174" pt="16" pvem="2" convergencia="0" na="0" noreg="0" coalicion="0" nulos="7" total="343" />
  <resultado seccion="0724" casilla="C3" simbolo="0" pan="18" pri="139" prd="147" pt="9" pvem="3" convergencia="0" na="3" noreg="0" coalicion="1" nulos="12" total="332" />
  <resultado seccion="0725" casilla="BA" simbolo="0" pan="23" pri="115" prd="143" pt="33" pvem="2" convergencia="0" na="1" noreg="0" coalicion="0" nulos="11" total="328" />
  <resultado seccion="0725" casilla="C1" simbolo="0" pan="33" pri="112" prd="135" pt="54" pvem="0" convergencia="0" na="2" noreg="0" coalicion="0" nulos="10" total="346" />
  <resultado seccion="0725" casilla="C2" simbolo="0" pan="30" pri="127" prd="145" pt="38" pvem="0" convergencia="0" na="1" noreg="0" coalicion="0" nulos="12" total="353" />
  <resultado seccion="0726" casilla="BA" simbolo="0" pan="44" pri="146" prd="125" pt="46" pvem="3" convergencia="3" na="3" noreg="0" coalicion="0" nulos="9" total="379" />
  <resultado seccion="0726" casilla="C1" simbolo="0" pan="61" pri="152" prd="112" pt="52" pvem="2" convergencia="1" na="7" noreg="0" coalicion="0" nulos="13" total="400" />
  <resultado seccion="0727" casilla="BA" simbolo="0" pan="29" pri="227" prd="204" pt="50" pvem="4" convergencia="0" na="13" noreg="0" coalicion="0" nulos="10" total="537" />
  <resultado seccion="0727" casilla="C1" simbolo="0" pan="43" pri="218" prd="185" pt="54" pvem="0" convergencia="1" na="5" noreg="0" coalicion="0" nulos="0" total="506" />
  <resultado seccion="0727" casilla="C2" simbolo="0" pan="45" pri="201" prd="213" pt="43" pvem="2" convergencia="1" na="3" noreg="0" coalicion="1" nulos="21" total="530" />
  <resultado seccion="0728" casilla="BA" simbolo="0" pan="38" pri="204" prd="154" pt="10" pvem="0" convergencia="0" na="6" noreg="0" coalicion="0" nulos="7" total="419" />
  <resultado seccion="0728" casilla="C1" simbolo="0" pan="32" pri="172" prd="185" pt="20" pvem="2" convergencia="0" na="5" noreg="0" coalicion="2" nulos="12" total="430" />
  <resultado seccion="0729" casilla="BA" simbolo="0" pan="16" pri="186" prd="187" pt="26" pvem="0" convergencia="3" na="8" noreg="0" coalicion="0" nulos="8" total="434" />
  <resultado seccion="0729" casilla="C1" simbolo="0" pan="18" pri="166" prd="156" pt="34" pvem="1" convergencia="0" na="7" noreg="0" coalicion="2" nulos="10" total="394" />
  <resultado seccion="0729" casilla="C2" simbolo="0" pan="27" pri="152" prd="168" pt="47" pvem="0" convergencia="0" na="7" noreg="0" coalicion="1" nulos="12" total="414" />
  <resultado seccion="0729" casilla="C3" simbolo="0" pan="19" pri="172" prd="172" pt="37" pvem="2" convergencia="2" na="20" noreg="0" coalicion="0" nulos="22" total="446" />
  <resultado seccion="0730" casilla="BA" simbolo="0" pan="52" pri="102" prd="88" pt="94" pvem="0" convergencia="4" na="0" noreg="0" coalicion="0" nulos="7" total="347" />
  <resultado seccion="0730" casilla="C1" simbolo="0" pan="53" pri="131" prd="78" pt="43" pvem="2" convergencia="2" na="4" noreg="0" coalicion="0" nulos="8" total="321" />
  <resultado seccion="0731" casilla="BA" simbolo="0" pan="27" pri="137" prd="152" pt="27" pvem="1" convergencia="0" na="2" noreg="0" coalicion="0" nulos="12" total="358" />
  <resultado seccion="0731" casilla="C1" simbolo="0" pan="23" pri="191" prd="146" pt="8" pvem="0" convergencia="0" na="1" noreg="0" coalicion="0" nulos="6" total="375" />
  <resultado seccion="0731" casilla="C2" simbolo="0" pan="26" pri="169" prd="130" pt="12" pvem="0" convergencia="0" na="4" noreg="0" coalicion="1" nulos="16" total="358" />
  <resultado seccion="0732" casilla="BA" simbolo="0" pan="20" pri="211" prd="160" pt="70" pvem="1" convergencia="0" na="4" noreg="0" coalicion="0" nulos="23" total="489" />
  <resultado seccion="0733" casilla="BA" simbolo="0" pan="32" pri="141" prd="201" pt="29" pvem="0" convergencia="0" na="0" noreg="0" coalicion="1" nulos="14" total="418" />
  <resultado seccion="0733" casilla="C1" simbolo="0" pan="53" pri="171" prd="167" pt="28" pvem="2" convergencia="1" na="0" noreg="0" coalicion="0" nulos="9" total="431" />
  <resultado seccion="0733" casilla="C2" simbolo="0" pan="30" pri="150" prd="170" pt="30" pvem="2" convergencia="0" na="2" noreg="0" coalicion="1" nulos="22" total="407" />
  <resultado seccion="0734" casilla="BA" simbolo="0" pan="16" pri="122" prd="79" pt="6" pvem="1" convergencia="1" na="2" noreg="0" coalicion="0" nulos="5" total="232" />
  <resultado seccion="0735" casilla="BA" simbolo="0" pan="66" pri="156" prd="133" pt="32" pvem="1" convergencia="0" na="2" noreg="0" coalicion="1" nulos="7" total="398" />
  <resultado seccion="0735" casilla="C1" simbolo="0" pan="83" pri="110" prd="140" pt="36" pvem="0" convergencia="1" na="0" noreg="0" coalicion="0" nulos="10" total="380" />
  <resultado seccion="0736" casilla="BA" simbolo="0" pan="50" pri="257" prd="123" pt="11" pvem="5" convergencia="1" na="2" noreg="0" coalicion="0" nulos="9" total="458" />
  <resultado seccion="0736" casilla="C1" simbolo="0" pan="60" pri="229" prd="111" pt="7" pvem="6" convergencia="0" na="8" noreg="0" coalicion="0" nulos="11" total="432" />
  <resultado seccion="0737" casilla="BA" simbolo="0" pan="9" pri="147" prd="290" pt="15" pvem="0" convergencia="0" na="2" noreg="0" coalicion="1" nulos="8" total="472" />
  <resultado seccion="0738" casilla="BA" simbolo="0" pan="38" pri="188" prd="121" pt="29" pvem="3" convergencia="0" na="4" noreg="0" coalicion="2" nulos="12" total="397" />
  <resultado seccion="0738" casilla="C1" simbolo="0" pan="55" pri="193" prd="119" pt="33" pvem="1" convergencia="1" na="2" noreg="0" coalicion="4" nulos="5" total="413" />
  <resultado seccion="0738" casilla="C2" simbolo="0" pan="62" pri="158" prd="133" pt="25" pvem="1" convergencia="0" na="5" noreg="0" coalicion="1" nulos="7" total="392" />
  <resultado seccion="0739" casilla="BA" simbolo="0" pan="12" pri="170" prd="141" pt="28" pvem="3" convergencia="0" na="0" noreg="0" coalicion="1" nulos="14" total="369" />
  <resultado seccion="0740" casilla="BA" simbolo="0" pan="0" pri="55" prd="49" pt="0" pvem="0" convergencia="0" na="2" noreg="0" coalicion="1" nulos="2" total="109" />
  <resultado seccion="0741" casilla="BA" simbolo="0" pan="29" pri="161" prd="138" pt="18" pvem="3" convergencia="2" na="6" noreg="0" coalicion="0" nulos="16" total="373" />
  <resultado seccion="0741" casilla="C1" simbolo="0" pan="24" pri="176" prd="147" pt="19" pvem="1" convergencia="0" na="6" noreg="0" coalicion="7" nulos="6" total="386" />
  <resultado seccion="0741" casilla="C2" simbolo="0" pan="16" pri="172" prd="148" pt="15" pvem="0" convergencia="0" na="10" noreg="0" coalicion="4" nulos="11" total="376" />
  <resultado seccion="0742" casilla="BA" simbolo="0" pan="35" pri="233" prd="182" pt="23" pvem="5" convergencia="1" na="3" noreg="0" coalicion="0" nulos="11" total="493" />
  <resultado seccion="0742" casilla="C1" simbolo="0" pan="56" pri="217" prd="174" pt="29" pvem="3" convergencia="0" na="1" noreg="0" coalicion="0" nulos="9" total="489" />
  <resultado seccion="0743" casilla="BA" simbolo="0" pan="54" pri="184" prd="126" pt="23" pvem="0" convergencia="0" na="0" noreg="0" coalicion="1" nulos="15" total="403" />
  <resultado seccion="0743" casilla="C1" simbolo="0" pan="67" pri="121" prd="120" pt="43" pvem="4" convergencia="0" na="8" noreg="0" coalicion="2" nulos="12" total="377" />
  <resultado seccion="0743" casilla="C2" simbolo="0" pan="75" pri="132" prd="139" pt="34" pvem="1" convergencia="1" na="15" noreg="0" coalicion="1" nulos="11" total="409" />
  <resultado seccion="0744" casilla="BA" simbolo="0" pan="46" pri="183" prd="187" pt="31" pvem="3" convergencia="0" na="3" noreg="1" coalicion="0" nulos="10" total="464" />
  <resultado seccion="0744" casilla="C1" simbolo="0" pan="44" pri="138" prd="196" pt="42" pvem="5" convergencia="1" na="2" noreg="0" coalicion="0" nulos="17" total="445" />
  <resultado seccion="0745" casilla="BA" simbolo="0" pan="30" pri="136" prd="179" pt="19" pvem="3" convergencia="0" na="2" noreg="0" coalicion="0" nulos="8" total="377" />
  <resultado seccion="0746" casilla="BA" simbolo="0" pan="12" pri="238" prd="157" pt="18" pvem="0" convergencia="0" na="2" noreg="0" coalicion="0" nulos="12" total="439" />
  <resultado seccion="0746" casilla="C1" simbolo="0" pan="17" pri="226" prd="144" pt="21" pvem="2" convergencia="0" na="2" noreg="0" coalicion="0" nulos="15" total="427" />
  <resultado seccion="0747" casilla="BA" simbolo="0" pan="35" pri="168" prd="163" pt="29" pvem="4" convergencia="0" na="2" noreg="0" coalicion="4" nulos="18" total="423" />
  <resultado seccion="0747" casilla="C1" simbolo="0" pan="48" pri="131" prd="197" pt="23" pvem="1" convergencia="0" na="4" noreg="0" coalicion="0" nulos="14" total="418" />
  <resultado seccion="0747" casilla="C2" simbolo="0" pan="44" pri="113" prd="179" pt="20" pvem="1" convergencia="0" na="5" noreg="0" coalicion="0" nulos="0" total="362" />
  <resultado seccion="0748" casilla="BA" simbolo="0" pan="64" pri="112" prd="140" pt="20" pvem="2" convergencia="0" na="2" noreg="0" coalicion="0" nulos="13" total="353" />
  <resultado seccion="0748" casilla="C1" simbolo="0" pan="75" pri="80" prd="150" pt="25" pvem="0" convergencia="0" na="0" noreg="0" coalicion="0" nulos="9" total="339" />
  <resultado seccion="0748" casilla="C2" simbolo="0" pan="48" pri="85" prd="141" pt="22" pvem="2" convergencia="1" na="1" noreg="0" coalicion="1" nulos="9" total="310" />
  <resultado seccion="0749" casilla="BA" simbolo="0" pan="19" pri="126" prd="90" pt="44" pvem="2" convergencia="0" na="1" noreg="0" coalicion="0" nulos="15" total="297" />
  <resultado seccion="0749" casilla="C1" simbolo="0" pan="19" pri="119" prd="87" pt="31" pvem="4" convergencia="0" na="1" noreg="0" coalicion="0" nulos="13" total="274" />
  <resultado seccion="0750" casilla="BA" simbolo="0" pan="124" pri="96" prd="69" pt="45" pvem="3" convergencia="0" na="2" noreg="0" coalicion="1" nulos="12" total="352" />
  <resultado seccion="0751" casilla="BA" simbolo="0" pan="8" pri="126" prd="161" pt="9" pvem="1" convergencia="1" na="5" noreg="0" coalicion="0" nulos="8" total="319" />
  <resultado seccion="0752" casilla="BA" simbolo="0" pan="14" pri="163" prd="243" pt="11" pvem="0" convergencia="0" na="2" noreg="0" coalicion="1" nulos="5" total="439" />
  <resultado seccion="0753" casilla="BA" simbolo="0" pan="57" pri="83" prd="85" pt="33" pvem="1" convergencia="0" na="4" noreg="1" coalicion="1" nulos="6" total="271" />
  <resultado seccion="0754" casilla="BA" simbolo="0" pan="73" pri="169" prd="103" pt="13" pvem="0" convergencia="0" na="2" noreg="0" coalicion="0" nulos="5" total="365" />
  <resultado seccion="0755" casilla="BA" simbolo="0" pan="6" pri="104" prd="103" pt="29" pvem="0" convergencia="0" na="1" noreg="0" coalicion="0" nulos="11" total="254" />
  <resultado seccion="0756" casilla="BA" simbolo="0" pan="37" pri="129" prd="106" pt="18" pvem="1" convergencia="2" na="3" noreg="0" coalicion="0" nulos="8" total="304" />
  <resultado seccion="0756" casilla="C1" simbolo="0" pan="33" pri="127" prd="113" pt="27" pvem="0" convergencia="0" na="3" noreg="0" coalicion="0" nulos="6" total="309" />
  <resultado seccion="0757" casilla="BA" simbolo="0" pan="71" pri="150" prd="136" pt="26" pvem="5" convergencia="0" na="2" noreg="0" coalicion="1" nulos="18" total="409" />
  <resultado seccion="0757" casilla="C1" simbolo="0" pan="71" pri="146" prd="154" pt="22" pvem="0" convergencia="0" na="1" noreg="0" coalicion="0" nulos="18" total="412" />
  <resultado seccion="0758" casilla="BA" simbolo="0" pan="61" pri="72" prd="49" pt="29" pvem="1" convergencia="1" na="2" noreg="0" coalicion="2" nulos="12" total="229" />
  <resultado seccion="0758" casilla="C1" simbolo="0" pan="56" pri="77" prd="51" pt="28" pvem="2" convergencia="0" na="1" noreg="0" coalicion="0" nulos="6" total="221" />
  <resultado seccion="0759" casilla="BA" simbolo="0" pan="48" pri="103" prd="123" pt="53" pvem="0" convergencia="1" na="1" noreg="0" coalicion="0" nulos="17" total="346" />
  <resultado seccion="0759" casilla="C1" simbolo="0" pan="42" pri="110" prd="121" pt="51" pvem="1" convergencia="0" na="1" noreg="0" coalicion="0" nulos="14" total="340" />
  <resultado seccion="0760" casilla="BA" simbolo="0" pan="83" pri="187" prd="76" pt="15" pvem="1" convergencia="0" na="1" noreg="0" coalicion="0" nulos="15" total="378" />
  <resultado seccion="0760" casilla="C1" simbolo="0" pan="63" pri="178" prd="77" pt="23" pvem="4" convergencia="0" na="0" noreg="0" coalicion="0" nulos="17" total="362" />
  <resultado seccion="0761" casilla="BA" simbolo="0" pan="4" pri="81" prd="90" pt="10" pvem="2" convergencia="0" na="2" noreg="0" coalicion="0" nulos="7" total="196" />
  <resultado seccion="0762" casilla="BA" simbolo="0" pan="18" pri="110" prd="74" pt="10" pvem="0" convergencia="0" na="5" noreg="0" coalicion="0" nulos="6" total="223" />
  <resultado seccion="0763" casilla="BA" simbolo="0" pan="49" pri="74" prd="78" pt="18" pvem="2" convergencia="3" na="3" noreg="0" coalicion="0" nulos="5" total="232" />
  <resultado seccion="0763" casilla="C1" simbolo="0" pan="54" pri="93" prd="76" pt="18" pvem="0" convergencia="2" na="2" noreg="0" coalicion="0" nulos="5" total="250" />
  <resultado seccion="0764" casilla="BA" simbolo="0" pan="19" pri="154" prd="189" pt="34" pvem="0" convergencia="0" na="2" noreg="0" coalicion="1" nulos="8" total="407" />
  <resultado seccion="0765" casilla="BA" simbolo="0" pan="27" pri="185" prd="84" pt="22" pvem="2" convergencia="0" na="4" noreg="0" coalicion="1" nulos="16" total="341" />
  <resultado seccion="0765" casilla="C1" simbolo="0" pan="39" pri="132" prd="99" pt="30" pvem="0" convergencia="2" na="4" noreg="0" coalicion="0" nulos="9" total="315" />
  <resultado seccion="0765" casilla="C2" simbolo="0" pan="44" pri="152" prd="80" pt="17" pvem="1" convergencia="0" na="1" noreg="0" coalicion="0" nulos="13" total="308" />
  <resultado seccion="0766" casilla="BA" simbolo="0" pan="18" pri="141" prd="97" pt="16" pvem="1" convergencia="0" na="2" noreg="0" coalicion="0" nulos="9" total="284" />
  <resultado seccion="0766" casilla="C1" simbolo="0" pan="20" pri="149" prd="74" pt="18" pvem="0" convergencia="0" na="0" noreg="0" coalicion="0" nulos="4" total="265" />
  <resultado seccion="0767" casilla="BA" simbolo="0" pan="14" pri="186" prd="105" pt="20" pvem="1" convergencia="0" na="6" noreg="0" coalicion="3" nulos="10" total="345" />
  <resultado seccion="0767" casilla="C1" simbolo="0" pan="41" pri="200" prd="91" pt="10" pvem="1" convergencia="1" na="2" noreg="0" coalicion="0" nulos="6" total="352" />
  <resultado seccion="0768" casilla="BA" simbolo="0" pan="13" pri="148" prd="84" pt="21" pvem="1" convergencia="0" na="1" noreg="0" coalicion="2" nulos="11" total="281" />
  <resultado seccion="0768" casilla="C1" simbolo="0" pan="17" pri="155" prd="87" pt="12" pvem="2" convergencia="0" na="2" noreg="0" coalicion="1" nulos="4" total="280" />
  <resultado seccion="0769" casilla="BA" simbolo="0" pan="29" pri="76" prd="114" pt="18" pvem="3" convergencia="0" na="7" noreg="1" coalicion="0" nulos="14" total="262" />
  <resultado seccion="0769" casilla="C1" simbolo="0" pan="32" pri="101" prd="107" pt="13" pvem="0" convergencia="0" na="4" noreg="0" coalicion="1" nulos="11" total="269" />
  <resultado seccion="0770" casilla="BA" simbolo="0" pan="19" pri="145" prd="125" pt="46" pvem="2" convergencia="1" na="1" noreg="0" coalicion="0" nulos="26" total="365" />
  <resultado seccion="0770" casilla="C1" simbolo="0" pan="20" pri="138" prd="139" pt="59" pvem="2" convergencia="1" na="0" noreg="0" coalicion="0" nulos="13" total="372" />
  <resultado seccion="0771" casilla="BA" simbolo="0" pan="63" pri="229" prd="157" pt="26" pvem="0" convergencia="0" na="2" noreg="0" coalicion="0" nulos="10" total="487" />
  <resultado seccion="0772" casilla="BA" simbolo="0" pan="17" pri="213" prd="89" pt="12" pvem="3" convergencia="0" na="0" noreg="0" coalicion="0" nulos="11" total="345" />
  <resultado seccion="0773" casilla="BA" simbolo="0" pan="27" pri="119" prd="136" pt="36" pvem="2" convergencia="0" na="0" noreg="0" coalicion="0" nulos="7" total="327" />
  <resultado seccion="0773" casilla="C1" simbolo="0" pan="24" pri="134" prd="112" pt="29" pvem="1" convergencia="2" na="0" noreg="1" coalicion="0" nulos="11" total="314" />
  <resultado seccion="0774" casilla="BA" simbolo="0" pan="18" pri="104" prd="96" pt="31" pvem="1" convergencia="0" na="0" noreg="0" coalicion="0" nulos="11" total="261" />
  <resultado seccion="0774" casilla="C1" simbolo="0" pan="13" pri="122" prd="109" pt="23" pvem="0" convergencia="0" na="1" noreg="0" coalicion="0" nulos="11" total="279" />
  <resultado seccion="0775" casilla="BA" simbolo="0" pan="28" pri="104" prd="48" pt="21" pvem="1" convergencia="1" na="4" noreg="0" coalicion="0" nulos="8" total="215" />
  <resultado seccion="0776" casilla="BA" simbolo="0" pan="24" pri="138" prd="108" pt="12" pvem="2" convergencia="0" na="9" noreg="0" coalicion="1" nulos="4" total="298" />
  <resultado seccion="0777" casilla="BA" simbolo="0" pan="32" pri="179" prd="42" pt="16" pvem="3" convergencia="1" na="3" noreg="0" coalicion="0" nulos="8" total="284" />
  <resultado seccion="0777" casilla="C1" simbolo="0" pan="25" pri="140" prd="60" pt="27" pvem="0" convergencia="0" na="0" noreg="0" coalicion="2" nulos="15" total="269" />
  <resultado seccion="0778" casilla="BA" simbolo="0" pan="49" pri="227" prd="101" pt="20" pvem="0" convergencia="0" na="4" noreg="0" coalicion="0" nulos="17" total="418" />
  <resultado seccion="0779" casilla="BA" simbolo="0" pan="36" pri="87" prd="108" pt="20" pvem="0" convergencia="0" na="2" noreg="0" coalicion="0" nulos="12" total="265" />
  <resultado seccion="0779" casilla="C1" simbolo="0" pan="39" pri="106" prd="86" pt="28" pvem="0" convergencia="0" na="2" noreg="0" coalicion="0" nulos="22" total="283" />
  <resultado seccion="0780" casilla="BA" simbolo="0" pan="7" pri="136" prd="58" pt="12" pvem="1" convergencia="0" na="4" noreg="0" coalicion="0" nulos="5" total="223" />
  <resultado seccion="0780" casilla="C1" simbolo="0" pan="8" pri="138" prd="75" pt="5" pvem="1" convergencia="0" na="1" noreg="0" coalicion="0" nulos="5" total="233" />
</detallado>