﻿<detallado nomMunicipio="TACOTALPA" listanominal="28,458" pan="4,706" pri="6,034" prd="6,114" pt="585" pvem="154" convergencia="41" na="166" noreg="3" coalicion="21" nulos="663" votaciontotal="18,487">
  <resultado seccion="1036" casilla="BA" simbolo="0" pan="49" pri="116" prd="140" pt="28" pvem="8" convergencia="0" na="2" noreg="0" coalicion="1" nulos="15" total="359" />
  <resultado seccion="1036" casilla="C1" simbolo="0" pan="34" pri="151" prd="131" pt="16" pvem="7" convergencia="0" na="3" noreg="0" coalicion="0" nulos="8" total="350" />
  <resultado seccion="1036" casilla="C2" simbolo="0" pan="36" pri="140" prd="123" pt="14" pvem="11" convergencia="0" na="2" noreg="0" coalicion="1" nulos="6" total="333" />
  <resultado seccion="1037" casilla="BA" simbolo="0" pan="33" pri="137" prd="134" pt="12" pvem="4" convergencia="1" na="5" noreg="0" coalicion="2" nulos="7" total="335" />
  <resultado seccion="1037" casilla="C1" simbolo="0" pan="37" pri="115" prd="153" pt="27" pvem="2" convergencia="0" na="1" noreg="0" coalicion="1" nulos="10" total="346" />
  <resultado seccion="1038" casilla="BA" simbolo="0" pan="43" pri="120" prd="147" pt="41" pvem="1" convergencia="0" na="7" noreg="0" coalicion="0" nulos="9" total="368" />
  <resultado seccion="1038" casilla="C1" simbolo="0" pan="51" pri="115" prd="143" pt="50" pvem="2" convergencia="0" na="3" noreg="0" coalicion="0" nulos="15" total="379" />
  <resultado seccion="1038" casilla="C2" simbolo="0" pan="47" pri="112" prd="156" pt="41" pvem="5" convergencia="0" na="4" noreg="0" coalicion="1" nulos="18" total="384" />
  <resultado seccion="1039" casilla="BA" simbolo="0" pan="47" pri="119" prd="155" pt="27" pvem="7" convergencia="0" na="10" noreg="0" coalicion="0" nulos="6" total="371" />
  <resultado seccion="1039" casilla="C1" simbolo="0" pan="53" pri="161" prd="156" pt="24" pvem="4" convergencia="1" na="1" noreg="0" coalicion="1" nulos="7" total="408" />
  <resultado seccion="1040" casilla="BA" simbolo="0" pan="63" pri="145" prd="140" pt="25" pvem="2" convergencia="0" na="3" noreg="0" coalicion="0" nulos="10" total="388" />
  <resultado seccion="1040" casilla="C1" simbolo="0" pan="60" pri="152" prd="115" pt="34" pvem="1" convergencia="1" na="2" noreg="0" coalicion="1" nulos="9" total="375" />
  <resultado seccion="1040" casilla="ES" simbolo="0" pan="55" pri="55" prd="74" pt="10" pvem="1" convergencia="0" na="4" noreg="0" coalicion="0" nulos="7" total="206" />
  <resultado seccion="1041" casilla="BA" simbolo="0" pan="150" pri="189" prd="70" pt="11" pvem="4" convergencia="1" na="4" noreg="0" coalicion="0" nulos="27" total="456" />
  <resultado seccion="1042" casilla="BA" simbolo="0" pan="122" pri="76" prd="52" pt="5" pvem="0" convergencia="1" na="0" noreg="0" coalicion="0" nulos="5" total="261" />
  <resultado seccion="1042" casilla="C1" simbolo="0" pan="121" pri="77" prd="30" pt="2" pvem="1" convergencia="0" na="1" noreg="0" coalicion="0" nulos="16" total="248" />
  <resultado seccion="1043" casilla="BA" simbolo="0" pan="39" pri="26" prd="15" pt="3" pvem="4" convergencia="0" na="2" noreg="0" coalicion="0" nulos="1" total="90" />
  <resultado seccion="1044" casilla="BA" simbolo="0" pan="142" pri="160" prd="65" pt="3" pvem="3" convergencia="0" na="1" noreg="0" coalicion="0" nulos="10" total="384" />
  <resultado seccion="1044" casilla="C1" simbolo="0" pan="181" pri="108" prd="62" pt="3" pvem="1" convergencia="3" na="1" noreg="0" coalicion="0" nulos="18" total="377" />
  <resultado seccion="1045" casilla="BA" simbolo="0" pan="160" pri="90" prd="51" pt="0" pvem="1" convergencia="0" na="3" noreg="0" coalicion="0" nulos="11" total="316" />
  <resultado seccion="1046" casilla="BA" simbolo="0" pan="93" pri="87" prd="92" pt="9" pvem="3" convergencia="0" na="2" noreg="0" coalicion="0" nulos="9" total="295" />
  <resultado seccion="1046" casilla="C1" simbolo="0" pan="80" pri="106" prd="90" pt="8" pvem="1" convergencia="2" na="2" noreg="0" coalicion="0" nulos="11" total="300" />
  <resultado seccion="1047" casilla="BA" simbolo="0" pan="74" pri="65" prd="82" pt="0" pvem="2" convergencia="0" na="0" noreg="0" coalicion="2" nulos="10" total="235" />
  <resultado seccion="1048" casilla="BA" simbolo="0" pan="36" pri="29" prd="37" pt="15" pvem="3" convergencia="0" na="3" noreg="0" coalicion="0" nulos="4" total="127" />
  <resultado seccion="1049" casilla="BA" simbolo="0" pan="104" pri="179" prd="151" pt="3" pvem="3" convergencia="2" na="3" noreg="1" coalicion="0" nulos="16" total="462" />
  <resultado seccion="1049" casilla="C1" simbolo="0" pan="124" pri="150" prd="166" pt="5" pvem="2" convergencia="1" na="4" noreg="0" coalicion="1" nulos="17" total="470" />
  <resultado seccion="1050" casilla="BA" simbolo="0" pan="143" pri="76" prd="128" pt="6" pvem="2" convergencia="0" na="2" noreg="0" coalicion="0" nulos="16" total="373" />
  <resultado seccion="1050" casilla="C1" simbolo="0" pan="160" pri="67" prd="125" pt="4" pvem="1" convergencia="0" na="2" noreg="0" coalicion="0" nulos="7" total="366" />
  <resultado seccion="1050" casilla="EX" simbolo="0" pan="51" pri="127" prd="85" pt="3" pvem="0" convergencia="1" na="6" noreg="0" coalicion="2" nulos="13" total="288" />
  <resultado seccion="1051" casilla="BA" simbolo="0" pan="88" pri="79" prd="264" pt="24" pvem="4" convergencia="3" na="16" noreg="0" coalicion="0" nulos="11" total="489" />
  <resultado seccion="1051" casilla="EX" simbolo="0" pan="22" pri="52" prd="189" pt="4" pvem="1" convergencia="0" na="8" noreg="0" coalicion="0" nulos="8" total="284" />
  <resultado seccion="1051" casilla="X2" simbolo="0" pan="59" pri="35" prd="65" pt="5" pvem="2" convergencia="1" na="4" noreg="0" coalicion="0" nulos="0" total="171" />
  <resultado seccion="1051" casilla="X3" simbolo="0" pan="123" pri="39" prd="41" pt="7" pvem="1" convergencia="2" na="2" noreg="0" coalicion="0" nulos="10" total="225" />
  <resultado seccion="1052" casilla="BA" simbolo="0" pan="121" pri="120" prd="110" pt="16" pvem="3" convergencia="3" na="5" noreg="0" coalicion="2" nulos="14" total="394" />
  <resultado seccion="1052" casilla="C1" simbolo="0" pan="110" pri="172" prd="89" pt="7" pvem="4" convergencia="1" na="7" noreg="0" coalicion="1" nulos="9" total="400" />
  <resultado seccion="1053" casilla="BA" simbolo="0" pan="99" pri="116" prd="79" pt="10" pvem="6" convergencia="1" na="5" noreg="0" coalicion="1" nulos="27" total="344" />
  <resultado seccion="1053" casilla="C1" simbolo="0" pan="111" pri="121" prd="60" pt="7" pvem="7" convergencia="0" na="4" noreg="0" coalicion="0" nulos="19" total="329" />
  <resultado seccion="1053" casilla="C2" simbolo="0" pan="99" pri="126" prd="58" pt="7" pvem="1" convergencia="0" na="11" noreg="0" coalicion="1" nulos="19" total="322" />
  <resultado seccion="1054" casilla="BA" simbolo="0" pan="170" pri="190" prd="96" pt="8" pvem="2" convergencia="1" na="0" noreg="0" coalicion="0" nulos="16" total="483" />
  <resultado seccion="1054" casilla="EX" simbolo="0" pan="54" pri="30" prd="28" pt="1" pvem="1" convergencia="0" na="0" noreg="0" coalicion="0" nulos="5" total="119" />
  <resultado seccion="1055" casilla="BA" simbolo="0" pan="144" pri="112" prd="100" pt="3" pvem="6" convergencia="0" na="4" noreg="0" coalicion="0" nulos="17" total="386" />
  <resultado seccion="1055" casilla="C1" simbolo="0" pan="141" pri="94" prd="115" pt="16" pvem="3" convergencia="1" na="5" noreg="0" coalicion="0" nulos="11" total="386" />
  <resultado seccion="1056" casilla="BA" simbolo="0" pan="59" pri="69" prd="131" pt="0" pvem="0" convergencia="2" na="0" noreg="0" coalicion="1" nulos="15" total="277" />
  <resultado seccion="1056" casilla="C1" simbolo="0" pan="61" pri="71" prd="117" pt="0" pvem="3" convergencia="0" na="0" noreg="0" coalicion="1" nulos="16" total="269" />
  <resultado seccion="1056" casilla="EX" simbolo="0" pan="72" pri="47" prd="176" pt="3" pvem="0" convergencia="1" na="1" noreg="0" coalicion="0" nulos="14" total="314" />
  <resultado seccion="1057" casilla="BA" simbolo="0" pan="117" pri="170" prd="167" pt="8" pvem="2" convergencia="0" na="0" noreg="0" coalicion="1" nulos="9" total="474" />
  <resultado seccion="1058" casilla="BA" simbolo="0" pan="80" pri="73" prd="100" pt="5" pvem="0" convergencia="1" na="2" noreg="0" coalicion="0" nulos="0" total="261" />
  <resultado seccion="1058" casilla="C1" simbolo="0" pan="36" pri="112" prd="83" pt="1" pvem="3" convergencia="0" na="2" noreg="0" coalicion="0" nulos="10" total="247" />
  <resultado seccion="1059" casilla="BA" simbolo="0" pan="113" pri="182" prd="59" pt="1" pvem="2" convergencia="1" na="2" noreg="0" coalicion="0" nulos="14" total="374" />
  <resultado seccion="1060" casilla="BA" simbolo="0" pan="65" pri="151" prd="138" pt="3" pvem="1" convergencia="0" na="1" noreg="0" coalicion="0" nulos="6" total="365" />
  <resultado seccion="1060" casilla="C1" simbolo="0" pan="44" pri="187" prd="113" pt="0" pvem="5" convergencia="1" na="2" noreg="0" coalicion="0" nulos="15" total="367" />
  <resultado seccion="1060" casilla="EX" simbolo="0" pan="95" pri="36" prd="33" pt="2" pvem="2" convergencia="0" na="0" noreg="0" coalicion="0" nulos="12" total="180" />
  <resultado seccion="1061" casilla="BA" simbolo="0" pan="68" pri="79" prd="251" pt="7" pvem="2" convergencia="0" na="0" noreg="0" coalicion="0" nulos="17" total="424" />
  <resultado seccion="1061" casilla="C1" simbolo="0" pan="90" pri="145" prd="160" pt="2" pvem="4" convergencia="6" na="0" noreg="0" coalicion="1" nulos="12" total="420" />
  <resultado seccion="1061" casilla="EX" simbolo="0" pan="16" pri="41" prd="42" pt="3" pvem="0" convergencia="0" na="0" noreg="0" coalicion="0" nulos="3" total="105" />
  <resultado seccion="1062" casilla="BA" simbolo="0" pan="61" pri="135" prd="182" pt="6" pvem="3" convergencia="2" na="2" noreg="0" coalicion="1" nulos="18" total="410" />
</detallado>