﻿<detallado nomMunicipio="CUNDUACAN" listanominal="78,348" pan="725" pri="18,866" prd="23,700" pt="935" pvem="482" convergencia="287" na="612" noreg="323" coalicion="98" nulos="2,646" votaciontotal="48,674">
  <resultado seccion="0609" casilla="BA" simbolo="0" pan="6" pri="134" prd="233" pt="6" pvem="5" convergencia="1" na="7" noreg="0" coalicion="0" nulos="25" total="417" />
  <resultado seccion="0609" casilla="C1" simbolo="0" pan="5" pri="135" prd="253" pt="3" pvem="4" convergencia="1" na="4" noreg="0" coalicion="2" nulos="22" total="429" />
  <resultado seccion="0609" casilla="C2" simbolo="0" pan="11" pri="123" prd="245" pt="4" pvem="5" convergencia="0" na="1" noreg="0" coalicion="0" nulos="0" total="389" />
  <resultado seccion="0610" casilla="BA" simbolo="0" pan="10" pri="125" prd="172" pt="0" pvem="4" convergencia="1" na="4" noreg="0" coalicion="0" nulos="12" total="328" />
  <resultado seccion="0610" casilla="C1" simbolo="0" pan="4" pri="122" prd="159" pt="0" pvem="3" convergencia="1" na="4" noreg="0" coalicion="1" nulos="14" total="308" />
  <resultado seccion="0610" casilla="C2" simbolo="0" pan="4" pri="108" prd="178" pt="2" pvem="6" convergencia="1" na="8" noreg="1" coalicion="0" nulos="10" total="318" />
  <resultado seccion="0611" casilla="BA" simbolo="0" pan="5" pri="110" prd="213" pt="4" pvem="3" convergencia="5" na="5" noreg="0" coalicion="1" nulos="23" total="369" />
  <resultado seccion="0611" casilla="C1" simbolo="0" pan="4" pri="136" prd="196" pt="2" pvem="1" convergencia="0" na="8" noreg="0" coalicion="5" nulos="16" total="368" />
  <resultado seccion="0611" casilla="C2" simbolo="0" pan="9" pri="104" prd="188" pt="4" pvem="7" convergencia="2" na="3" noreg="1" coalicion="2" nulos="25" total="345" />
  <resultado seccion="0612" casilla="BA" simbolo="0" pan="6" pri="141" prd="211" pt="2" pvem="1" convergencia="1" na="2" noreg="0" coalicion="0" nulos="11" total="375" />
  <resultado seccion="0612" casilla="C1" simbolo="0" pan="3" pri="134" prd="207" pt="2" pvem="1" convergencia="0" na="4" noreg="0" coalicion="1" nulos="8" total="360" />
  <resultado seccion="0613" casilla="BA" simbolo="0" pan="6" pri="151" prd="242" pt="0" pvem="3" convergencia="0" na="13" noreg="1" coalicion="0" nulos="24" total="440" />
  <resultado seccion="0613" casilla="C1" simbolo="0" pan="10" pri="158" prd="244" pt="1" pvem="3" convergencia="1" na="8" noreg="0" coalicion="1" nulos="15" total="441" />
  <resultado seccion="0613" casilla="ES" simbolo="0" pan="12" pri="91" prd="112" pt="2" pvem="3" convergencia="1" na="3" noreg="0" coalicion="0" nulos="13" total="237" />
  <resultado seccion="0614" casilla="BA" simbolo="0" pan="8" pri="138" prd="192" pt="7" pvem="2" convergencia="0" na="3" noreg="0" coalicion="0" nulos="0" total="350" />
  <resultado seccion="0614" casilla="C1" simbolo="0" pan="0" pri="102" prd="252" pt="4" pvem="4" convergencia="0" na="4" noreg="0" coalicion="1" nulos="0" total="367" />
  <resultado seccion="0614" casilla="C2" simbolo="0" pan="5" pri="118" prd="195" pt="4" pvem="2" convergencia="0" na="5" noreg="1" coalicion="1" nulos="24" total="355" />
  <resultado seccion="0615" casilla="BA" simbolo="0" pan="7" pri="138" prd="229" pt="0" pvem="1" convergencia="2" na="9" noreg="0" coalicion="1" nulos="19" total="406" />
  <resultado seccion="0615" casilla="C1" simbolo="0" pan="2" pri="180" prd="208" pt="0" pvem="2" convergencia="0" na="13" noreg="0" coalicion="1" nulos="12" total="418" />
  <resultado seccion="0616" casilla="BA" simbolo="0" pan="5" pri="156" prd="272" pt="0" pvem="6" convergencia="2" na="12" noreg="0" coalicion="0" nulos="23" total="476" />
  <resultado seccion="0616" casilla="C1" simbolo="0" pan="7" pri="103" prd="295" pt="0" pvem="7" convergencia="0" na="2" noreg="0" coalicion="3" nulos="25" total="442" />
  <resultado seccion="0617" casilla="BA" simbolo="0" pan="10" pri="122" prd="231" pt="2" pvem="5" convergencia="1" na="4" noreg="0" coalicion="0" nulos="13" total="388" />
  <resultado seccion="0617" casilla="C1" simbolo="0" pan="7" pri="128" prd="210" pt="2" pvem="1" convergencia="0" na="3" noreg="2" coalicion="0" nulos="15" total="368" />
  <resultado seccion="0617" casilla="C2" simbolo="0" pan="10" pri="121" prd="226" pt="2" pvem="4" convergencia="1" na="8" noreg="0" coalicion="1" nulos="11" total="384" />
  <resultado seccion="0618" casilla="BA" simbolo="0" pan="1" pri="238" prd="170" pt="3" pvem="2" convergencia="3" na="0" noreg="0" coalicion="0" nulos="13" total="430" />
  <resultado seccion="0618" casilla="C1" simbolo="0" pan="2" pri="247" prd="174" pt="3" pvem="1" convergencia="4" na="0" noreg="0" coalicion="0" nulos="18" total="449" />
  <resultado seccion="0619" casilla="BA" simbolo="0" pan="1" pri="134" prd="167" pt="5" pvem="2" convergencia="1" na="1" noreg="0" coalicion="0" nulos="21" total="332" />
  <resultado seccion="0619" casilla="C1" simbolo="0" pan="1" pri="139" prd="172" pt="8" pvem="2" convergencia="1" na="3" noreg="0" coalicion="0" nulos="22" total="348" />
  <resultado seccion="0620" casilla="BA" simbolo="0" pan="4" pri="171" prd="114" pt="2" pvem="1" convergencia="2" na="2" noreg="0" coalicion="1" nulos="20" total="317" />
  <resultado seccion="0620" casilla="C1" simbolo="0" pan="1" pri="150" prd="136" pt="6" pvem="2" convergencia="3" na="2" noreg="0" coalicion="0" nulos="0" total="300" />
  <resultado seccion="0620" casilla="C2" simbolo="0" pan="2" pri="172" prd="113" pt="6" pvem="2" convergencia="3" na="4" noreg="0" coalicion="0" nulos="15" total="317" />
  <resultado seccion="0621" casilla="BA" simbolo="0" pan="5" pri="157" prd="230" pt="5" pvem="2" convergencia="2" na="2" noreg="0" coalicion="0" nulos="15" total="418" />
  <resultado seccion="0621" casilla="C1" simbolo="0" pan="3" pri="196" prd="179" pt="7" pvem="2" convergencia="6" na="1" noreg="0" coalicion="2" nulos="18" total="414" />
  <resultado seccion="0622" casilla="BA" simbolo="0" pan="5" pri="61" prd="152" pt="13" pvem="5" convergencia="1" na="0" noreg="0" coalicion="1" nulos="28" total="266" />
  <resultado seccion="0622" casilla="C1" simbolo="0" pan="4" pri="60" prd="140" pt="9" pvem="4" convergencia="2" na="1" noreg="0" coalicion="1" nulos="32" total="253" />
  <resultado seccion="0623" casilla="BA" simbolo="0" pan="3" pri="88" prd="175" pt="5" pvem="0" convergencia="1" na="1" noreg="0" coalicion="0" nulos="14" total="287" />
  <resultado seccion="0623" casilla="C1" simbolo="0" pan="0" pri="117" prd="188" pt="2" pvem="0" convergencia="1" na="3" noreg="311" coalicion="0" nulos="0" total="622" />
  <resultado seccion="0624" casilla="BA" simbolo="0" pan="0" pri="236" prd="141" pt="10" pvem="1" convergencia="2" na="6" noreg="0" coalicion="1" nulos="13" total="410" />
  <resultado seccion="0624" casilla="C1" simbolo="0" pan="2" pri="223" prd="155" pt="7" pvem="5" convergencia="2" na="4" noreg="0" coalicion="1" nulos="25" total="424" />
  <resultado seccion="0625" casilla="BA" simbolo="0" pan="3" pri="163" prd="252" pt="12" pvem="1" convergencia="4" na="4" noreg="0" coalicion="1" nulos="29" total="469" />
  <resultado seccion="0625" casilla="C1" simbolo="0" pan="1" pri="162" prd="221" pt="14" pvem="4" convergencia="1" na="1" noreg="0" coalicion="0" nulos="28" total="432" />
  <resultado seccion="0626" casilla="BA" simbolo="0" pan="0" pri="128" prd="136" pt="0" pvem="3" convergencia="1" na="3" noreg="0" coalicion="0" nulos="39" total="310" />
  <resultado seccion="0626" casilla="C1" simbolo="0" pan="1" pri="145" prd="140" pt="11" pvem="4" convergencia="0" na="1" noreg="0" coalicion="0" nulos="0" total="302" />
  <resultado seccion="0627" casilla="BA" simbolo="0" pan="5" pri="130" prd="106" pt="8" pvem="1" convergencia="3" na="0" noreg="0" coalicion="0" nulos="14" total="267" />
  <resultado seccion="0627" casilla="C1" simbolo="0" pan="7" pri="143" prd="86" pt="3" pvem="2" convergencia="2" na="2" noreg="0" coalicion="0" nulos="12" total="257" />
  <resultado seccion="0628" casilla="BA" simbolo="0" pan="6" pri="206" prd="175" pt="10" pvem="0" convergencia="6" na="0" noreg="0" coalicion="0" nulos="16" total="419" />
  <resultado seccion="0628" casilla="C1" simbolo="0" pan="1" pri="170" prd="187" pt="6" pvem="2" convergencia="4" na="2" noreg="0" coalicion="0" nulos="0" total="372" />
  <resultado seccion="0629" casilla="BA" simbolo="0" pan="5" pri="155" prd="188" pt="5" pvem="4" convergencia="2" na="2" noreg="0" coalicion="0" nulos="13" total="374" />
  <resultado seccion="0629" casilla="C1" simbolo="0" pan="5" pri="155" prd="187" pt="0" pvem="0" convergencia="2" na="3" noreg="0" coalicion="0" nulos="24" total="376" />
  <resultado seccion="0630" casilla="BA" simbolo="0" pan="10" pri="125" prd="191" pt="8" pvem="2" convergencia="1" na="4" noreg="0" coalicion="0" nulos="17" total="358" />
  <resultado seccion="0630" casilla="C1" simbolo="0" pan="12" pri="126" prd="184" pt="3" pvem="7" convergencia="1" na="9" noreg="0" coalicion="2" nulos="36" total="380" />
  <resultado seccion="0631" casilla="BA" simbolo="0" pan="21" pri="125" prd="213" pt="13" pvem="4" convergencia="1" na="13" noreg="0" coalicion="2" nulos="21" total="413" />
  <resultado seccion="0631" casilla="C1" simbolo="0" pan="29" pri="115" prd="200" pt="8" pvem="7" convergencia="0" na="3" noreg="0" coalicion="0" nulos="19" total="381" />
  <resultado seccion="0632" casilla="BA" simbolo="0" pan="10" pri="108" prd="139" pt="3" pvem="2" convergencia="7" na="6" noreg="0" coalicion="2" nulos="23" total="300" />
  <resultado seccion="0632" casilla="C1" simbolo="0" pan="7" pri="101" prd="152" pt="0" pvem="1" convergencia="3" na="13" noreg="0" coalicion="0" nulos="27" total="304" />
  <resultado seccion="0633" casilla="BA" simbolo="0" pan="8" pri="157" prd="97" pt="17" pvem="6" convergencia="1" na="2" noreg="0" coalicion="0" nulos="31" total="319" />
  <resultado seccion="0633" casilla="C1" simbolo="0" pan="5" pri="162" prd="87" pt="23" pvem="4" convergencia="1" na="0" noreg="0" coalicion="0" nulos="30" total="312" />
  <resultado seccion="0634" casilla="BA" simbolo="0" pan="7" pri="157" prd="154" pt="4" pvem="5" convergencia="0" na="4" noreg="0" coalicion="0" nulos="19" total="350" />
  <resultado seccion="0634" casilla="C1" simbolo="0" pan="3" pri="165" prd="160" pt="5" pvem="13" convergencia="0" na="2" noreg="0" coalicion="0" nulos="10" total="358" />
  <resultado seccion="0635" casilla="BA" simbolo="0" pan="3" pri="165" prd="168" pt="9" pvem="6" convergencia="2" na="6" noreg="0" coalicion="1" nulos="27" total="387" />
  <resultado seccion="0635" casilla="C1" simbolo="0" pan="5" pri="174" prd="152" pt="9" pvem="7" convergencia="1" na="2" noreg="0" coalicion="0" nulos="25" total="375" />
  <resultado seccion="0635" casilla="C2" simbolo="0" pan="1" pri="165" prd="156" pt="7" pvem="1" convergencia="0" na="3" noreg="0" coalicion="0" nulos="25" total="358" />
  <resultado seccion="0636" casilla="BA" simbolo="0" pan="5" pri="172" prd="188" pt="12" pvem="3" convergencia="3" na="7" noreg="1" coalicion="0" nulos="38" total="429" />
  <resultado seccion="0636" casilla="C1" simbolo="0" pan="5" pri="160" prd="202" pt="0" pvem="2" convergencia="1" na="2" noreg="0" coalicion="0" nulos="53" total="425" />
  <resultado seccion="0637" casilla="BA" simbolo="0" pan="1" pri="135" prd="214" pt="0" pvem="0" convergencia="0" na="5" noreg="0" coalicion="1" nulos="45" total="401" />
  <resultado seccion="0637" casilla="C1" simbolo="0" pan="8" pri="151" prd="231" pt="0" pvem="1" convergencia="4" na="0" noreg="0" coalicion="5" nulos="31" total="431" />
  <resultado seccion="0638" casilla="BA" simbolo="0" pan="1" pri="223" prd="224" pt="2" pvem="3" convergencia="2" na="5" noreg="0" coalicion="1" nulos="27" total="488" />
  <resultado seccion="0638" casilla="C1" simbolo="0" pan="1" pri="186" prd="232" pt="0" pvem="6" convergencia="0" na="2" noreg="0" coalicion="0" nulos="42" total="469" />
  <resultado seccion="0639" casilla="BA" simbolo="0" pan="38" pri="118" prd="240" pt="19" pvem="0" convergencia="2" na="4" noreg="0" coalicion="1" nulos="27" total="449" />
  <resultado seccion="0639" casilla="C1" simbolo="0" pan="43" pri="99" prd="226" pt="8" pvem="4" convergencia="0" na="7" noreg="0" coalicion="1" nulos="25" total="413" />
  <resultado seccion="0640" casilla="BA" simbolo="0" pan="6" pri="126" prd="189" pt="6" pvem="14" convergencia="2" na="4" noreg="1" coalicion="0" nulos="8" total="356" />
  <resultado seccion="0640" casilla="C1" simbolo="0" pan="1" pri="147" prd="192" pt="3" pvem="15" convergencia="6" na="3" noreg="0" coalicion="1" nulos="10" total="378" />
  <resultado seccion="0641" casilla="BA" simbolo="0" pan="4" pri="214" prd="152" pt="11" pvem="5" convergencia="19" na="10" noreg="0" coalicion="0" nulos="22" total="437" />
  <resultado seccion="0641" casilla="C1" simbolo="0" pan="4" pri="174" prd="183" pt="9" pvem="11" convergencia="9" na="1" noreg="0" coalicion="1" nulos="36" total="428" />
  <resultado seccion="0641" casilla="C2" simbolo="0" pan="0" pri="211" prd="164" pt="14" pvem="5" convergencia="7" na="2" noreg="0" coalicion="0" nulos="32" total="435" />
  <resultado seccion="0642" casilla="BA" simbolo="0" pan="2" pri="206" prd="134" pt="1" pvem="7" convergencia="4" na="1" noreg="0" coalicion="1" nulos="11" total="367" />
  <resultado seccion="0642" casilla="C1" simbolo="0" pan="3" pri="172" prd="166" pt="5" pvem="17" convergencia="5" na="2" noreg="0" coalicion="0" nulos="9" total="379" />
  <resultado seccion="0642" casilla="C2" simbolo="0" pan="5" pri="219" prd="124" pt="2" pvem="10" convergencia="2" na="2" noreg="0" coalicion="0" nulos="0" total="364" />
  <resultado seccion="0643" casilla="BA" simbolo="0" pan="4" pri="106" prd="148" pt="13" pvem="7" convergencia="2" na="20" noreg="0" coalicion="6" nulos="28" total="334" />
  <resultado seccion="0643" casilla="C1" simbolo="0" pan="0" pri="112" prd="177" pt="11" pvem="2" convergencia="0" na="12" noreg="0" coalicion="5" nulos="11" total="330" />
  <resultado seccion="0644" casilla="BA" simbolo="0" pan="1" pri="155" prd="138" pt="8" pvem="2" convergencia="1" na="4" noreg="0" coalicion="0" nulos="25" total="334" />
  <resultado seccion="0644" casilla="C1" simbolo="0" pan="1" pri="165" prd="152" pt="10" pvem="2" convergencia="3" na="5" noreg="0" coalicion="0" nulos="35" total="373" />
  <resultado seccion="0645" casilla="BA" simbolo="0" pan="4" pri="161" prd="168" pt="8" pvem="2" convergencia="0" na="8" noreg="0" coalicion="2" nulos="21" total="374" />
  <resultado seccion="0645" casilla="C1" simbolo="0" pan="4" pri="170" prd="187" pt="13" pvem="7" convergencia="1" na="1" noreg="0" coalicion="1" nulos="18" total="402" />
  <resultado seccion="0645" casilla="C2" simbolo="0" pan="2" pri="208" prd="153" pt="5" pvem="7" convergencia="2" na="2" noreg="0" coalicion="2" nulos="18" total="399" />
  <resultado seccion="0646" casilla="BA" simbolo="0" pan="7" pri="111" prd="118" pt="13" pvem="4" convergencia="3" na="14" noreg="0" coalicion="1" nulos="22" total="293" />
  <resultado seccion="0646" casilla="C1" simbolo="0" pan="4" pri="111" prd="140" pt="11" pvem="0" convergencia="0" na="17" noreg="0" coalicion="1" nulos="30" total="314" />
  <resultado seccion="0647" casilla="BA" simbolo="0" pan="3" pri="145" prd="174" pt="9" pvem="3" convergencia="0" na="15" noreg="0" coalicion="4" nulos="31" total="384" />
  <resultado seccion="0647" casilla="C1" simbolo="0" pan="7" pri="105" prd="176" pt="9" pvem="8" convergencia="0" na="28" noreg="1" coalicion="0" nulos="32" total="366" />
  <resultado seccion="0648" casilla="BA" simbolo="0" pan="7" pri="115" prd="187" pt="5" pvem="2" convergencia="1" na="8" noreg="0" coalicion="0" nulos="25" total="350" />
  <resultado seccion="0648" casilla="C1" simbolo="0" pan="6" pri="90" prd="220" pt="13" pvem="4" convergencia="11" na="2" noreg="1" coalicion="1" nulos="27" total="375" />
  <resultado seccion="0649" casilla="BA" simbolo="0" pan="2" pri="137" prd="197" pt="21" pvem="4" convergencia="9" na="4" noreg="0" coalicion="1" nulos="0" total="375" />
  <resultado seccion="0649" casilla="C1" simbolo="0" pan="8" pri="138" prd="191" pt="11" pvem="2" convergencia="3" na="0" noreg="0" coalicion="0" nulos="28" total="381" />
  <resultado seccion="0650" casilla="BA" simbolo="0" pan="4" pri="197" prd="120" pt="7" pvem="0" convergencia="7" na="1" noreg="0" coalicion="0" nulos="11" total="347" />
  <resultado seccion="0650" casilla="C1" simbolo="0" pan="4" pri="186" prd="136" pt="9" pvem="4" convergencia="7" na="1" noreg="0" coalicion="0" nulos="19" total="366" />
  <resultado seccion="0651" casilla="BA" simbolo="0" pan="2" pri="66" prd="168" pt="10" pvem="4" convergencia="1" na="14" noreg="0" coalicion="3" nulos="21" total="289" />
  <resultado seccion="0651" casilla="C1" simbolo="0" pan="2" pri="83" prd="138" pt="0" pvem="3" convergencia="0" na="12" noreg="0" coalicion="1" nulos="29" total="268" />
  <resultado seccion="0651" casilla="EX" simbolo="0" pan="7" pri="73" prd="120" pt="1" pvem="2" convergencia="0" na="3" noreg="0" coalicion="0" nulos="10" total="216" />
  <resultado seccion="0652" casilla="BA" simbolo="0" pan="1" pri="108" prd="205" pt="9" pvem="5" convergencia="3" na="1" noreg="0" coalicion="0" nulos="28" total="360" />
  <resultado seccion="0652" casilla="C1" simbolo="0" pan="2" pri="124" prd="185" pt="8" pvem="1" convergencia="4" na="2" noreg="0" coalicion="3" nulos="23" total="352" />
  <resultado seccion="0653" casilla="BA" simbolo="0" pan="1" pri="103" prd="242" pt="12" pvem="2" convergencia="2" na="2" noreg="0" coalicion="2" nulos="28" total="394" />
  <resultado seccion="0653" casilla="C1" simbolo="0" pan="2" pri="80" prd="250" pt="0" pvem="3" convergencia="0" na="4" noreg="0" coalicion="0" nulos="69" total="408" />
  <resultado seccion="0654" casilla="BA" simbolo="0" pan="20" pri="144" prd="201" pt="9" pvem="5" convergencia="2" na="8" noreg="0" coalicion="8" nulos="20" total="417" />
  <resultado seccion="0654" casilla="C1" simbolo="0" pan="16" pri="113" prd="259" pt="8" pvem="2" convergencia="1" na="2" noreg="0" coalicion="0" nulos="18" total="419" />
  <resultado seccion="0654" casilla="C2" simbolo="0" pan="22" pri="114" prd="258" pt="10" pvem="2" convergencia="1" na="7" noreg="0" coalicion="1" nulos="17" total="432" />
  <resultado seccion="0655" casilla="BA" simbolo="0" pan="6" pri="134" prd="235" pt="18" pvem="9" convergencia="0" na="1" noreg="0" coalicion="0" nulos="0" total="403" />
  <resultado seccion="0655" casilla="EX" simbolo="0" pan="2" pri="66" prd="86" pt="7" pvem="3" convergencia="1" na="1" noreg="0" coalicion="0" nulos="10" total="176" />
  <resultado seccion="0656" casilla="BA" simbolo="0" pan="4" pri="107" prd="261" pt="6" pvem="3" convergencia="1" na="1" noreg="0" coalicion="0" nulos="13" total="396" />
  <resultado seccion="0656" casilla="C1" simbolo="0" pan="4" pri="114" prd="223" pt="7" pvem="2" convergencia="2" na="4" noreg="0" coalicion="0" nulos="0" total="356" />
  <resultado seccion="0656" casilla="C2" simbolo="0" pan="4" pri="108" prd="198" pt="7" pvem="1" convergencia="0" na="4" noreg="0" coalicion="2" nulos="18" total="342" />
  <resultado seccion="0657" casilla="BA" simbolo="0" pan="2" pri="112" prd="104" pt="8" pvem="2" convergencia="0" na="0" noreg="1" coalicion="0" nulos="12" total="241" />
  <resultado seccion="0657" casilla="C1" simbolo="0" pan="1" pri="97" prd="137" pt="11" pvem="1" convergencia="1" na="0" noreg="0" coalicion="0" nulos="21" total="269" />
  <resultado seccion="0658" casilla="BA" simbolo="0" pan="4" pri="115" prd="236" pt="7" pvem="0" convergencia="0" na="12" noreg="0" coalicion="0" nulos="28" total="402" />
  <resultado seccion="0658" casilla="C1" simbolo="0" pan="5" pri="126" prd="211" pt="11" pvem="4" convergencia="0" na="24" noreg="0" coalicion="2" nulos="25" total="408" />
  <resultado seccion="0659" casilla="BA" simbolo="0" pan="4" pri="124" prd="209" pt="2" pvem="3" convergencia="0" na="3" noreg="1" coalicion="0" nulos="26" total="372" />
  <resultado seccion="0659" casilla="C1" simbolo="0" pan="2" pri="132" prd="173" pt="6" pvem="4" convergencia="1" na="1" noreg="0" coalicion="0" nulos="35" total="354" />
  <resultado seccion="0659" casilla="C2" simbolo="0" pan="3" pri="113" prd="183" pt="6" pvem="3" convergencia="1" na="0" noreg="0" coalicion="1" nulos="12" total="322" />
  <resultado seccion="0660" casilla="BA" simbolo="0" pan="2" pri="139" prd="139" pt="12" pvem="4" convergencia="5" na="1" noreg="0" coalicion="1" nulos="15" total="318" />
  <resultado seccion="0661" casilla="BA" simbolo="0" pan="1" pri="131" prd="154" pt="11" pvem="1" convergencia="7" na="13" noreg="0" coalicion="0" nulos="16" total="334" />
  <resultado seccion="0661" casilla="EX" simbolo="0" pan="0" pri="64" prd="80" pt="7" pvem="0" convergencia="1" na="2" noreg="0" coalicion="0" nulos="16" total="170" />
  <resultado seccion="0662" casilla="BA" simbolo="0" pan="2" pri="186" prd="145" pt="11" pvem="3" convergencia="0" na="0" noreg="0" coalicion="0" nulos="29" total="376" />
  <resultado seccion="0662" casilla="C1" simbolo="0" pan="3" pri="140" prd="185" pt="14" pvem="2" convergencia="1" na="1" noreg="0" coalicion="1" nulos="24" total="371" />
  <resultado seccion="0663" casilla="BA" simbolo="0" pan="9" pri="198" prd="152" pt="4" pvem="3" convergencia="7" na="4" noreg="0" coalicion="1" nulos="21" total="399" />
  <resultado seccion="0663" casilla="C1" simbolo="0" pan="4" pri="184" prd="169" pt="9" pvem="0" convergencia="0" na="5" noreg="0" coalicion="0" nulos="19" total="390" />
  <resultado seccion="0663" casilla="C2" simbolo="0" pan="4" pri="189" prd="159" pt="6" pvem="6" convergencia="6" na="2" noreg="0" coalicion="0" nulos="19" total="391" />
  <resultado seccion="0663" casilla="C3" simbolo="0" pan="6" pri="163" prd="204" pt="9" pvem="4" convergencia="6" na="0" noreg="0" coalicion="0" nulos="15" total="407" />
  <resultado seccion="0664" casilla="BA" simbolo="0" pan="7" pri="79" prd="87" pt="6" pvem="0" convergencia="1" na="1" noreg="0" coalicion="0" nulos="14" total="195" />
  <resultado seccion="0664" casilla="C1" simbolo="0" pan="4" pri="67" prd="75" pt="3" pvem="6" convergencia="1" na="1" noreg="0" coalicion="0" nulos="0" total="157" />
  <resultado seccion="0665" casilla="BA" simbolo="0" pan="4" pri="153" prd="96" pt="3" pvem="4" convergencia="3" na="8" noreg="0" coalicion="0" nulos="14" total="285" />
  <resultado seccion="0665" casilla="C1" simbolo="0" pan="4" pri="119" prd="110" pt="1" pvem="4" convergencia="1" na="1" noreg="0" coalicion="0" nulos="3" total="243" />
  <resultado seccion="0665" casilla="C2" simbolo="0" pan="4" pri="150" prd="105" pt="5" pvem="7" convergencia="1" na="6" noreg="0" coalicion="0" nulos="5" total="283" />
  <resultado seccion="0666" casilla="BA" simbolo="0" pan="3" pri="155" prd="73" pt="39" pvem="4" convergencia="2" na="1" noreg="0" coalicion="0" nulos="28" total="305" />
  <resultado seccion="0666" casilla="C1" simbolo="0" pan="2" pri="158" prd="57" pt="35" pvem="2" convergencia="6" na="4" noreg="0" coalicion="0" nulos="22" total="286" />
  <resultado seccion="0667" casilla="BA" simbolo="0" pan="5" pri="98" prd="160" pt="4" pvem="4" convergencia="3" na="0" noreg="0" coalicion="0" nulos="18" total="292" />
  <resultado seccion="0667" casilla="C1" simbolo="0" pan="5" pri="143" prd="125" pt="3" pvem="1" convergencia="1" na="5" noreg="0" coalicion="0" nulos="9" total="292" />
</detallado>