﻿<detallado nomMunicipio="EMILIANO ZAPATA" listanominal="20,629" pan="8,959" pri="5,337" prd="339" pt="20" pvem="53" convergencia="3" na="92" noreg="4" coalicion="49" nulos="279" votaciontotal="15,135">
  <resultado seccion="0668" casilla="BA" simbolo="0" pan="257" pri="158" prd="6" pt="0" pvem="2" convergencia="0" na="2" noreg="0" coalicion="1" nulos="6" total="432" />
  <resultado seccion="0668" casilla="C1" simbolo="0" pan="279" pri="133" prd="8" pt="1" pvem="1" convergencia="1" na="5" noreg="0" coalicion="2" nulos="10" total="440" />
  <resultado seccion="0668" casilla="C2" simbolo="0" pan="268" pri="157" prd="8" pt="0" pvem="3" convergencia="0" na="3" noreg="0" coalicion="3" nulos="3" total="445" />
  <resultado seccion="0669" casilla="BA" simbolo="0" pan="215" pri="152" prd="5" pt="1" pvem="1" convergencia="0" na="2" noreg="0" coalicion="0" nulos="14" total="390" />
  <resultado seccion="0669" casilla="C1" simbolo="0" pan="190" pri="174" prd="5" pt="0" pvem="1" convergencia="0" na="4" noreg="1" coalicion="2" nulos="6" total="383" />
  <resultado seccion="0670" casilla="BA" simbolo="0" pan="179" pri="96" prd="4" pt="1" pvem="0" convergencia="0" na="3" noreg="0" coalicion="0" nulos="9" total="292" />
  <resultado seccion="0670" casilla="C1" simbolo="0" pan="186" pri="98" prd="10" pt="0" pvem="1" convergencia="0" na="4" noreg="0" coalicion="0" nulos="3" total="302" />
  <resultado seccion="0670" casilla="ES" simbolo="0" pan="39" pri="13" prd="0" pt="0" pvem="0" convergencia="0" na="1" noreg="1" coalicion="1" nulos="1" total="56" />
  <resultado seccion="0671" casilla="BA" simbolo="0" pan="202" pri="163" prd="12" pt="0" pvem="2" convergencia="0" na="3" noreg="0" coalicion="0" nulos="3" total="385" />
  <resultado seccion="0671" casilla="C1" simbolo="0" pan="202" pri="167" prd="12" pt="0" pvem="2" convergencia="0" na="1" noreg="0" coalicion="0" nulos="7" total="391" />
  <resultado seccion="0672" casilla="BA" simbolo="0" pan="202" pri="180" prd="12" pt="0" pvem="0" convergencia="0" na="2" noreg="0" coalicion="2" nulos="10" total="408" />
  <resultado seccion="0672" casilla="C1" simbolo="0" pan="226" pri="154" prd="7" pt="0" pvem="0" convergencia="0" na="3" noreg="0" coalicion="3" nulos="3" total="396" />
  <resultado seccion="0672" casilla="C2" simbolo="0" pan="235" pri="138" prd="9" pt="1" pvem="0" convergencia="0" na="0" noreg="0" coalicion="1" nulos="6" total="390" />
  <resultado seccion="0673" casilla="BA" simbolo="0" pan="248" pri="139" prd="6" pt="0" pvem="0" convergencia="0" na="0" noreg="0" coalicion="1" nulos="6" total="400" />
  <resultado seccion="0673" casilla="C1" simbolo="0" pan="235" pri="149" prd="9" pt="0" pvem="0" convergencia="0" na="2" noreg="0" coalicion="4" nulos="4" total="403" />
  <resultado seccion="0674" casilla="BA" simbolo="0" pan="272" pri="116" prd="8" pt="0" pvem="2" convergencia="0" na="3" noreg="0" coalicion="3" nulos="10" total="414" />
  <resultado seccion="0674" casilla="C1" simbolo="0" pan="248" pri="127" prd="7" pt="0" pvem="1" convergencia="0" na="3" noreg="0" coalicion="3" nulos="20" total="409" />
  <resultado seccion="0674" casilla="C2" simbolo="0" pan="258" pri="131" prd="6" pt="3" pvem="1" convergencia="0" na="3" noreg="0" coalicion="2" nulos="5" total="409" />
  <resultado seccion="0674" casilla="C3" simbolo="0" pan="266" pri="132" prd="7" pt="0" pvem="1" convergencia="0" na="3" noreg="0" coalicion="1" nulos="5" total="415" />
  <resultado seccion="0675" casilla="BA" simbolo="0" pan="197" pri="89" prd="19" pt="0" pvem="1" convergencia="0" na="3" noreg="0" coalicion="1" nulos="4" total="314" />
  <resultado seccion="0675" casilla="C1" simbolo="0" pan="201" pri="88" prd="13" pt="0" pvem="1" convergencia="0" na="6" noreg="0" coalicion="3" nulos="4" total="316" />
  <resultado seccion="0676" casilla="BA" simbolo="0" pan="252" pri="175" prd="7" pt="0" pvem="2" convergencia="0" na="3" noreg="0" coalicion="0" nulos="9" total="448" />
  <resultado seccion="0676" casilla="C1" simbolo="0" pan="261" pri="136" prd="11" pt="1" pvem="2" convergencia="0" na="2" noreg="0" coalicion="1" nulos="7" total="421" />
  <resultado seccion="0677" casilla="BA" simbolo="0" pan="254" pri="150" prd="11" pt="0" pvem="2" convergencia="0" na="3" noreg="0" coalicion="3" nulos="5" total="428" />
  <resultado seccion="0677" casilla="C1" simbolo="0" pan="312" pri="148" prd="4" pt="1" pvem="1" convergencia="0" na="1" noreg="0" coalicion="1" nulos="8" total="476" />
  <resultado seccion="0677" casilla="C2" simbolo="0" pan="306" pri="140" prd="9" pt="0" pvem="1" convergencia="0" na="0" noreg="0" coalicion="1" nulos="9" total="466" />
  <resultado seccion="0677" casilla="C3" simbolo="0" pan="280" pri="150" prd="11" pt="0" pvem="5" convergencia="0" na="1" noreg="0" coalicion="0" nulos="6" total="453" />
  <resultado seccion="0678" casilla="BA" simbolo="0" pan="281" pri="190" prd="12" pt="1" pvem="1" convergencia="0" na="6" noreg="0" coalicion="1" nulos="12" total="504" />
  <resultado seccion="0678" casilla="C1" simbolo="0" pan="269" pri="199" prd="5" pt="1" pvem="4" convergencia="0" na="5" noreg="0" coalicion="0" nulos="9" total="492" />
  <resultado seccion="0678" casilla="C2" simbolo="0" pan="245" pri="185" prd="14" pt="5" pvem="1" convergencia="1" na="6" noreg="0" coalicion="0" nulos="18" total="475" />
  <resultado seccion="0678" casilla="C3" simbolo="0" pan="289" pri="178" prd="14" pt="0" pvem="0" convergencia="0" na="2" noreg="0" coalicion="3" nulos="4" total="490" />
  <resultado seccion="0679" casilla="BA" simbolo="0" pan="213" pri="116" prd="2" pt="1" pvem="2" convergencia="0" na="1" noreg="0" coalicion="0" nulos="7" total="342" />
  <resultado seccion="0679" casilla="C1" simbolo="0" pan="225" pri="128" prd="1" pt="0" pvem="1" convergencia="0" na="2" noreg="0" coalicion="0" nulos="5" total="362" />
  <resultado seccion="0680" casilla="BA" simbolo="0" pan="124" pri="44" prd="8" pt="0" pvem="0" convergencia="0" na="0" noreg="0" coalicion="0" nulos="3" total="179" />
  <resultado seccion="0681" casilla="BA" simbolo="0" pan="361" pri="189" prd="20" pt="0" pvem="1" convergencia="0" na="0" noreg="0" coalicion="5" nulos="8" total="584" />
  <resultado seccion="0682" casilla="BA" simbolo="0" pan="279" pri="209" prd="15" pt="2" pvem="1" convergencia="1" na="0" noreg="0" coalicion="1" nulos="5" total="513" />
  <resultado seccion="0683" casilla="BA" simbolo="0" pan="204" pri="120" prd="12" pt="0" pvem="5" convergencia="0" na="2" noreg="1" coalicion="0" nulos="15" total="359" />
  <resultado seccion="0683" casilla="C1" simbolo="0" pan="199" pri="126" prd="10" pt="1" pvem="4" convergencia="0" na="2" noreg="1" coalicion="0" nulos="10" total="353" />
</detallado>