﻿<detallado nomMunicipio="NACAJUCA" listanominal="67,101" pan="472" pri="24,538" prd="15,748" pt="1,516" pvem="264" convergencia="62" na="602" noreg="13" coalicion="99" nulos="1,071" votaciontotal="44,385">
  <resultado seccion="0954" casilla="BA" simbolo="0" pan="4" pri="250" prd="72" pt="3" pvem="0" convergencia="0" na="12" noreg="1" coalicion="2" nulos="4" total="348" />
  <resultado seccion="0954" casilla="C1" simbolo="0" pan="3" pri="313" prd="49" pt="3" pvem="1" convergencia="0" na="10" noreg="0" coalicion="3" nulos="1" total="383" />
  <resultado seccion="0955" casilla="BA" simbolo="0" pan="12" pri="364" prd="124" pt="12" pvem="0" convergencia="0" na="13" noreg="0" coalicion="3" nulos="7" total="535" />
  <resultado seccion="0955" casilla="C1" simbolo="0" pan="7" pri="378" prd="118" pt="10" pvem="0" convergencia="1" na="4" noreg="0" coalicion="2" nulos="8" total="528" />
  <resultado seccion="0956" casilla="BA" simbolo="0" pan="6" pri="233" prd="104" pt="26" pvem="5" convergencia="0" na="3" noreg="0" coalicion="2" nulos="6" total="385" />
  <resultado seccion="0956" casilla="C1" simbolo="0" pan="3" pri="258" prd="82" pt="14" pvem="1" convergencia="0" na="3" noreg="0" coalicion="2" nulos="8" total="371" />
  <resultado seccion="0956" casilla="C2" simbolo="0" pan="4" pri="279" prd="68" pt="14" pvem="0" convergencia="0" na="7" noreg="1" coalicion="0" nulos="5" total="378" />
  <resultado seccion="0957" casilla="BA" simbolo="0" pan="5" pri="293" prd="72" pt="4" pvem="1" convergencia="1" na="11" noreg="0" coalicion="2" nulos="5" total="394" />
  <resultado seccion="0957" casilla="C1" simbolo="0" pan="5" pri="336" prd="58" pt="2" pvem="2" convergencia="0" na="9" noreg="0" coalicion="3" nulos="7" total="422" />
  <resultado seccion="0957" casilla="ES" simbolo="0" pan="5" pri="245" prd="81" pt="7" pvem="0" convergencia="0" na="1" noreg="0" coalicion="0" nulos="3" total="342" />
  <resultado seccion="0958" casilla="BA" simbolo="0" pan="5" pri="276" prd="83" pt="12" pvem="0" convergencia="0" na="3" noreg="1" coalicion="0" nulos="10" total="390" />
  <resultado seccion="0958" casilla="C1" simbolo="0" pan="4" pri="315" prd="73" pt="6" pvem="1" convergencia="3" na="6" noreg="0" coalicion="2" nulos="3" total="413" />
  <resultado seccion="0958" casilla="C2" simbolo="0" pan="5" pri="307" prd="66" pt="17" pvem="0" convergencia="0" na="6" noreg="0" coalicion="6" nulos="8" total="415" />
  <resultado seccion="0959" casilla="BA" simbolo="0" pan="12" pri="324" prd="153" pt="8" pvem="3" convergencia="0" na="1" noreg="0" coalicion="4" nulos="11" total="516" />
  <resultado seccion="0959" casilla="C1" simbolo="0" pan="7" pri="307" prd="158" pt="15" pvem="3" convergencia="0" na="2" noreg="0" coalicion="2" nulos="15" total="509" />
  <resultado seccion="0960" casilla="BA" simbolo="0" pan="5" pri="303" prd="150" pt="42" pvem="0" convergencia="0" na="5" noreg="3" coalicion="0" nulos="12" total="520" />
  <resultado seccion="0960" casilla="C1" simbolo="0" pan="5" pri="289" prd="186" pt="35" pvem="1" convergencia="0" na="9" noreg="0" coalicion="1" nulos="10" total="536" />
  <resultado seccion="0960" casilla="C2" simbolo="0" pan="2" pri="272" prd="208" pt="38" pvem="1" convergencia="2" na="2" noreg="0" coalicion="1" nulos="9" total="535" />
  <resultado seccion="0961" casilla="BA" simbolo="0" pan="2" pri="160" prd="95" pt="12" pvem="1" convergencia="0" na="3" noreg="0" coalicion="0" nulos="12" total="285" />
  <resultado seccion="0962" casilla="BA" simbolo="0" pan="6" pri="187" prd="303" pt="36" pvem="1" convergencia="1" na="0" noreg="0" coalicion="0" nulos="3" total="537" />
  <resultado seccion="0962" casilla="C1" simbolo="0" pan="2" pri="255" prd="225" pt="49" pvem="3" convergencia="0" na="3" noreg="0" coalicion="0" nulos="7" total="544" />
  <resultado seccion="0962" casilla="C2" simbolo="0" pan="10" pri="198" prd="239" pt="61" pvem="1" convergencia="0" na="1" noreg="0" coalicion="0" nulos="0" total="510" />
  <resultado seccion="0963" casilla="BA" simbolo="0" pan="2" pri="237" prd="175" pt="17" pvem="2" convergencia="1" na="0" noreg="0" coalicion="0" nulos="13" total="447" />
  <resultado seccion="0963" casilla="C1" simbolo="0" pan="7" pri="244" prd="149" pt="8" pvem="1" convergencia="0" na="2" noreg="0" coalicion="0" nulos="26" total="437" />
  <resultado seccion="0963" casilla="C2" simbolo="0" pan="4" pri="247" prd="170" pt="19" pvem="1" convergencia="0" na="2" noreg="0" coalicion="0" nulos="4" total="447" />
  <resultado seccion="0964" casilla="BA" simbolo="0" pan="8" pri="224" prd="194" pt="11" pvem="0" convergencia="1" na="25" noreg="0" coalicion="0" nulos="18" total="481" />
  <resultado seccion="0964" casilla="C1" simbolo="0" pan="4" pri="237" prd="189" pt="4" pvem="2" convergencia="1" na="15" noreg="0" coalicion="0" nulos="15" total="467" />
  <resultado seccion="0964" casilla="C2" simbolo="0" pan="10" pri="203" prd="186" pt="13" pvem="4" convergencia="2" na="14" noreg="0" coalicion="1" nulos="0" total="433" />
  <resultado seccion="0965" casilla="BA" simbolo="0" pan="4" pri="346" prd="137" pt="18" pvem="1" convergencia="1" na="8" noreg="1" coalicion="0" nulos="23" total="539" />
  <resultado seccion="0965" casilla="C1" simbolo="0" pan="5" pri="284" prd="182" pt="30" pvem="3" convergencia="0" na="13" noreg="0" coalicion="1" nulos="29" total="547" />
  <resultado seccion="0965" casilla="C2" simbolo="0" pan="7" pri="287" prd="146" pt="17" pvem="1" convergencia="1" na="21" noreg="0" coalicion="0" nulos="78" total="558" />
  <resultado seccion="0966" casilla="BA" simbolo="0" pan="0" pri="248" prd="162" pt="18" pvem="2" convergencia="0" na="16" noreg="0" coalicion="0" nulos="22" total="468" />
  <resultado seccion="0967" casilla="BA" simbolo="0" pan="2" pri="202" prd="158" pt="22" pvem="9" convergencia="1" na="5" noreg="0" coalicion="0" nulos="10" total="409" />
  <resultado seccion="0967" casilla="C1" simbolo="0" pan="1" pri="180" prd="184" pt="30" pvem="0" convergencia="0" na="7" noreg="0" coalicion="0" nulos="12" total="414" />
  <resultado seccion="0967" casilla="C2" simbolo="0" pan="1" pri="176" prd="167" pt="26" pvem="2" convergencia="2" na="3" noreg="0" coalicion="0" nulos="6" total="383" />
  <resultado seccion="0968" casilla="BA" simbolo="0" pan="6" pri="202" prd="185" pt="58" pvem="2" convergencia="2" na="8" noreg="0" coalicion="1" nulos="14" total="478" />
  <resultado seccion="0968" casilla="C1" simbolo="0" pan="0" pri="233" prd="169" pt="41" pvem="2" convergencia="1" na="12" noreg="0" coalicion="3" nulos="26" total="487" />
  <resultado seccion="0969" casilla="BA" simbolo="0" pan="7" pri="212" prd="176" pt="42" pvem="12" convergencia="0" na="6" noreg="0" coalicion="0" nulos="0" total="455" />
  <resultado seccion="0969" casilla="C1" simbolo="0" pan="4" pri="234" prd="202" pt="28" pvem="7" convergencia="1" na="15" noreg="0" coalicion="0" nulos="22" total="513" />
  <resultado seccion="0969" casilla="EX" simbolo="0" pan="1" pri="211" prd="59" pt="9" pvem="2" convergencia="0" na="3" noreg="0" coalicion="0" nulos="0" total="285" />
  <resultado seccion="0970" casilla="BA" simbolo="0" pan="2" pri="278" prd="235" pt="10" pvem="1" convergencia="0" na="3" noreg="0" coalicion="0" nulos="19" total="548" />
  <resultado seccion="0970" casilla="C1" simbolo="0" pan="1" pri="268" prd="262" pt="9" pvem="1" convergencia="0" na="4" noreg="2" coalicion="2" nulos="13" total="562" />
  <resultado seccion="0971" casilla="BA" simbolo="0" pan="0" pri="221" prd="189" pt="18" pvem="1" convergencia="0" na="9" noreg="0" coalicion="0" nulos="7" total="445" />
  <resultado seccion="0971" casilla="C1" simbolo="0" pan="4" pri="267" prd="155" pt="10" pvem="2" convergencia="0" na="11" noreg="0" coalicion="1" nulos="8" total="458" />
  <resultado seccion="0971" casilla="C2" simbolo="0" pan="1" pri="227" prd="195" pt="10" pvem="0" convergencia="1" na="13" noreg="0" coalicion="2" nulos="6" total="455" />
  <resultado seccion="0971" casilla="C3" simbolo="0" pan="1" pri="215" prd="223" pt="9" pvem="1" convergencia="0" na="9" noreg="0" coalicion="0" nulos="8" total="466" />
  <resultado seccion="0972" casilla="BA" simbolo="0" pan="3" pri="253" prd="177" pt="17" pvem="5" convergencia="0" na="7" noreg="0" coalicion="0" nulos="0" total="462" />
  <resultado seccion="0972" casilla="C1" simbolo="0" pan="1" pri="243" prd="202" pt="14" pvem="1" convergencia="1" na="6" noreg="0" coalicion="0" nulos="14" total="482" />
  <resultado seccion="0972" casilla="C2" simbolo="0" pan="2" pri="238" prd="185" pt="24" pvem="1" convergencia="0" na="6" noreg="0" coalicion="0" nulos="22" total="478" />
  <resultado seccion="0973" casilla="BA" simbolo="0" pan="1" pri="181" prd="184" pt="79" pvem="2" convergencia="1" na="26" noreg="0" coalicion="0" nulos="12" total="486" />
  <resultado seccion="0974" casilla="BA" simbolo="0" pan="4" pri="277" prd="181" pt="25" pvem="0" convergencia="0" na="6" noreg="0" coalicion="1" nulos="6" total="500" />
  <resultado seccion="0974" casilla="C1" simbolo="0" pan="1" pri="265" prd="209" pt="21" pvem="0" convergencia="0" na="1" noreg="0" coalicion="0" nulos="8" total="505" />
  <resultado seccion="0974" casilla="C2" simbolo="0" pan="1" pri="282" prd="168" pt="22" pvem="3" convergencia="0" na="4" noreg="0" coalicion="0" nulos="14" total="494" />
  <resultado seccion="0974" casilla="EX" simbolo="0" pan="0" pri="205" prd="73" pt="1" pvem="0" convergencia="1" na="1" noreg="0" coalicion="0" nulos="8" total="289" />
  <resultado seccion="0974" casilla="EXC1" simbolo="0" pan="2" pri="204" prd="60" pt="2" pvem="0" convergencia="0" na="3" noreg="1" coalicion="0" nulos="10" total="282" />
  <resultado seccion="0975" casilla="BA" simbolo="0" pan="2" pri="175" prd="131" pt="12" pvem="2" convergencia="0" na="1" noreg="0" coalicion="0" nulos="2" total="325" />
  <resultado seccion="0975" casilla="C1" simbolo="0" pan="2" pri="200" prd="105" pt="5" pvem="0" convergencia="1" na="4" noreg="0" coalicion="0" nulos="7" total="324" />
  <resultado seccion="0976" casilla="BA" simbolo="0" pan="3" pri="230" prd="294" pt="19" pvem="0" convergencia="0" na="10" noreg="0" coalicion="0" nulos="10" total="566" />
  <resultado seccion="0976" casilla="C1" simbolo="0" pan="8" pri="321" prd="214" pt="7" pvem="0" convergencia="0" na="14" noreg="0" coalicion="0" nulos="6" total="570" />
  <resultado seccion="0977" casilla="BA" simbolo="0" pan="3" pri="199" prd="141" pt="9" pvem="3" convergencia="0" na="13" noreg="0" coalicion="1" nulos="0" total="369" />
  <resultado seccion="0977" casilla="C1" simbolo="0" pan="2" pri="230" prd="120" pt="18" pvem="5" convergencia="0" na="3" noreg="0" coalicion="1" nulos="6" total="385" />
  <resultado seccion="0978" casilla="BA" simbolo="0" pan="2" pri="223" prd="142" pt="7" pvem="1" convergencia="5" na="5" noreg="0" coalicion="0" nulos="0" total="385" />
  <resultado seccion="0978" casilla="C1" simbolo="0" pan="5" pri="237" prd="129" pt="2" pvem="2" convergencia="0" na="2" noreg="0" coalicion="0" nulos="13" total="390" />
  <resultado seccion="0979" casilla="BA" simbolo="0" pan="1" pri="217" prd="224" pt="30" pvem="5" convergencia="0" na="8" noreg="0" coalicion="0" nulos="13" total="498" />
  <resultado seccion="0979" casilla="C1" simbolo="0" pan="2" pri="254" prd="219" pt="20" pvem="3" convergencia="1" na="17" noreg="0" coalicion="26" nulos="1" total="543" />
  <resultado seccion="0980" casilla="BA" simbolo="0" pan="4" pri="209" prd="183" pt="10" pvem="0" convergencia="1" na="6" noreg="0" coalicion="1" nulos="11" total="425" />
  <resultado seccion="0980" casilla="C1" simbolo="0" pan="3" pri="244" prd="120" pt="17" pvem="3" convergencia="1" na="4" noreg="0" coalicion="1" nulos="7" total="400" />
  <resultado seccion="0980" casilla="C2" simbolo="0" pan="1" pri="184" prd="172" pt="12" pvem="3" convergencia="0" na="6" noreg="0" coalicion="2" nulos="11" total="391" />
  <resultado seccion="0981" casilla="BA" simbolo="0" pan="3" pri="173" prd="100" pt="4" pvem="3" convergencia="0" na="7" noreg="0" coalicion="0" nulos="6" total="296" />
  <resultado seccion="0981" casilla="C1" simbolo="0" pan="1" pri="140" prd="98" pt="16" pvem="5" convergencia="2" na="5" noreg="0" coalicion="0" nulos="9" total="276" />
  <resultado seccion="0982" casilla="BA" simbolo="0" pan="9" pri="295" prd="162" pt="2" pvem="2" convergencia="0" na="3" noreg="0" coalicion="2" nulos="5" total="480" />
  <resultado seccion="0982" casilla="C1" simbolo="0" pan="5" pri="296" prd="175" pt="4" pvem="2" convergencia="2" na="2" noreg="0" coalicion="1" nulos="13" total="500" />
  <resultado seccion="0982" casilla="C2" simbolo="0" pan="5" pri="248" prd="198" pt="2" pvem="5" convergencia="1" na="2" noreg="0" coalicion="0" nulos="9" total="470" />
  <resultado seccion="0982" casilla="C3" simbolo="0" pan="5" pri="258" prd="205" pt="1" pvem="4" convergencia="1" na="5" noreg="0" coalicion="0" nulos="6" total="485" />
  <resultado seccion="0983" casilla="BA" simbolo="0" pan="4" pri="125" prd="129" pt="2" pvem="6" convergencia="0" na="2" noreg="0" coalicion="0" nulos="12" total="280" />
  <resultado seccion="0983" casilla="C1" simbolo="0" pan="4" pri="139" prd="119" pt="5" pvem="2" convergencia="0" na="4" noreg="0" coalicion="0" nulos="9" total="282" />
  <resultado seccion="0983" casilla="C2" simbolo="0" pan="1" pri="130" prd="134" pt="6" pvem="3" convergencia="1" na="6" noreg="0" coalicion="1" nulos="9" total="291" />
  <resultado seccion="0983" casilla="C3" simbolo="0" pan="8" pri="137" prd="146" pt="3" pvem="4" convergencia="0" na="4" noreg="0" coalicion="0" nulos="6" total="308" />
  <resultado seccion="0983" casilla="C4" simbolo="0" pan="5" pri="161" prd="141" pt="4" pvem="6" convergencia="1" na="6" noreg="0" coalicion="1" nulos="3" total="328" />
  <resultado seccion="0984" casilla="BA" simbolo="0" pan="2" pri="129" prd="158" pt="13" pvem="4" convergencia="0" na="2" noreg="0" coalicion="0" nulos="10" total="318" />
  <resultado seccion="0984" casilla="C1" simbolo="0" pan="3" pri="125" prd="159" pt="14" pvem="1" convergencia="1" na="2" noreg="0" coalicion="0" nulos="8" total="313" />
  <resultado seccion="0984" casilla="C2" simbolo="0" pan="6" pri="144" prd="151" pt="11" pvem="4" convergencia="1" na="3" noreg="0" coalicion="0" nulos="9" total="329" />
  <resultado seccion="0985" casilla="BA" simbolo="0" pan="8" pri="196" prd="126" pt="11" pvem="3" convergencia="0" na="3" noreg="0" coalicion="0" nulos="10" total="357" />
  <resultado seccion="0985" casilla="C1" simbolo="0" pan="7" pri="223" prd="110" pt="9" pvem="2" convergencia="1" na="4" noreg="0" coalicion="0" nulos="9" total="365" />
  <resultado seccion="0985" casilla="C2" simbolo="0" pan="6" pri="200" prd="133" pt="20" pvem="4" convergencia="0" na="2" noreg="0" coalicion="0" nulos="9" total="374" />
  <resultado seccion="0985" casilla="C3" simbolo="0" pan="5" pri="173" prd="161" pt="10" pvem="4" convergencia="0" na="1" noreg="0" coalicion="0" nulos="10" total="364" />
  <resultado seccion="0986" casilla="BA" simbolo="0" pan="5" pri="201" prd="134" pt="8" pvem="3" convergencia="0" na="3" noreg="0" coalicion="0" nulos="8" total="362" />
  <resultado seccion="0986" casilla="C1" simbolo="0" pan="6" pri="220" prd="125" pt="3" pvem="6" convergencia="2" na="1" noreg="0" coalicion="0" nulos="12" total="375" />
  <resultado seccion="0986" casilla="C2" simbolo="0" pan="6" pri="222" prd="137" pt="7" pvem="2" convergencia="1" na="2" noreg="0" coalicion="0" nulos="8" total="385" />
  <resultado seccion="0986" casilla="C3" simbolo="0" pan="0" pri="141" prd="144" pt="6" pvem="2" convergencia="1" na="2" noreg="1" coalicion="0" nulos="0" total="297" />
  <resultado seccion="0986" casilla="C4" simbolo="0" pan="7" pri="158" prd="146" pt="4" pvem="7" convergencia="3" na="1" noreg="0" coalicion="0" nulos="14" total="340" />
  <resultado seccion="0986" casilla="C5" simbolo="0" pan="8" pri="212" prd="136" pt="5" pvem="3" convergencia="0" na="2" noreg="0" coalicion="0" nulos="10" total="376" />
  <resultado seccion="0986" casilla="C6" simbolo="0" pan="9" pri="187" prd="116" pt="4" pvem="0" convergencia="1" na="1" noreg="0" coalicion="1" nulos="16" total="335" />
  <resultado seccion="0986" casilla="C7" simbolo="0" pan="6" pri="194" prd="126" pt="5" pvem="6" convergencia="1" na="1" noreg="0" coalicion="2" nulos="12" total="353" />
  <resultado seccion="0986" casilla="C8" simbolo="0" pan="5" pri="196" prd="144" pt="11" pvem="3" convergencia="0" na="2" noreg="0" coalicion="0" nulos="9" total="370" />
  <resultado seccion="0986" casilla="C9" simbolo="0" pan="10" pri="185" prd="112" pt="7" pvem="2" convergencia="1" na="1" noreg="0" coalicion="0" nulos="13" total="331" />
  <resultado seccion="0986" casilla="C10" simbolo="0" pan="6" pri="188" prd="106" pt="1" pvem="2" convergencia="0" na="3" noreg="0" coalicion="0" nulos="0" total="306" />
  <resultado seccion="0986" casilla="C11" simbolo="0" pan="5" pri="181" prd="126" pt="1" pvem="1" convergencia="0" na="1" noreg="0" coalicion="0" nulos="10" total="325" />
  <resultado seccion="0987" casilla="BA" simbolo="0" pan="6" pri="180" prd="124" pt="7" pvem="10" convergencia="0" na="3" noreg="0" coalicion="1" nulos="9" total="340" />
  <resultado seccion="0987" casilla="C1" simbolo="0" pan="5" pri="163" prd="119" pt="3" pvem="1" convergencia="1" na="1" noreg="0" coalicion="2" nulos="20" total="315" />
  <resultado seccion="0987" casilla="C2" simbolo="0" pan="4" pri="189" prd="115" pt="9" pvem="2" convergencia="0" na="3" noreg="0" coalicion="0" nulos="14" total="336" />
  <resultado seccion="0988" casilla="BA" simbolo="0" pan="7" pri="230" prd="81" pt="2" pvem="1" convergencia="1" na="5" noreg="0" coalicion="0" nulos="9" total="336" />
  <resultado seccion="0988" casilla="C1" simbolo="0" pan="3" pri="191" prd="76" pt="1" pvem="6" convergencia="1" na="3" noreg="0" coalicion="0" nulos="0" total="281" />
  <resultado seccion="0989" casilla="BA" simbolo="0" pan="14" pri="250" prd="74" pt="0" pvem="4" convergencia="1" na="4" noreg="2" coalicion="2" nulos="11" total="362" />
  <resultado seccion="0989" casilla="C1" simbolo="0" pan="7" pri="249" prd="105" pt="1" pvem="5" convergencia="0" na="3" noreg="0" coalicion="2" nulos="8" total="380" />
  <resultado seccion="0990" casilla="BA" simbolo="0" pan="5" pri="191" prd="75" pt="9" pvem="0" convergencia="2" na="3" noreg="0" coalicion="0" nulos="12" total="297" />
  <resultado seccion="0990" casilla="C1" simbolo="0" pan="2" pri="193" prd="95" pt="4" pvem="6" convergencia="0" na="2" noreg="0" coalicion="4" nulos="6" total="312" />
  <resultado seccion="0990" casilla="C2" simbolo="0" pan="5" pri="229" prd="78" pt="5" pvem="5" convergencia="0" na="1" noreg="0" coalicion="1" nulos="4" total="328" />
</detallado>