﻿<detallado nomMunicipio="COMALCALCO" listanominal="124,963" pan="776" pri="45,045" prd="39,333" pt="211" pvem="274" convergencia="310" na="920" noreg="42" coalicion="162" nulos="1,588" votaciontotal="88,661">
  <resultado seccion="0512" casilla="BA" simbolo="0" pan="6" pri="201" prd="210" pt="1" pvem="2" convergencia="1" na="7" noreg="0" coalicion="0" nulos="4" total="432" />
  <resultado seccion="0512" casilla="C1" simbolo="0" pan="9" pri="214" prd="159" pt="0" pvem="1" convergencia="0" na="7" noreg="1" coalicion="1" nulos="2" total="394" />
  <resultado seccion="0513" casilla="BA" simbolo="0" pan="3" pri="190" prd="216" pt="0" pvem="1" convergencia="1" na="4" noreg="0" coalicion="1" nulos="4" total="420" />
  <resultado seccion="0513" casilla="C1" simbolo="0" pan="9" pri="191" prd="220" pt="0" pvem="1" convergencia="2" na="7" noreg="0" coalicion="2" nulos="6" total="438" />
  <resultado seccion="0513" casilla="C2" simbolo="0" pan="3" pri="159" prd="223" pt="3" pvem="1" convergencia="0" na="8" noreg="0" coalicion="1" nulos="3" total="401" />
  <resultado seccion="0513" casilla="C3" simbolo="0" pan="8" pri="184" prd="205" pt="1" pvem="2" convergencia="1" na="6" noreg="9" coalicion="0" nulos="0" total="416" />
  <resultado seccion="0514" casilla="BA" simbolo="0" pan="8" pri="183" prd="196" pt="1" pvem="0" convergencia="6" na="4" noreg="0" coalicion="1" nulos="5" total="404" />
  <resultado seccion="0515" casilla="BA" simbolo="0" pan="4" pri="210" prd="198" pt="0" pvem="0" convergencia="4" na="2" noreg="0" coalicion="0" nulos="4" total="422" />
  <resultado seccion="0515" casilla="C1" simbolo="0" pan="7" pri="196" prd="209" pt="1" pvem="0" convergencia="2" na="7" noreg="0" coalicion="0" nulos="4" total="426" />
  <resultado seccion="0516" casilla="BA" simbolo="0" pan="5" pri="219" prd="176" pt="1" pvem="2" convergencia="1" na="2" noreg="0" coalicion="2" nulos="5" total="413" />
  <resultado seccion="0516" casilla="C1" simbolo="0" pan="4" pri="211" prd="191" pt="0" pvem="3" convergencia="1" na="6" noreg="1" coalicion="0" nulos="2" total="419" />
  <resultado seccion="0517" casilla="BA" simbolo="0" pan="2" pri="183" prd="146" pt="0" pvem="0" convergencia="0" na="10" noreg="0" coalicion="3" nulos="3" total="347" />
  <resultado seccion="0517" casilla="C1" simbolo="0" pan="5" pri="160" prd="168" pt="0" pvem="2" convergencia="0" na="5" noreg="0" coalicion="1" nulos="2" total="343" />
  <resultado seccion="0518" casilla="BA" simbolo="0" pan="5" pri="168" prd="171" pt="1" pvem="1" convergencia="0" na="3" noreg="0" coalicion="1" nulos="7" total="357" />
  <resultado seccion="0519" casilla="BA" simbolo="0" pan="2" pri="162" prd="105" pt="0" pvem="2" convergencia="0" na="7" noreg="0" coalicion="3" nulos="2" total="283" />
  <resultado seccion="0519" casilla="C1" simbolo="0" pan="2" pri="145" prd="139" pt="1" pvem="6" convergencia="1" na="3" noreg="0" coalicion="0" nulos="3" total="300" />
  <resultado seccion="0520" casilla="BA" simbolo="0" pan="5" pri="198" prd="211" pt="1" pvem="2" convergencia="2" na="11" noreg="0" coalicion="1" nulos="8" total="439" />
  <resultado seccion="0520" casilla="ES" simbolo="0" pan="2" pri="162" prd="174" pt="0" pvem="2" convergencia="2" na="2" noreg="0" coalicion="0" nulos="2" total="346" />
  <resultado seccion="0521" casilla="BA" simbolo="0" pan="1" pri="114" prd="113" pt="0" pvem="3" convergencia="1" na="5" noreg="0" coalicion="0" nulos="3" total="240" />
  <resultado seccion="0521" casilla="C1" simbolo="0" pan="2" pri="133" prd="98" pt="1" pvem="0" convergencia="1" na="4" noreg="0" coalicion="1" nulos="1" total="241" />
  <resultado seccion="0522" casilla="BA" simbolo="0" pan="7" pri="227" prd="247" pt="0" pvem="0" convergencia="0" na="6" noreg="0" coalicion="0" nulos="11" total="498" />
  <resultado seccion="0523" casilla="BA" simbolo="0" pan="4" pri="216" prd="221" pt="0" pvem="0" convergencia="2" na="8" noreg="0" coalicion="1" nulos="7" total="459" />
  <resultado seccion="0523" casilla="C1" simbolo="0" pan="2" pri="240" prd="200" pt="0" pvem="2" convergencia="4" na="7" noreg="0" coalicion="0" nulos="4" total="459" />
  <resultado seccion="0524" casilla="BA" simbolo="0" pan="10" pri="230" prd="198" pt="0" pvem="0" convergencia="0" na="10" noreg="0" coalicion="0" nulos="0" total="448" />
  <resultado seccion="0525" casilla="BA" simbolo="0" pan="1" pri="209" prd="199" pt="0" pvem="3" convergencia="0" na="4" noreg="3" coalicion="0" nulos="7" total="426" />
  <resultado seccion="0525" casilla="C1" simbolo="0" pan="4" pri="244" prd="172" pt="0" pvem="1" convergencia="0" na="8" noreg="0" coalicion="0" nulos="5" total="434" />
  <resultado seccion="0526" casilla="BA" simbolo="0" pan="2" pri="131" prd="127" pt="1" pvem="3" convergencia="0" na="0" noreg="0" coalicion="1" nulos="2" total="267" />
  <resultado seccion="0526" casilla="C1" simbolo="0" pan="3" pri="143" prd="124" pt="0" pvem="1" convergencia="0" na="4" noreg="0" coalicion="0" nulos="1" total="276" />
  <resultado seccion="0527" casilla="BA" simbolo="0" pan="1" pri="151" prd="132" pt="0" pvem="1" convergencia="0" na="4" noreg="0" coalicion="1" nulos="3" total="293" />
  <resultado seccion="0527" casilla="C1" simbolo="0" pan="2" pri="138" prd="117" pt="0" pvem="0" convergencia="1" na="11" noreg="0" coalicion="3" nulos="2" total="274" />
  <resultado seccion="0528" casilla="BA" simbolo="0" pan="1" pri="198" prd="155" pt="0" pvem="4" convergencia="1" na="12" noreg="0" coalicion="0" nulos="4" total="375" />
  <resultado seccion="0528" casilla="C1" simbolo="0" pan="0" pri="190" prd="187" pt="0" pvem="1" convergencia="1" na="12" noreg="0" coalicion="2" nulos="4" total="397" />
  <resultado seccion="0528" casilla="C2" simbolo="0" pan="2" pri="182" prd="173" pt="1" pvem="3" convergencia="0" na="6" noreg="0" coalicion="0" nulos="10" total="377" />
  <resultado seccion="0528" casilla="C3" simbolo="0" pan="1" pri="200" prd="176" pt="0" pvem="1" convergencia="2" na="6" noreg="0" coalicion="0" nulos="7" total="393" />
  <resultado seccion="0529" casilla="BA" simbolo="0" pan="1" pri="161" prd="144" pt="0" pvem="2" convergencia="0" na="3" noreg="0" coalicion="0" nulos="3" total="314" />
  <resultado seccion="0529" casilla="C1" simbolo="0" pan="2" pri="149" prd="133" pt="0" pvem="1" convergencia="1" na="3" noreg="0" coalicion="0" nulos="2" total="291" />
  <resultado seccion="0530" casilla="BA" simbolo="0" pan="1" pri="160" prd="122" pt="0" pvem="0" convergencia="0" na="5" noreg="0" coalicion="1" nulos="5" total="294" />
  <resultado seccion="0530" casilla="C1" simbolo="0" pan="4" pri="164" prd="118" pt="0" pvem="0" convergencia="1" na="5" noreg="0" coalicion="1" nulos="0" total="293" />
  <resultado seccion="0531" casilla="BA" simbolo="0" pan="3" pri="146" prd="164" pt="0" pvem="1" convergencia="2" na="9" noreg="1" coalicion="1" nulos="4" total="331" />
  <resultado seccion="0531" casilla="C1" simbolo="0" pan="5" pri="147" prd="147" pt="2" pvem="0" convergencia="1" na="10" noreg="0" coalicion="2" nulos="11" total="325" />
  <resultado seccion="0532" casilla="BA" simbolo="0" pan="2" pri="133" prd="150" pt="0" pvem="1" convergencia="0" na="4" noreg="0" coalicion="1" nulos="2" total="293" />
  <resultado seccion="0532" casilla="C1" simbolo="0" pan="2" pri="150" prd="138" pt="0" pvem="0" convergencia="0" na="8" noreg="1" coalicion="2" nulos="3" total="304" />
  <resultado seccion="0533" casilla="BA" simbolo="0" pan="1" pri="210" prd="184" pt="0" pvem="1" convergencia="1" na="5" noreg="0" coalicion="2" nulos="7" total="411" />
  <resultado seccion="0533" casilla="C1" simbolo="0" pan="2" pri="204" prd="152" pt="1" pvem="1" convergencia="0" na="15" noreg="0" coalicion="3" nulos="5" total="383" />
  <resultado seccion="0534" casilla="BA" simbolo="0" pan="3" pri="146" prd="137" pt="0" pvem="1" convergencia="1" na="4" noreg="0" coalicion="0" nulos="6" total="298" />
  <resultado seccion="0534" casilla="C1" simbolo="0" pan="2" pri="152" prd="152" pt="0" pvem="0" convergencia="3" na="6" noreg="0" coalicion="1" nulos="1" total="317" />
  <resultado seccion="0535" casilla="BA" simbolo="0" pan="3" pri="208" prd="168" pt="0" pvem="1" convergencia="0" na="2" noreg="0" coalicion="0" nulos="6" total="388" />
  <resultado seccion="0535" casilla="C1" simbolo="0" pan="1" pri="202" prd="143" pt="0" pvem="1" convergencia="0" na="5" noreg="0" coalicion="0" nulos="3" total="355" />
  <resultado seccion="0536" casilla="BA" simbolo="0" pan="3" pri="278" prd="199" pt="1" pvem="1" convergencia="0" na="16" noreg="0" coalicion="1" nulos="1" total="500" />
  <resultado seccion="0536" casilla="C1" simbolo="0" pan="3" pri="278" prd="199" pt="1" pvem="1" convergencia="0" na="13" noreg="0" coalicion="1" nulos="1" total="497" />
  <resultado seccion="0537" casilla="BA" simbolo="0" pan="5" pri="128" prd="97" pt="0" pvem="1" convergencia="0" na="8" noreg="0" coalicion="0" nulos="0" total="239" />
  <resultado seccion="0537" casilla="C1" simbolo="0" pan="6" pri="135" prd="109" pt="0" pvem="0" convergencia="0" na="1" noreg="0" coalicion="1" nulos="2" total="254" />
  <resultado seccion="0538" casilla="BA" simbolo="0" pan="4" pri="264" prd="201" pt="2" pvem="1" convergencia="0" na="1" noreg="0" coalicion="0" nulos="14" total="487" />
  <resultado seccion="0538" casilla="C1" simbolo="0" pan="6" pri="236" prd="250" pt="2" pvem="0" convergencia="0" na="1" noreg="0" coalicion="0" nulos="9" total="504" />
  <resultado seccion="0538" casilla="C2" simbolo="0" pan="3" pri="269" prd="195" pt="2" pvem="0" convergencia="0" na="0" noreg="0" coalicion="0" nulos="5" total="474" />
  <resultado seccion="0539" casilla="BA" simbolo="0" pan="12" pri="346" prd="184" pt="1" pvem="3" convergencia="1" na="3" noreg="0" coalicion="3" nulos="15" total="568" />
  <resultado seccion="0540" casilla="BA" simbolo="0" pan="12" pri="150" prd="115" pt="1" pvem="2" convergencia="3" na="1" noreg="0" coalicion="1" nulos="11" total="296" />
  <resultado seccion="0540" casilla="C1" simbolo="0" pan="5" pri="194" prd="86" pt="1" pvem="0" convergencia="0" na="2" noreg="0" coalicion="2" nulos="6" total="296" />
  <resultado seccion="0541" casilla="BA" simbolo="0" pan="1" pri="183" prd="125" pt="0" pvem="1" convergencia="2" na="3" noreg="0" coalicion="0" nulos="7" total="322" />
  <resultado seccion="0541" casilla="C1" simbolo="0" pan="0" pri="171" prd="109" pt="1" pvem="1" convergencia="11" na="2" noreg="0" coalicion="0" nulos="6" total="301" />
  <resultado seccion="0542" casilla="BA" simbolo="0" pan="13" pri="244" prd="150" pt="3" pvem="2" convergencia="15" na="2" noreg="0" coalicion="0" nulos="21" total="450" />
  <resultado seccion="0542" casilla="C1" simbolo="0" pan="20" pri="245" prd="119" pt="1" pvem="2" convergencia="18" na="5" noreg="0" coalicion="0" nulos="13" total="423" />
  <resultado seccion="0543" casilla="BA" simbolo="0" pan="5" pri="226" prd="146" pt="1" pvem="3" convergencia="5" na="3" noreg="0" coalicion="0" nulos="0" total="389" />
  <resultado seccion="0543" casilla="C1" simbolo="0" pan="6" pri="201" prd="165" pt="1" pvem="0" convergencia="7" na="6" noreg="0" coalicion="0" nulos="12" total="398" />
  <resultado seccion="0544" casilla="BA" simbolo="0" pan="0" pri="229" prd="293" pt="0" pvem="1" convergencia="0" na="13" noreg="0" coalicion="0" nulos="11" total="547" />
  <resultado seccion="0545" casilla="BA" simbolo="0" pan="2" pri="184" prd="131" pt="1" pvem="1" convergencia="1" na="1" noreg="0" coalicion="0" nulos="9" total="330" />
  <resultado seccion="0545" casilla="C1" simbolo="0" pan="4" pri="193" prd="140" pt="1" pvem="1" convergencia="1" na="3" noreg="0" coalicion="0" nulos="13" total="356" />
  <resultado seccion="0545" casilla="EX" simbolo="0" pan="4" pri="167" prd="141" pt="0" pvem="0" convergencia="1" na="0" noreg="0" coalicion="0" nulos="1" total="314" />
  <resultado seccion="0546" casilla="BA" simbolo="0" pan="0" pri="207" prd="189" pt="0" pvem="0" convergencia="0" na="3" noreg="0" coalicion="0" nulos="11" total="410" />
  <resultado seccion="0546" casilla="C1" simbolo="0" pan="1" pri="182" prd="175" pt="0" pvem="3" convergencia="0" na="3" noreg="0" coalicion="1" nulos="11" total="376" />
  <resultado seccion="0547" casilla="BA" simbolo="0" pan="3" pri="190" prd="104" pt="1" pvem="1" convergencia="1" na="3" noreg="0" coalicion="1" nulos="6" total="310" />
  <resultado seccion="0547" casilla="C1" simbolo="0" pan="2" pri="175" prd="115" pt="1" pvem="0" convergencia="2" na="2" noreg="0" coalicion="1" nulos="1" total="299" />
  <resultado seccion="0548" casilla="BA" simbolo="0" pan="1" pri="248" prd="194" pt="4" pvem="1" convergencia="0" na="1" noreg="0" coalicion="1" nulos="8" total="458" />
  <resultado seccion="0548" casilla="C1" simbolo="0" pan="0" pri="268" prd="161" pt="0" pvem="0" convergencia="1" na="1" noreg="0" coalicion="0" nulos="9" total="440" />
  <resultado seccion="0549" casilla="BA" simbolo="0" pan="1" pri="225" prd="134" pt="1" pvem="0" convergencia="3" na="1" noreg="0" coalicion="0" nulos="9" total="374" />
  <resultado seccion="0549" casilla="C1" simbolo="0" pan="3" pri="154" prd="199" pt="1" pvem="2" convergencia="15" na="4" noreg="0" coalicion="0" nulos="0" total="378" />
  <resultado seccion="0550" casilla="BA" simbolo="0" pan="1" pri="207" prd="311" pt="2" pvem="1" convergencia="3" na="8" noreg="0" coalicion="0" nulos="0" total="533" />
  <resultado seccion="0550" casilla="C1" simbolo="0" pan="3" pri="236" prd="287" pt="2" pvem="2" convergencia="0" na="2" noreg="0" coalicion="0" nulos="0" total="532" />
  <resultado seccion="0551" casilla="BA" simbolo="0" pan="0" pri="247" prd="240" pt="2" pvem="2" convergencia="0" na="2" noreg="0" coalicion="0" nulos="7" total="500" />
  <resultado seccion="0551" casilla="C1" simbolo="0" pan="3" pri="252" prd="214" pt="0" pvem="0" convergencia="0" na="2" noreg="0" coalicion="0" nulos="4" total="475" />
  <resultado seccion="0552" casilla="BA" simbolo="0" pan="2" pri="199" prd="295" pt="1" pvem="2" convergencia="0" na="5" noreg="0" coalicion="5" nulos="8" total="517" />
  <resultado seccion="0552" casilla="C1" simbolo="0" pan="0" pri="234" prd="270" pt="2" pvem="4" convergencia="2" na="4" noreg="0" coalicion="0" nulos="7" total="523" />
  <resultado seccion="0553" casilla="BA" simbolo="0" pan="8" pri="190" prd="216" pt="0" pvem="0" convergencia="0" na="1" noreg="0" coalicion="2" nulos="1" total="418" />
  <resultado seccion="0553" casilla="C1" simbolo="0" pan="5" pri="210" prd="181" pt="0" pvem="0" convergencia="0" na="3" noreg="0" coalicion="0" nulos="8" total="407" />
  <resultado seccion="0554" casilla="BA" simbolo="0" pan="5" pri="238" prd="225" pt="0" pvem="2" convergencia="0" na="0" noreg="0" coalicion="1" nulos="18" total="489" />
  <resultado seccion="0554" casilla="C1" simbolo="0" pan="6" pri="274" prd="202" pt="0" pvem="1" convergencia="1" na="3" noreg="0" coalicion="0" nulos="4" total="491" />
  <resultado seccion="0555" casilla="BA" simbolo="0" pan="2" pri="219" prd="201" pt="1" pvem="1" convergencia="2" na="4" noreg="1" coalicion="0" nulos="13" total="444" />
  <resultado seccion="0555" casilla="C1" simbolo="0" pan="1" pri="216" prd="203" pt="1" pvem="0" convergencia="2" na="4" noreg="0" coalicion="0" nulos="8" total="435" />
  <resultado seccion="0555" casilla="C2" simbolo="0" pan="2" pri="204" prd="180" pt="1" pvem="0" convergencia="0" na="3" noreg="0" coalicion="1" nulos="5" total="396" />
  <resultado seccion="0555" casilla="EX" simbolo="0" pan="3" pri="178" prd="184" pt="1" pvem="2" convergencia="0" na="0" noreg="1" coalicion="0" nulos="5" total="374" />
  <resultado seccion="0555" casilla="EXC1" simbolo="0" pan="1" pri="178" prd="171" pt="2" pvem="1" convergencia="1" na="4" noreg="0" coalicion="1" nulos="11" total="370" />
  <resultado seccion="0555" casilla="EXC2" simbolo="0" pan="0" pri="177" prd="189" pt="0" pvem="0" convergencia="2" na="2" noreg="0" coalicion="0" nulos="4" total="374" />
  <resultado seccion="0556" casilla="BA" simbolo="0" pan="3" pri="237" prd="126" pt="0" pvem="0" convergencia="0" na="3" noreg="0" coalicion="0" nulos="5" total="374" />
  <resultado seccion="0556" casilla="C1" simbolo="0" pan="13" pri="209" prd="127" pt="0" pvem="1" convergencia="0" na="0" noreg="0" coalicion="0" nulos="2" total="352" />
  <resultado seccion="0557" casilla="BA" simbolo="0" pan="1" pri="248" prd="121" pt="1" pvem="1" convergencia="0" na="2" noreg="1" coalicion="0" nulos="10" total="385" />
  <resultado seccion="0557" casilla="C1" simbolo="0" pan="2" pri="198" prd="163" pt="3" pvem="1" convergencia="0" na="4" noreg="0" coalicion="0" nulos="4" total="375" />
  <resultado seccion="0557" casilla="C2" simbolo="0" pan="3" pri="236" prd="137" pt="0" pvem="1" convergencia="0" na="0" noreg="0" coalicion="0" nulos="7" total="384" />
  <resultado seccion="0558" casilla="BA" simbolo="0" pan="1" pri="195" prd="179" pt="1" pvem="0" convergencia="0" na="9" noreg="0" coalicion="0" nulos="14" total="399" />
  <resultado seccion="0558" casilla="C1" simbolo="0" pan="3" pri="201" prd="174" pt="2" pvem="2" convergencia="0" na="1" noreg="0" coalicion="0" nulos="7" total="390" />
  <resultado seccion="0558" casilla="EX" simbolo="0" pan="0" pri="115" prd="82" pt="2" pvem="2" convergencia="0" na="2" noreg="0" coalicion="0" nulos="7" total="210" />
  <resultado seccion="0559" casilla="BA" simbolo="0" pan="0" pri="232" prd="263" pt="1" pvem="1" convergencia="0" na="3" noreg="0" coalicion="1" nulos="5" total="506" />
  <resultado seccion="0559" casilla="C1" simbolo="0" pan="1" pri="180" prd="294" pt="1" pvem="1" convergencia="2" na="4" noreg="0" coalicion="0" nulos="7" total="490" />
  <resultado seccion="0560" casilla="BA" simbolo="0" pan="2" pri="183" prd="147" pt="0" pvem="1" convergencia="1" na="3" noreg="0" coalicion="1" nulos="6" total="344" />
  <resultado seccion="0560" casilla="C1" simbolo="0" pan="1" pri="197" prd="161" pt="0" pvem="2" convergencia="2" na="1" noreg="0" coalicion="1" nulos="0" total="365" />
  <resultado seccion="0560" casilla="C2" simbolo="0" pan="3" pri="191" prd="167" pt="2" pvem="0" convergencia="1" na="10" noreg="0" coalicion="3" nulos="7" total="384" />
  <resultado seccion="0561" casilla="BA" simbolo="0" pan="2" pri="138" prd="224" pt="1" pvem="5" convergencia="0" na="1" noreg="0" coalicion="0" nulos="4" total="375" />
  <resultado seccion="0561" casilla="C1" simbolo="0" pan="3" pri="151" prd="192" pt="1" pvem="0" convergencia="0" na="6" noreg="0" coalicion="0" nulos="2" total="355" />
  <resultado seccion="0562" casilla="BA" simbolo="0" pan="6" pri="172" prd="241" pt="1" pvem="4" convergencia="0" na="8" noreg="0" coalicion="0" nulos="7" total="439" />
  <resultado seccion="0562" casilla="C1" simbolo="0" pan="3" pri="187" prd="256" pt="0" pvem="1" convergencia="0" na="6" noreg="0" coalicion="0" nulos="2" total="455" />
  <resultado seccion="0563" casilla="BA" simbolo="0" pan="6" pri="183" prd="245" pt="0" pvem="0" convergencia="0" na="6" noreg="0" coalicion="0" nulos="4" total="444" />
  <resultado seccion="0563" casilla="C1" simbolo="0" pan="4" pri="191" prd="231" pt="0" pvem="1" convergencia="1" na="16" noreg="0" coalicion="0" nulos="10" total="454" />
  <resultado seccion="0564" casilla="BA" simbolo="0" pan="1" pri="140" prd="156" pt="0" pvem="0" convergencia="2" na="1" noreg="0" coalicion="1" nulos="5" total="306" />
  <resultado seccion="0564" casilla="C1" simbolo="0" pan="1" pri="144" prd="184" pt="0" pvem="1" convergencia="0" na="5" noreg="1" coalicion="0" nulos="1" total="337" />
  <resultado seccion="0565" casilla="BA" simbolo="0" pan="3" pri="240" prd="238" pt="1" pvem="1" convergencia="0" na="5" noreg="0" coalicion="0" nulos="8" total="496" />
  <resultado seccion="0565" casilla="C1" simbolo="0" pan="1" pri="245" prd="236" pt="0" pvem="4" convergencia="0" na="7" noreg="0" coalicion="0" nulos="8" total="501" />
  <resultado seccion="0566" casilla="BA" simbolo="0" pan="3" pri="172" prd="163" pt="0" pvem="0" convergencia="0" na="10" noreg="0" coalicion="0" nulos="2" total="350" />
  <resultado seccion="0566" casilla="C1" simbolo="0" pan="7" pri="189" prd="140" pt="0" pvem="0" convergencia="0" na="9" noreg="0" coalicion="1" nulos="2" total="348" />
  <resultado seccion="0567" casilla="BA" simbolo="0" pan="2" pri="194" prd="188" pt="1" pvem="0" convergencia="0" na="8" noreg="0" coalicion="2" nulos="8" total="403" />
  <resultado seccion="0567" casilla="C1" simbolo="0" pan="1" pri="146" prd="208" pt="1" pvem="1" convergencia="0" na="7" noreg="0" coalicion="2" nulos="4" total="370" />
  <resultado seccion="0568" casilla="BA" simbolo="0" pan="1" pri="153" prd="188" pt="0" pvem="0" convergencia="0" na="2" noreg="0" coalicion="2" nulos="8" total="354" />
  <resultado seccion="0568" casilla="C1" simbolo="0" pan="1" pri="153" prd="173" pt="1" pvem="2" convergencia="1" na="3" noreg="1" coalicion="0" nulos="5" total="340" />
  <resultado seccion="0568" casilla="C2" simbolo="0" pan="1" pri="163" prd="191" pt="1" pvem="1" convergencia="0" na="1" noreg="0" coalicion="2" nulos="3" total="363" />
  <resultado seccion="0569" casilla="BA" simbolo="0" pan="3" pri="171" prd="179" pt="0" pvem="0" convergencia="1" na="0" noreg="0" coalicion="0" nulos="5" total="359" />
  <resultado seccion="0569" casilla="C1" simbolo="0" pan="3" pri="154" prd="167" pt="2" pvem="1" convergencia="0" na="0" noreg="0" coalicion="0" nulos="15" total="342" />
  <resultado seccion="0570" casilla="BA" simbolo="0" pan="10" pri="239" prd="216" pt="3" pvem="3" convergencia="19" na="1" noreg="0" coalicion="0" nulos="32" total="523" />
  <resultado seccion="0570" casilla="C1" simbolo="0" pan="17" pri="267" prd="213" pt="2" pvem="9" convergencia="1" na="0" noreg="0" coalicion="0" nulos="19" total="528" />
  <resultado seccion="0570" casilla="C2" simbolo="0" pan="10" pri="257" prd="213" pt="5" pvem="5" convergencia="6" na="0" noreg="0" coalicion="0" nulos="23" total="519" />
  <resultado seccion="0571" casilla="BA" simbolo="0" pan="8" pri="235" prd="202" pt="3" pvem="2" convergencia="0" na="11" noreg="1" coalicion="0" nulos="19" total="481" />
  <resultado seccion="0571" casilla="C1" simbolo="0" pan="5" pri="294" prd="206" pt="2" pvem="2" convergencia="0" na="2" noreg="0" coalicion="0" nulos="13" total="524" />
  <resultado seccion="0572" casilla="BA" simbolo="0" pan="4" pri="232" prd="230" pt="0" pvem="1" convergencia="1" na="7" noreg="0" coalicion="2" nulos="9" total="486" />
  <resultado seccion="0572" casilla="C1" simbolo="0" pan="11" pri="227" prd="245" pt="3" pvem="1" convergencia="1" na="7" noreg="1" coalicion="2" nulos="8" total="506" />
  <resultado seccion="0573" casilla="BA" simbolo="0" pan="7" pri="195" prd="117" pt="2" pvem="2" convergencia="0" na="2" noreg="0" coalicion="0" nulos="6" total="331" />
  <resultado seccion="0573" casilla="C1" simbolo="0" pan="6" pri="157" prd="166" pt="0" pvem="0" convergencia="0" na="5" noreg="0" coalicion="1" nulos="1" total="336" />
  <resultado seccion="0573" casilla="C2" simbolo="0" pan="1" pri="157" prd="166" pt="1" pvem="2" convergencia="1" na="5" noreg="0" coalicion="1" nulos="7" total="341" />
  <resultado seccion="0574" casilla="BA" simbolo="0" pan="3" pri="195" prd="147" pt="1" pvem="3" convergencia="1" na="13" noreg="0" coalicion="5" nulos="4" total="372" />
  <resultado seccion="0574" casilla="C1" simbolo="0" pan="6" pri="186" prd="136" pt="0" pvem="2" convergencia="1" na="4" noreg="0" coalicion="0" nulos="9" total="344" />
  <resultado seccion="0574" casilla="C2" simbolo="0" pan="3" pri="180" prd="151" pt="0" pvem="2" convergencia="0" na="12" noreg="0" coalicion="1" nulos="9" total="358" />
  <resultado seccion="0575" casilla="BA" simbolo="0" pan="5" pri="200" prd="130" pt="0" pvem="1" convergencia="0" na="6" noreg="0" coalicion="0" nulos="5" total="347" />
  <resultado seccion="0575" casilla="C1" simbolo="0" pan="7" pri="200" prd="170" pt="3" pvem="0" convergencia="0" na="4" noreg="0" coalicion="1" nulos="5" total="390" />
  <resultado seccion="0575" casilla="C2" simbolo="0" pan="3" pri="190" prd="115" pt="2" pvem="0" convergencia="0" na="4" noreg="0" coalicion="1" nulos="3" total="318" />
  <resultado seccion="0575" casilla="EX" simbolo="0" pan="4" pri="258" prd="188" pt="2" pvem="3" convergencia="0" na="9" noreg="0" coalicion="0" nulos="20" total="484" />
  <resultado seccion="0576" casilla="BA" simbolo="0" pan="7" pri="282" prd="187" pt="0" pvem="2" convergencia="1" na="2" noreg="0" coalicion="0" nulos="8" total="489" />
  <resultado seccion="0576" casilla="C1" simbolo="0" pan="6" pri="238" prd="222" pt="1" pvem="2" convergencia="0" na="1" noreg="0" coalicion="0" nulos="9" total="479" />
  <resultado seccion="0576" casilla="C2" simbolo="0" pan="7" pri="257" prd="210" pt="1" pvem="0" convergencia="1" na="2" noreg="0" coalicion="0" nulos="9" total="487" />
  <resultado seccion="0577" casilla="BA" simbolo="0" pan="0" pri="290" prd="214" pt="1" pvem="1" convergencia="0" na="3" noreg="0" coalicion="0" nulos="5" total="514" />
  <resultado seccion="0577" casilla="C1" simbolo="0" pan="1" pri="229" prd="275" pt="0" pvem="2" convergencia="0" na="2" noreg="0" coalicion="4" nulos="8" total="521" />
  <resultado seccion="0578" casilla="BA" simbolo="0" pan="4" pri="165" prd="135" pt="1" pvem="1" convergencia="0" na="2" noreg="0" coalicion="2" nulos="11" total="321" />
  <resultado seccion="0578" casilla="C1" simbolo="0" pan="6" pri="179" prd="133" pt="0" pvem="0" convergencia="0" na="3" noreg="0" coalicion="1" nulos="9" total="331" />
  <resultado seccion="0578" casilla="EX" simbolo="0" pan="0" pri="151" prd="116" pt="1" pvem="0" convergencia="0" na="2" noreg="0" coalicion="0" nulos="8" total="278" />
  <resultado seccion="0579" casilla="BA" simbolo="0" pan="6" pri="151" prd="158" pt="0" pvem="1" convergencia="1" na="4" noreg="0" coalicion="0" nulos="6" total="327" />
  <resultado seccion="0579" casilla="C1" simbolo="0" pan="9" pri="167" prd="119" pt="2" pvem="1" convergencia="0" na="1" noreg="0" coalicion="2" nulos="4" total="305" />
  <resultado seccion="0580" casilla="BA" simbolo="0" pan="6" pri="158" prd="143" pt="1" pvem="0" convergencia="0" na="1" noreg="1" coalicion="2" nulos="11" total="323" />
  <resultado seccion="0580" casilla="C1" simbolo="0" pan="3" pri="140" prd="140" pt="2" pvem="0" convergencia="0" na="2" noreg="0" coalicion="1" nulos="2" total="290" />
  <resultado seccion="0581" casilla="BA" simbolo="0" pan="2" pri="300" prd="236" pt="0" pvem="1" convergencia="1" na="4" noreg="0" coalicion="0" nulos="15" total="559" />
  <resultado seccion="0581" casilla="C1" simbolo="0" pan="5" pri="276" prd="223" pt="0" pvem="0" convergencia="1" na="2" noreg="0" coalicion="1" nulos="11" total="519" />
  <resultado seccion="0582" casilla="BA" simbolo="0" pan="1" pri="228" prd="175" pt="3" pvem="1" convergencia="0" na="3" noreg="0" coalicion="0" nulos="12" total="423" />
  <resultado seccion="0582" casilla="C1" simbolo="0" pan="7" pri="234" prd="163" pt="2" pvem="5" convergencia="0" na="3" noreg="0" coalicion="0" nulos="8" total="422" />
  <resultado seccion="0583" casilla="BA" simbolo="0" pan="5" pri="261" prd="258" pt="2" pvem="1" convergencia="0" na="8" noreg="0" coalicion="0" nulos="8" total="543" />
  <resultado seccion="0583" casilla="C1" simbolo="0" pan="2" pri="320" prd="216" pt="0" pvem="1" convergencia="1" na="4" noreg="0" coalicion="0" nulos="5" total="549" />
  <resultado seccion="0584" casilla="BA" simbolo="0" pan="1" pri="208" prd="197" pt="0" pvem="0" convergencia="0" na="9" noreg="0" coalicion="0" nulos="6" total="421" />
  <resultado seccion="0584" casilla="C1" simbolo="0" pan="3" pri="210" prd="200" pt="0" pvem="1" convergencia="0" na="10" noreg="0" coalicion="3" nulos="6" total="433" />
  <resultado seccion="0585" casilla="BA" simbolo="0" pan="5" pri="230" prd="211" pt="2" pvem="1" convergencia="0" na="12" noreg="0" coalicion="0" nulos="12" total="473" />
  <resultado seccion="0585" casilla="C1" simbolo="0" pan="6" pri="240" prd="203" pt="5" pvem="0" convergencia="2" na="4" noreg="0" coalicion="2" nulos="8" total="470" />
  <resultado seccion="0586" casilla="BA" simbolo="0" pan="6" pri="284" prd="212" pt="1" pvem="0" convergencia="1" na="8" noreg="0" coalicion="0" nulos="11" total="523" />
  <resultado seccion="0586" casilla="C1" simbolo="0" pan="7" pri="259" prd="204" pt="0" pvem="1" convergencia="1" na="6" noreg="0" coalicion="3" nulos="7" total="488" />
  <resultado seccion="0587" casilla="BA" simbolo="0" pan="1" pri="266" prd="190" pt="0" pvem="2" convergencia="0" na="10" noreg="1" coalicion="2" nulos="8" total="480" />
  <resultado seccion="0587" casilla="C1" simbolo="0" pan="3" pri="285" prd="179" pt="1" pvem="3" convergencia="0" na="8" noreg="0" coalicion="2" nulos="16" total="497" />
  <resultado seccion="0587" casilla="C2" simbolo="0" pan="5" pri="269" prd="187" pt="1" pvem="3" convergencia="0" na="11" noreg="0" coalicion="2" nulos="8" total="486" />
  <resultado seccion="0588" casilla="BA" simbolo="0" pan="1" pri="225" prd="195" pt="3" pvem="2" convergencia="1" na="3" noreg="0" coalicion="0" nulos="8" total="438" />
  <resultado seccion="0588" casilla="C1" simbolo="0" pan="1" pri="219" prd="189" pt="1" pvem="0" convergencia="1" na="2" noreg="0" coalicion="0" nulos="9" total="422" />
  <resultado seccion="0589" casilla="BA" simbolo="0" pan="3" pri="247" prd="231" pt="2" pvem="1" convergencia="0" na="0" noreg="0" coalicion="2" nulos="20" total="506" />
  <resultado seccion="0589" casilla="C1" simbolo="0" pan="3" pri="262" prd="212" pt="4" pvem="1" convergencia="1" na="2" noreg="0" coalicion="0" nulos="12" total="497" />
  <resultado seccion="0590" casilla="BA" simbolo="0" pan="3" pri="214" prd="179" pt="0" pvem="0" convergencia="0" na="4" noreg="0" coalicion="0" nulos="4" total="404" />
  <resultado seccion="0590" casilla="C1" simbolo="0" pan="4" pri="178" prd="174" pt="0" pvem="2" convergencia="1" na="4" noreg="0" coalicion="1" nulos="10" total="374" />
  <resultado seccion="0590" casilla="C2" simbolo="0" pan="5" pri="158" prd="183" pt="1" pvem="2" convergencia="7" na="2" noreg="0" coalicion="1" nulos="0" total="359" />
  <resultado seccion="0590" casilla="C3" simbolo="0" pan="1" pri="153" prd="218" pt="0" pvem="1" convergencia="0" na="3" noreg="0" coalicion="1" nulos="0" total="377" />
  <resultado seccion="0591" casilla="BA" simbolo="0" pan="3" pri="192" prd="213" pt="0" pvem="1" convergencia="0" na="2" noreg="0" coalicion="0" nulos="6" total="417" />
  <resultado seccion="0591" casilla="C1" simbolo="0" pan="6" pri="160" prd="177" pt="2" pvem="1" convergencia="0" na="1" noreg="0" coalicion="0" nulos="9" total="356" />
  <resultado seccion="0591" casilla="C2" simbolo="0" pan="2" pri="195" prd="182" pt="2" pvem="0" convergencia="0" na="1" noreg="0" coalicion="0" nulos="0" total="382" />
  <resultado seccion="0592" casilla="BA" simbolo="0" pan="3" pri="235" prd="219" pt="9" pvem="11" convergencia="0" na="3" noreg="0" coalicion="1" nulos="21" total="502" />
  <resultado seccion="0592" casilla="C1" simbolo="0" pan="1" pri="243" prd="228" pt="4" pvem="0" convergencia="0" na="1" noreg="0" coalicion="0" nulos="15" total="492" />
  <resultado seccion="0592" casilla="C2" simbolo="0" pan="6" pri="234" prd="232" pt="0" pvem="5" convergencia="0" na="0" noreg="0" coalicion="0" nulos="23" total="500" />
  <resultado seccion="0593" casilla="BA" simbolo="0" pan="4" pri="289" prd="157" pt="0" pvem="0" convergencia="10" na="6" noreg="1" coalicion="0" nulos="11" total="478" />
  <resultado seccion="0593" casilla="C1" simbolo="0" pan="4" pri="268" prd="126" pt="1" pvem="0" convergencia="13" na="2" noreg="0" coalicion="2" nulos="9" total="425" />
  <resultado seccion="0594" casilla="BA" simbolo="0" pan="0" pri="256" prd="218" pt="0" pvem="1" convergencia="0" na="6" noreg="0" coalicion="0" nulos="7" total="488" />
  <resultado seccion="0594" casilla="C1" simbolo="0" pan="3" pri="246" prd="231" pt="1" pvem="1" convergencia="0" na="3" noreg="0" coalicion="0" nulos="7" total="492" />
  <resultado seccion="0595" casilla="BA" simbolo="0" pan="1" pri="245" prd="170" pt="0" pvem="0" convergencia="5" na="2" noreg="1" coalicion="0" nulos="3" total="427" />
  <resultado seccion="0595" casilla="C1" simbolo="0" pan="5" pri="225" prd="148" pt="2" pvem="1" convergencia="1" na="2" noreg="0" coalicion="0" nulos="10" total="394" />
  <resultado seccion="0596" casilla="BA" simbolo="0" pan="4" pri="172" prd="193" pt="1" pvem="0" convergencia="0" na="0" noreg="0" coalicion="1" nulos="3" total="374" />
  <resultado seccion="0596" casilla="C1" simbolo="0" pan="6" pri="176" prd="190" pt="0" pvem="0" convergencia="0" na="2" noreg="0" coalicion="0" nulos="10" total="384" />
  <resultado seccion="0597" casilla="BA" simbolo="0" pan="0" pri="180" prd="134" pt="2" pvem="0" convergencia="3" na="2" noreg="1" coalicion="0" nulos="9" total="331" />
  <resultado seccion="0597" casilla="C1" simbolo="0" pan="3" pri="203" prd="121" pt="1" pvem="1" convergencia="1" na="4" noreg="0" coalicion="2" nulos="4" total="340" />
  <resultado seccion="0598" casilla="BA" simbolo="0" pan="0" pri="173" prd="181" pt="2" pvem="0" convergencia="3" na="1" noreg="0" coalicion="1" nulos="8" total="369" />
  <resultado seccion="0598" casilla="C1" simbolo="0" pan="2" pri="176" prd="198" pt="1" pvem="1" convergencia="1" na="4" noreg="0" coalicion="0" nulos="20" total="403" />
  <resultado seccion="0598" casilla="C2" simbolo="0" pan="1" pri="214" prd="155" pt="1" pvem="1" convergencia="1" na="1" noreg="0" coalicion="2" nulos="9" total="385" />
  <resultado seccion="0599" casilla="BA" simbolo="0" pan="1" pri="187" prd="107" pt="0" pvem="0" convergencia="0" na="1" noreg="0" coalicion="0" nulos="2" total="298" />
  <resultado seccion="0599" casilla="C1" simbolo="0" pan="5" pri="173" prd="101" pt="2" pvem="1" convergencia="1" na="0" noreg="0" coalicion="3" nulos="6" total="292" />
  <resultado seccion="0600" casilla="BA" simbolo="0" pan="1" pri="182" prd="170" pt="2" pvem="2" convergencia="3" na="0" noreg="0" coalicion="2" nulos="8" total="370" />
  <resultado seccion="0600" casilla="C1" simbolo="0" pan="6" pri="151" prd="217" pt="2" pvem="1" convergencia="0" na="1" noreg="0" coalicion="1" nulos="2" total="381" />
  <resultado seccion="0600" casilla="C2" simbolo="0" pan="4" pri="195" prd="175" pt="0" pvem="3" convergencia="1" na="2" noreg="0" coalicion="1" nulos="6" total="387" />
  <resultado seccion="0601" casilla="BA" simbolo="0" pan="0" pri="235" prd="171" pt="3" pvem="0" convergencia="1" na="3" noreg="0" coalicion="2" nulos="12" total="427" />
  <resultado seccion="0601" casilla="C1" simbolo="0" pan="4" pri="244" prd="155" pt="3" pvem="0" convergencia="1" na="6" noreg="0" coalicion="0" nulos="12" total="425" />
  <resultado seccion="0601" casilla="C2" simbolo="0" pan="3" pri="232" prd="174" pt="1" pvem="0" convergencia="4" na="1" noreg="0" coalicion="1" nulos="9" total="425" />
  <resultado seccion="0602" casilla="BA" simbolo="0" pan="0" pri="243" prd="282" pt="1" pvem="2" convergencia="0" na="5" noreg="0" coalicion="0" nulos="7" total="540" />
  <resultado seccion="0602" casilla="C1" simbolo="0" pan="1" pri="281" prd="220" pt="0" pvem="1" convergencia="2" na="1" noreg="0" coalicion="3" nulos="11" total="520" />
  <resultado seccion="0603" casilla="BA" simbolo="0" pan="4" pri="191" prd="209" pt="1" pvem="1" convergencia="0" na="7" noreg="0" coalicion="0" nulos="12" total="425" />
  <resultado seccion="0603" casilla="EX" simbolo="0" pan="3" pri="305" prd="224" pt="0" pvem="1" convergencia="2" na="1" noreg="0" coalicion="1" nulos="10" total="547" />
  <resultado seccion="0604" casilla="BA" simbolo="0" pan="6" pri="287" prd="211" pt="2" pvem="2" convergencia="0" na="7" noreg="0" coalicion="1" nulos="9" total="525" />
  <resultado seccion="0604" casilla="C1" simbolo="0" pan="0" pri="279" prd="215" pt="4" pvem="0" convergencia="0" na="4" noreg="0" coalicion="1" nulos="7" total="510" />
  <resultado seccion="0605" casilla="BA" simbolo="0" pan="2" pri="231" prd="172" pt="0" pvem="1" convergencia="9" na="1" noreg="0" coalicion="4" nulos="29" total="449" />
  <resultado seccion="0606" casilla="BA" simbolo="0" pan="0" pri="225" prd="159" pt="0" pvem="0" convergencia="2" na="3" noreg="0" coalicion="0" nulos="7" total="396" />
  <resultado seccion="0606" casilla="C1" simbolo="0" pan="3" pri="236" prd="164" pt="0" pvem="0" convergencia="2" na="4" noreg="0" coalicion="0" nulos="20" total="429" />
  <resultado seccion="0606" casilla="C2" simbolo="0" pan="5" pri="265" prd="127" pt="2" pvem="4" convergencia="3" na="1" noreg="0" coalicion="1" nulos="11" total="419" />
  <resultado seccion="0607" casilla="BA" simbolo="0" pan="0" pri="200" prd="176" pt="2" pvem="0" convergencia="9" na="5" noreg="0" coalicion="1" nulos="7" total="400" />
  <resultado seccion="0607" casilla="C1" simbolo="0" pan="0" pri="235" prd="148" pt="0" pvem="2" convergencia="9" na="0" noreg="0" coalicion="1" nulos="8" total="403" />
  <resultado seccion="0607" casilla="C2" simbolo="0" pan="2" pri="172" prd="224" pt="1" pvem="4" convergencia="6" na="2" noreg="0" coalicion="0" nulos="10" total="421" />
  <resultado seccion="0608" casilla="BA" simbolo="0" pan="2" pri="235" prd="159" pt="1" pvem="0" convergencia="1" na="0" noreg="0" coalicion="2" nulos="5" total="405" />
  <resultado seccion="0608" casilla="C1" simbolo="0" pan="1" pri="219" prd="144" pt="2" pvem="1" convergencia="5" na="0" noreg="0" coalicion="0" nulos="0" total="372" />
  <resultado seccion="0608" casilla="C2" simbolo="0" pan="0" pri="208" prd="166" pt="5" pvem="6" convergencia="0" na="1" noreg="0" coalicion="1" nulos="8" total="395" />
</detallado>