﻿<detallado nomMunicipio="TENOSIQUE" listanominal="40,172" pan="202" pri="10,024" prd="13,420" pt="182" pvem="242" convergencia="16" na="198" noreg="10" coalicion="59" nulos="546" votaciontotal="24,899">
  <resultado seccion="1089" casilla="BA" simbolo="0" pan="3" pri="216" prd="219" pt="4" pvem="6" convergencia="0" na="4" noreg="0" coalicion="0" nulos="6" total="458" />
  <resultado seccion="1090" casilla="BA" simbolo="0" pan="1" pri="140" prd="207" pt="1" pvem="2" convergencia="0" na="2" noreg="0" coalicion="1" nulos="7" total="361" />
  <resultado seccion="1090" casilla="C1" simbolo="0" pan="1" pri="152" prd="200" pt="1" pvem="2" convergencia="0" na="1" noreg="0" coalicion="0" nulos="6" total="363" />
  <resultado seccion="1090" casilla="C2" simbolo="0" pan="0" pri="160" prd="168" pt="0" pvem="5" convergencia="1" na="2" noreg="0" coalicion="2" nulos="11" total="349" />
  <resultado seccion="1091" casilla="BA" simbolo="0" pan="1" pri="117" prd="96" pt="1" pvem="1" convergencia="0" na="2" noreg="0" coalicion="1" nulos="4" total="223" />
  <resultado seccion="1091" casilla="C1" simbolo="0" pan="1" pri="106" prd="130" pt="1" pvem="4" convergencia="0" na="0" noreg="0" coalicion="1" nulos="4" total="247" />
  <resultado seccion="1092" casilla="BA" simbolo="0" pan="1" pri="231" prd="218" pt="4" pvem="6" convergencia="0" na="9" noreg="0" coalicion="3" nulos="8" total="480" />
  <resultado seccion="1093" casilla="BA" simbolo="0" pan="1" pri="117" prd="101" pt="0" pvem="2" convergencia="0" na="6" noreg="0" coalicion="1" nulos="9" total="237" />
  <resultado seccion="1093" casilla="C1" simbolo="0" pan="2" pri="114" prd="140" pt="0" pvem="1" convergencia="0" na="4" noreg="1" coalicion="3" nulos="1" total="266" />
  <resultado seccion="1094" casilla="BA" simbolo="0" pan="1" pri="104" prd="158" pt="1" pvem="5" convergencia="1" na="2" noreg="1" coalicion="0" nulos="5" total="278" />
  <resultado seccion="1094" casilla="C1" simbolo="0" pan="1" pri="126" prd="145" pt="2" pvem="3" convergencia="0" na="2" noreg="0" coalicion="0" nulos="0" total="279" />
  <resultado seccion="1095" casilla="BA" simbolo="0" pan="6" pri="163" prd="245" pt="0" pvem="5" convergencia="0" na="3" noreg="0" coalicion="2" nulos="8" total="432" />
  <resultado seccion="1096" casilla="BA" simbolo="0" pan="1" pri="151" prd="206" pt="0" pvem="2" convergencia="0" na="5" noreg="0" coalicion="2" nulos="2" total="369" />
  <resultado seccion="1096" casilla="C1" simbolo="0" pan="3" pri="126" prd="215" pt="3" pvem="6" convergencia="0" na="1" noreg="0" coalicion="2" nulos="10" total="366" />
  <resultado seccion="1097" casilla="BA" simbolo="0" pan="4" pri="143" prd="171" pt="3" pvem="2" convergencia="0" na="5" noreg="0" coalicion="1" nulos="5" total="334" />
  <resultado seccion="1097" casilla="C1" simbolo="0" pan="4" pri="167" prd="155" pt="0" pvem="5" convergencia="0" na="5" noreg="0" coalicion="0" nulos="6" total="342" />
  <resultado seccion="1098" casilla="BA" simbolo="0" pan="6" pri="155" prd="161" pt="1" pvem="3" convergencia="0" na="3" noreg="0" coalicion="1" nulos="5" total="335" />
  <resultado seccion="1098" casilla="C1" simbolo="0" pan="2" pri="146" prd="176" pt="2" pvem="3" convergencia="2" na="2" noreg="0" coalicion="0" nulos="0" total="333" />
  <resultado seccion="1099" casilla="BA" simbolo="0" pan="1" pri="151" prd="235" pt="1" pvem="6" convergencia="0" na="4" noreg="0" coalicion="4" nulos="7" total="409" />
  <resultado seccion="1099" casilla="C1" simbolo="0" pan="1" pri="164" prd="239" pt="0" pvem="6" convergencia="0" na="5" noreg="0" coalicion="0" nulos="11" total="426" />
  <resultado seccion="1099" casilla="ES" simbolo="0" pan="1" pri="37" prd="116" pt="2" pvem="0" convergencia="0" na="0" noreg="0" coalicion="0" nulos="0" total="156" />
  <resultado seccion="1100" casilla="BA" simbolo="0" pan="1" pri="91" prd="223" pt="3" pvem="5" convergencia="0" na="5" noreg="0" coalicion="1" nulos="10" total="339" />
  <resultado seccion="1100" casilla="C1" simbolo="0" pan="1" pri="105" prd="209" pt="1" pvem="1" convergencia="1" na="4" noreg="0" coalicion="0" nulos="3" total="325" />
  <resultado seccion="1100" casilla="C2" simbolo="0" pan="1" pri="87" prd="187" pt="1" pvem="5" convergencia="1" na="1" noreg="0" coalicion="1" nulos="14" total="298" />
  <resultado seccion="1101" casilla="BA" simbolo="0" pan="1" pri="142" prd="249" pt="4" pvem="4" convergencia="0" na="2" noreg="1" coalicion="1" nulos="7" total="411" />
  <resultado seccion="1101" casilla="C1" simbolo="0" pan="4" pri="135" prd="290" pt="4" pvem="7" convergencia="1" na="0" noreg="0" coalicion="1" nulos="0" total="442" />
  <resultado seccion="1102" casilla="BA" simbolo="0" pan="0" pri="135" prd="185" pt="0" pvem="2" convergencia="0" na="1" noreg="2" coalicion="2" nulos="4" total="331" />
  <resultado seccion="1102" casilla="C1" simbolo="0" pan="1" pri="113" prd="188" pt="0" pvem="5" convergencia="2" na="0" noreg="0" coalicion="2" nulos="7" total="318" />
  <resultado seccion="1103" casilla="BA" simbolo="0" pan="1" pri="113" prd="147" pt="4" pvem="1" convergencia="0" na="1" noreg="0" coalicion="0" nulos="6" total="273" />
  <resultado seccion="1103" casilla="C1" simbolo="0" pan="0" pri="145" prd="127" pt="0" pvem="2" convergencia="0" na="1" noreg="0" coalicion="0" nulos="4" total="279" />
  <resultado seccion="1104" casilla="BA" simbolo="0" pan="2" pri="164" prd="189" pt="1" pvem="3" convergencia="0" na="4" noreg="0" coalicion="0" nulos="13" total="376" />
  <resultado seccion="1104" casilla="C1" simbolo="0" pan="1" pri="158" prd="203" pt="2" pvem="2" convergencia="1" na="1" noreg="0" coalicion="0" nulos="10" total="378" />
  <resultado seccion="1104" casilla="C2" simbolo="0" pan="3" pri="153" prd="179" pt="3" pvem="7" convergencia="0" na="3" noreg="0" coalicion="0" nulos="9" total="357" />
  <resultado seccion="1104" casilla="C3" simbolo="0" pan="4" pri="169" prd="180" pt="5" pvem="5" convergencia="0" na="4" noreg="0" coalicion="2" nulos="11" total="380" />
  <resultado seccion="1105" casilla="BA" simbolo="0" pan="5" pri="122" prd="165" pt="2" pvem="6" convergencia="0" na="0" noreg="0" coalicion="2" nulos="5" total="307" />
  <resultado seccion="1105" casilla="C1" simbolo="0" pan="3" pri="112" prd="177" pt="2" pvem="4" convergencia="0" na="3" noreg="0" coalicion="0" nulos="7" total="308" />
  <resultado seccion="1105" casilla="C2" simbolo="0" pan="1" pri="106" prd="170" pt="1" pvem="3" convergencia="0" na="1" noreg="0" coalicion="1" nulos="8" total="291" />
  <resultado seccion="1106" casilla="BA" simbolo="0" pan="2" pri="80" prd="171" pt="3" pvem="1" convergencia="0" na="0" noreg="0" coalicion="2" nulos="3" total="262" />
  <resultado seccion="1106" casilla="C1" simbolo="0" pan="2" pri="90" prd="172" pt="0" pvem="5" convergencia="0" na="2" noreg="2" coalicion="1" nulos="3" total="277" />
  <resultado seccion="1107" casilla="BA" simbolo="0" pan="1" pri="186" prd="305" pt="4" pvem="7" convergencia="0" na="7" noreg="0" coalicion="2" nulos="13" total="525" />
  <resultado seccion="1108" casilla="BA" simbolo="0" pan="1" pri="157" prd="182" pt="2" pvem="1" convergencia="0" na="1" noreg="0" coalicion="1" nulos="3" total="348" />
  <resultado seccion="1108" casilla="C1" simbolo="0" pan="4" pri="163" prd="164" pt="2" pvem="0" convergencia="0" na="3" noreg="0" coalicion="3" nulos="12" total="351" />
  <resultado seccion="1109" casilla="BA" simbolo="0" pan="1" pri="201" prd="212" pt="5" pvem="0" convergencia="0" na="0" noreg="0" coalicion="0" nulos="13" total="432" />
  <resultado seccion="1110" casilla="BA" simbolo="0" pan="1" pri="65" prd="131" pt="3" pvem="2" convergencia="0" na="2" noreg="0" coalicion="0" nulos="4" total="208" />
  <resultado seccion="1111" casilla="BA" simbolo="0" pan="2" pri="163" prd="187" pt="4" pvem="2" convergencia="0" na="5" noreg="0" coalicion="0" nulos="11" total="374" />
  <resultado seccion="1112" casilla="BA" simbolo="0" pan="0" pri="70" prd="102" pt="4" pvem="0" convergencia="0" na="0" noreg="0" coalicion="0" nulos="6" total="182" />
  <resultado seccion="1113" casilla="BA" simbolo="0" pan="1" pri="100" prd="247" pt="1" pvem="6" convergencia="0" na="3" noreg="0" coalicion="1" nulos="5" total="364" />
  <resultado seccion="1113" casilla="C1" simbolo="0" pan="8" pri="101" prd="259" pt="1" pvem="6" convergencia="0" na="0" noreg="0" coalicion="0" nulos="0" total="375" />
  <resultado seccion="1114" casilla="BA" simbolo="0" pan="1" pri="274" prd="202" pt="1" pvem="5" convergencia="0" na="0" noreg="0" coalicion="0" nulos="10" total="493" />
  <resultado seccion="1114" casilla="EX" simbolo="0" pan="1" pri="104" prd="120" pt="1" pvem="2" convergencia="0" na="0" noreg="0" coalicion="0" nulos="3" total="231" />
  <resultado seccion="1115" casilla="BA" simbolo="0" pan="5" pri="265" prd="247" pt="5" pvem="1" convergencia="0" na="2" noreg="0" coalicion="1" nulos="18" total="544" />
  <resultado seccion="1116" casilla="BA" simbolo="0" pan="2" pri="74" prd="154" pt="7" pvem="1" convergencia="0" na="2" noreg="0" coalicion="0" nulos="7" total="247" />
  <resultado seccion="1116" casilla="C1" simbolo="0" pan="1" pri="80" prd="133" pt="7" pvem="4" convergencia="1" na="4" noreg="0" coalicion="0" nulos="0" total="230" />
  <resultado seccion="1117" casilla="BA" simbolo="0" pan="4" pri="162" prd="207" pt="6" pvem="6" convergencia="0" na="0" noreg="1" coalicion="1" nulos="14" total="401" />
  <resultado seccion="1118" casilla="BA" simbolo="0" pan="2" pri="114" prd="226" pt="5" pvem="0" convergencia="1" na="3" noreg="0" coalicion="2" nulos="19" total="372" />
  <resultado seccion="1118" casilla="C1" simbolo="0" pan="1" pri="138" prd="207" pt="5" pvem="3" convergencia="0" na="0" noreg="0" coalicion="0" nulos="13" total="367" />
  <resultado seccion="1119" casilla="BA" simbolo="0" pan="2" pri="121" prd="166" pt="10" pvem="1" convergencia="0" na="4" noreg="0" coalicion="0" nulos="3" total="307" />
  <resultado seccion="1119" casilla="C1" simbolo="0" pan="5" pri="130" prd="136" pt="6" pvem="0" convergencia="0" na="0" noreg="0" coalicion="0" nulos="13" total="290" />
  <resultado seccion="1120" casilla="BA" simbolo="0" pan="3" pri="27" prd="83" pt="2" pvem="0" convergencia="0" na="1" noreg="0" coalicion="1" nulos="2" total="119" />
  <resultado seccion="1121" casilla="BA" simbolo="0" pan="7" pri="134" prd="171" pt="3" pvem="6" convergencia="0" na="2" noreg="0" coalicion="4" nulos="12" total="339" />
  <resultado seccion="1121" casilla="C1" simbolo="0" pan="12" pri="160" prd="176" pt="3" pvem="8" convergencia="1" na="6" noreg="0" coalicion="0" nulos="9" total="375" />
  <resultado seccion="1122" casilla="BA" simbolo="0" pan="7" pri="223" prd="199" pt="7" pvem="1" convergencia="0" na="2" noreg="0" coalicion="1" nulos="0" total="440" />
  <resultado seccion="1123" casilla="BA" simbolo="0" pan="3" pri="195" prd="261" pt="10" pvem="4" convergencia="0" na="2" noreg="0" coalicion="1" nulos="10" total="486" />
  <resultado seccion="1124" casilla="BA" simbolo="0" pan="1" pri="70" prd="121" pt="2" pvem="0" convergencia="0" na="0" noreg="1" coalicion="0" nulos="6" total="201" />
  <resultado seccion="1125" casilla="BA" simbolo="0" pan="3" pri="218" prd="161" pt="5" pvem="1" convergencia="0" na="4" noreg="0" coalicion="0" nulos="14" total="406" />
  <resultado seccion="1126" casilla="BA" simbolo="0" pan="3" pri="127" prd="218" pt="7" pvem="4" convergencia="0" na="3" noreg="0" coalicion="1" nulos="14" total="377" />
  <resultado seccion="1127" casilla="BA" simbolo="0" pan="2" pri="104" prd="115" pt="5" pvem="3" convergencia="1" na="3" noreg="0" coalicion="0" nulos="9" total="242" />
  <resultado seccion="1127" casilla="C1" simbolo="0" pan="2" pri="92" prd="131" pt="5" pvem="3" convergencia="0" na="3" noreg="0" coalicion="0" nulos="3" total="239" />
  <resultado seccion="1128" casilla="BA" simbolo="0" pan="2" pri="168" prd="138" pt="6" pvem="3" convergencia="1" na="4" noreg="0" coalicion="0" nulos="17" total="339" />
  <resultado seccion="1128" casilla="C1" simbolo="0" pan="3" pri="125" prd="194" pt="6" pvem="2" convergencia="0" na="2" noreg="1" coalicion="1" nulos="16" total="350" />
  <resultado seccion="1129" casilla="BA" simbolo="0" pan="0" pri="41" prd="43" pt="1" pvem="1" convergencia="0" na="0" noreg="0" coalicion="0" nulos="3" total="89" />
  <resultado seccion="1130" casilla="BA" simbolo="0" pan="2" pri="140" prd="231" pt="12" pvem="5" convergencia="0" na="2" noreg="0" coalicion="0" nulos="17" total="409" />
  <resultado seccion="1130" casilla="C1" simbolo="0" pan="3" pri="126" prd="207" pt="11" pvem="5" convergencia="1" na="2" noreg="0" coalicion="0" nulos="11" total="366" />
  <resultado seccion="1131" casilla="BA" simbolo="0" pan="7" pri="153" prd="178" pt="8" pvem="2" convergencia="1" na="5" noreg="0" coalicion="0" nulos="0" total="354" />
  <resultado seccion="1132" casilla="BA" simbolo="0" pan="7" pri="53" prd="136" pt="4" pvem="0" convergencia="0" na="2" noreg="0" coalicion="0" nulos="3" total="205" />
  <resultado seccion="1133" casilla="BA" simbolo="0" pan="9" pri="47" prd="74" pt="0" pvem="2" convergencia="0" na="1" noreg="0" coalicion="0" nulos="0" total="133" />
</detallado>