﻿<detallado nomMunicipio="BALANCAN" listanominal="38,561" pan="11,818" pri="9,110" prd="2,111" pt="312" pvem="990" convergencia="99" na="238" noreg="0" coalicion="199" nulos="631" votaciontotal="25,508">
  <resultado seccion="0001" casilla="BA" simbolo="0" pan="239" pri="132" prd="31" pt="13" pvem="24" convergencia="3" na="5" noreg="0" coalicion="0" nulos="10" total="457" />
  <resultado seccion="0001" casilla="C1" simbolo="0" pan="232" pri="132" prd="29" pt="8" pvem="16" convergencia="0" na="9" noreg="0" coalicion="1" nulos="5" total="432" />
  <resultado seccion="0001" casilla="C2" simbolo="0" pan="244" pri="149" prd="8" pt="17" pvem="24" convergencia="0" na="10" noreg="0" coalicion="3" nulos="6" total="461" />
  <resultado seccion="0002" casilla="BA" simbolo="0" pan="160" pri="108" prd="19" pt="8" pvem="24" convergencia="1" na="2" noreg="0" coalicion="1" nulos="14" total="337" />
  <resultado seccion="0002" casilla="C1" simbolo="0" pan="197" pri="103" prd="13" pt="5" pvem="24" convergencia="1" na="6" noreg="0" coalicion="6" nulos="11" total="366" />
  <resultado seccion="0002" casilla="C2" simbolo="0" pan="179" pri="86" prd="36" pt="10" pvem="29" convergencia="0" na="4" noreg="0" coalicion="0" nulos="13" total="357" />
  <resultado seccion="0003" casilla="BA" simbolo="0" pan="175" pri="138" prd="42" pt="3" pvem="27" convergencia="0" na="9" noreg="0" coalicion="2" nulos="5" total="401" />
  <resultado seccion="0003" casilla="C1" simbolo="0" pan="158" pri="135" prd="27" pt="6" pvem="29" convergencia="2" na="11" noreg="0" coalicion="1" nulos="6" total="375" />
  <resultado seccion="0004" casilla="BA" simbolo="0" pan="141" pri="127" prd="35" pt="5" pvem="20" convergencia="2" na="14" noreg="0" coalicion="0" nulos="8" total="352" />
  <resultado seccion="0004" casilla="C1" simbolo="0" pan="137" pri="131" prd="24" pt="6" pvem="26" convergencia="0" na="9" noreg="0" coalicion="0" nulos="2" total="335" />
  <resultado seccion="0005" casilla="BA" simbolo="0" pan="162" pri="130" prd="27" pt="3" pvem="20" convergencia="2" na="10" noreg="0" coalicion="1" nulos="8" total="363" />
  <resultado seccion="0005" casilla="C1" simbolo="0" pan="140" pri="153" prd="9" pt="1" pvem="35" convergencia="2" na="4" noreg="0" coalicion="0" nulos="3" total="347" />
  <resultado seccion="0005" casilla="C2" simbolo="0" pan="153" pri="130" prd="18" pt="3" pvem="23" convergencia="0" na="5" noreg="0" coalicion="2" nulos="8" total="342" />
  <resultado seccion="0006" casilla="BA" simbolo="0" pan="105" pri="103" prd="7" pt="3" pvem="25" convergencia="0" na="1" noreg="0" coalicion="2" nulos="8" total="254" />
  <resultado seccion="0006" casilla="C1" simbolo="0" pan="107" pri="81" prd="18" pt="12" pvem="22" convergencia="1" na="1" noreg="0" coalicion="2" nulos="7" total="251" />
  <resultado seccion="0006" casilla="ES" simbolo="0" pan="122" pri="82" prd="22" pt="7" pvem="11" convergencia="0" na="2" noreg="0" coalicion="0" nulos="3" total="249" />
  <resultado seccion="0007" casilla="BA" simbolo="0" pan="183" pri="174" prd="17" pt="0" pvem="24" convergencia="11" na="6" noreg="0" coalicion="0" nulos="7" total="422" />
  <resultado seccion="0007" casilla="C1" simbolo="0" pan="167" pri="157" prd="22" pt="3" pvem="37" convergencia="14" na="3" noreg="0" coalicion="0" nulos="14" total="417" />
  <resultado seccion="0008" casilla="BA" simbolo="0" pan="129" pri="116" prd="28" pt="11" pvem="6" convergencia="0" na="1" noreg="0" coalicion="0" nulos="4" total="295" />
  <resultado seccion="0008" casilla="C1" simbolo="0" pan="155" pri="70" prd="31" pt="6" pvem="1" convergencia="0" na="0" noreg="0" coalicion="0" nulos="14" total="277" />
  <resultado seccion="0009" casilla="BA" simbolo="0" pan="238" pri="132" prd="18" pt="2" pvem="3" convergencia="2" na="4" noreg="0" coalicion="1" nulos="8" total="408" />
  <resultado seccion="0009" casilla="C1" simbolo="0" pan="229" pri="122" prd="20" pt="4" pvem="15" convergencia="2" na="2" noreg="0" coalicion="1" nulos="6" total="401" />
  <resultado seccion="0010" casilla="BA" simbolo="0" pan="51" pri="49" prd="8" pt="13" pvem="1" convergencia="0" na="1" noreg="0" coalicion="0" nulos="4" total="127" />
  <resultado seccion="0011" casilla="BA" simbolo="0" pan="201" pri="108" prd="2" pt="1" pvem="5" convergencia="2" na="1" noreg="0" coalicion="0" nulos="6" total="326" />
  <resultado seccion="0012" casilla="BA" simbolo="0" pan="251" pri="132" prd="17" pt="3" pvem="6" convergencia="0" na="1" noreg="0" coalicion="0" nulos="12" total="422" />
  <resultado seccion="0013" casilla="BA" simbolo="0" pan="148" pri="103" prd="21" pt="1" pvem="9" convergencia="0" na="1" noreg="0" coalicion="1" nulos="2" total="286" />
  <resultado seccion="0013" casilla="C1" simbolo="0" pan="151" pri="104" prd="25" pt="3" pvem="12" convergencia="3" na="0" noreg="0" coalicion="1" nulos="6" total="305" />
  <resultado seccion="0014" casilla="BA" simbolo="0" pan="106" pri="84" prd="19" pt="3" pvem="7" convergencia="0" na="4" noreg="0" coalicion="1" nulos="8" total="232" />
  <resultado seccion="0014" casilla="C1" simbolo="0" pan="90" pri="85" prd="16" pt="4" pvem="25" convergencia="1" na="3" noreg="0" coalicion="0" nulos="2" total="226" />
  <resultado seccion="0015" casilla="BA" simbolo="0" pan="126" pri="67" prd="17" pt="1" pvem="32" convergencia="0" na="0" noreg="0" coalicion="0" nulos="2" total="245" />
  <resultado seccion="0015" casilla="C1" simbolo="0" pan="132" pri="54" prd="20" pt="0" pvem="42" convergencia="5" na="5" noreg="0" coalicion="0" nulos="5" total="263" />
  <resultado seccion="0016" casilla="BA" simbolo="0" pan="82" pri="97" prd="15" pt="1" pvem="17" convergencia="1" na="4" noreg="0" coalicion="0" nulos="6" total="223" />
  <resultado seccion="0016" casilla="C1" simbolo="0" pan="114" pri="63" prd="10" pt="2" pvem="19" convergencia="2" na="2" noreg="0" coalicion="1" nulos="5" total="218" />
  <resultado seccion="0017" casilla="BA" simbolo="0" pan="96" pri="123" prd="13" pt="2" pvem="16" convergencia="1" na="0" noreg="0" coalicion="0" nulos="7" total="258" />
  <resultado seccion="0017" casilla="C1" simbolo="0" pan="119" pri="121" prd="14" pt="1" pvem="7" convergencia="3" na="3" noreg="0" coalicion="0" nulos="4" total="272" />
  <resultado seccion="0018" casilla="BA" simbolo="0" pan="145" pri="120" prd="20" pt="4" pvem="1" convergencia="0" na="2" noreg="0" coalicion="5" nulos="10" total="307" />
  <resultado seccion="0018" casilla="C1" simbolo="0" pan="140" pri="103" prd="18" pt="2" pvem="6" convergencia="1" na="2" noreg="0" coalicion="1" nulos="17" total="290" />
  <resultado seccion="0019" casilla="BA" simbolo="0" pan="74" pri="34" prd="3" pt="8" pvem="2" convergencia="0" na="2" noreg="0" coalicion="0" nulos="11" total="134" />
  <resultado seccion="0020" casilla="BA" simbolo="0" pan="218" pri="169" prd="6" pt="5" pvem="9" convergencia="0" na="0" noreg="0" coalicion="0" nulos="12" total="419" />
  <resultado seccion="0021" casilla="BA" simbolo="0" pan="89" pri="65" prd="7" pt="1" pvem="2" convergencia="0" na="3" noreg="0" coalicion="2" nulos="3" total="172" />
  <resultado seccion="0022" casilla="BA" simbolo="0" pan="133" pri="95" prd="30" pt="5" pvem="8" convergencia="1" na="3" noreg="0" coalicion="1" nulos="9" total="285" />
  <resultado seccion="0022" casilla="C1" simbolo="0" pan="161" pri="83" prd="25" pt="3" pvem="0" convergencia="0" na="0" noreg="0" coalicion="0" nulos="4" total="276" />
  <resultado seccion="0023" casilla="BA" simbolo="0" pan="146" pri="109" prd="17" pt="1" pvem="6" convergencia="0" na="7" noreg="0" coalicion="0" nulos="7" total="293" />
  <resultado seccion="0023" casilla="EX" simbolo="0" pan="171" pri="111" prd="15" pt="2" pvem="3" convergencia="0" na="1" noreg="0" coalicion="0" nulos="8" total="311" />
  <resultado seccion="0024" casilla="BA" simbolo="0" pan="218" pri="144" prd="14" pt="4" pvem="9" convergencia="0" na="1" noreg="0" coalicion="0" nulos="9" total="399" />
  <resultado seccion="0024" casilla="C1" simbolo="0" pan="210" pri="114" prd="25" pt="3" pvem="0" convergencia="1" na="2" noreg="0" coalicion="0" nulos="0" total="355" />
  <resultado seccion="0024" casilla="C2" simbolo="0" pan="206" pri="113" prd="20" pt="3" pvem="4" convergencia="1" na="0" noreg="0" coalicion="0" nulos="0" total="347" />
  <resultado seccion="0025" casilla="BA" simbolo="0" pan="150" pri="169" prd="43" pt="2" pvem="20" convergencia="0" na="4" noreg="0" coalicion="0" nulos="21" total="409" />
  <resultado seccion="0026" casilla="BA" simbolo="0" pan="15" pri="7" prd="1" pt="0" pvem="3" convergencia="0" na="0" noreg="0" coalicion="0" nulos="2" total="28" />
  <resultado seccion="0027" casilla="BA" simbolo="0" pan="112" pri="226" prd="26" pt="1" pvem="2" convergencia="4" na="8" noreg="0" coalicion="7" nulos="8" total="394" />
  <resultado seccion="0028" casilla="BA" simbolo="0" pan="105" pri="115" prd="14" pt="0" pvem="2" convergencia="0" na="4" noreg="0" coalicion="2" nulos="6" total="248" />
  <resultado seccion="0028" casilla="C1" simbolo="0" pan="82" pri="139" prd="18" pt="0" pvem="3" convergencia="0" na="4" noreg="0" coalicion="1" nulos="7" total="254" />
  <resultado seccion="0029" casilla="BA" simbolo="0" pan="240" pri="96" prd="38" pt="4" pvem="2" convergencia="1" na="0" noreg="0" coalicion="0" nulos="10" total="391" />
  <resultado seccion="0030" casilla="BA" simbolo="0" pan="114" pri="129" prd="28" pt="9" pvem="19" convergencia="1" na="1" noreg="0" coalicion="0" nulos="19" total="320" />
  <resultado seccion="0030" casilla="C1" simbolo="0" pan="139" pri="129" prd="24" pt="11" pvem="29" convergencia="0" na="0" noreg="0" coalicion="1" nulos="14" total="347" />
  <resultado seccion="0031" casilla="BA" simbolo="0" pan="46" pri="65" prd="8" pt="2" pvem="3" convergencia="1" na="6" noreg="0" coalicion="0" nulos="4" total="135" />
  <resultado seccion="0032" casilla="BA" simbolo="0" pan="115" pri="62" prd="4" pt="0" pvem="2" convergencia="1" na="0" noreg="0" coalicion="0" nulos="7" total="191" />
  <resultado seccion="0033" casilla="BA" simbolo="0" pan="104" pri="105" prd="5" pt="1" pvem="1" convergencia="0" na="2" noreg="0" coalicion="0" nulos="19" total="237" />
  <resultado seccion="0034" casilla="BA" simbolo="0" pan="118" pri="115" prd="9" pt="2" pvem="0" convergencia="0" na="2" noreg="0" coalicion="1" nulos="6" total="253" />
  <resultado seccion="0035" casilla="BA" simbolo="0" pan="121" pri="172" prd="124" pt="1" pvem="2" convergencia="7" na="3" noreg="0" coalicion="0" nulos="7" total="437" />
  <resultado seccion="0035" casilla="C1" simbolo="0" pan="161" pri="179" prd="80" pt="4" pvem="3" convergencia="2" na="1" noreg="0" coalicion="0" nulos="8" total="438" />
  <resultado seccion="0036" casilla="BA" simbolo="0" pan="205" pri="148" prd="26" pt="7" pvem="30" convergencia="4" na="12" noreg="0" coalicion="0" nulos="10" total="442" />
  <resultado seccion="0037" casilla="BA" simbolo="0" pan="254" pri="171" prd="24" pt="2" pvem="12" convergencia="1" na="0" noreg="0" coalicion="0" nulos="10" total="474" />
  <resultado seccion="0037" casilla="C1" simbolo="0" pan="228" pri="205" prd="30" pt="4" pvem="9" convergencia="1" na="1" noreg="0" coalicion="0" nulos="3" total="481" />
  <resultado seccion="0038" casilla="BA" simbolo="0" pan="66" pri="130" prd="75" pt="1" pvem="8" convergencia="0" na="0" noreg="0" coalicion="0" nulos="2" total="282" />
  <resultado seccion="0038" casilla="EX" simbolo="0" pan="124" pri="87" prd="23" pt="1" pvem="5" convergencia="0" na="6" noreg="0" coalicion="1" nulos="1" total="248" />
  <resultado seccion="0039" casilla="BA" simbolo="0" pan="108" pri="110" prd="25" pt="4" pvem="20" convergencia="0" na="1" noreg="0" coalicion="0" nulos="8" total="276" />
  <resultado seccion="0039" casilla="C1" simbolo="0" pan="87" pri="103" prd="19" pt="0" pvem="14" convergencia="1" na="1" noreg="0" coalicion="2" nulos="4" total="231" />
  <resultado seccion="0040" casilla="BA" simbolo="0" pan="134" pri="127" prd="8" pt="3" pvem="14" convergencia="0" na="3" noreg="0" coalicion="0" nulos="6" total="295" />
  <resultado seccion="0040" casilla="C1" simbolo="0" pan="135" pri="110" prd="13" pt="5" pvem="9" convergencia="0" na="5" noreg="0" coalicion="0" nulos="0" total="277" />
  <resultado seccion="0041" casilla="BA" simbolo="0" pan="118" pri="90" prd="42" pt="1" pvem="4" convergencia="1" na="0" noreg="0" coalicion="0" nulos="2" total="258" />
  <resultado seccion="0041" casilla="C1" simbolo="0" pan="142" pri="96" prd="35" pt="4" pvem="4" convergencia="1" na="0" noreg="0" coalicion="0" nulos="6" total="288" />
  <resultado seccion="0042" casilla="BA" simbolo="0" pan="136" pri="82" prd="61" pt="5" pvem="11" convergencia="0" na="0" noreg="0" coalicion="0" nulos="11" total="306" />
  <resultado seccion="0042" casilla="C1" simbolo="0" pan="112" pri="91" prd="74" pt="6" pvem="6" convergencia="0" na="0" noreg="0" coalicion="0" nulos="5" total="294" />
  <resultado seccion="0042" casilla="EX" simbolo="0" pan="182" pri="95" prd="38" pt="8" pvem="7" convergencia="1" na="1" noreg="0" coalicion="0" nulos="21" total="353" />
  <resultado seccion="0043" casilla="BA" simbolo="0" pan="109" pri="144" prd="48" pt="2" pvem="13" convergencia="3" na="4" noreg="0" coalicion="148" nulos="5" total="476" />
  <resultado seccion="0043" casilla="C1" simbolo="0" pan="98" pri="141" prd="53" pt="1" pvem="0" convergencia="0" na="1" noreg="0" coalicion="0" nulos="17" total="311" />
  <resultado seccion="0044" casilla="BA" simbolo="0" pan="123" pri="57" prd="75" pt="1" pvem="3" convergencia="0" na="0" noreg="0" coalicion="0" nulos="21" total="280" />
  <resultado seccion="0044" casilla="EX" simbolo="0" pan="73" pri="36" prd="15" pt="3" pvem="1" convergencia="0" na="0" noreg="0" coalicion="0" nulos="5" total="133" />
  <resultado seccion="0044" casilla="X2" simbolo="0" pan="91" pri="67" prd="42" pt="0" pvem="2" convergencia="1" na="2" noreg="0" coalicion="0" nulos="8" total="213" />
  <resultado seccion="0045" casilla="BA" simbolo="0" pan="146" pri="91" prd="17" pt="4" pvem="5" convergencia="3" na="0" noreg="0" coalicion="0" nulos="8" total="274" />
  <resultado seccion="0045" casilla="EX" simbolo="0" pan="195" pri="80" prd="48" pt="1" pvem="9" convergencia="1" na="0" noreg="0" coalicion="0" nulos="11" total="345" />
</detallado>