﻿<detallado distrito="IX" nombre="HUIMANGUILLO" listanominal="112,205" pan="6,491" pri="29,756" prd="27,940" pt="5,428" pvem="593" convergencia="100" na="813" noreg="30" coalicion="127" nulos="1,273" votaciontotal="72,551">
  <resultado seccion="0684" casilla="BA" simbolo="0" pan="33" pri="182" prd="203" pt="34" pvem="6" convergencia="0" na="22" noreg="0" coalicion="1" nulos="3" total="484" />
  <resultado seccion="0684" casilla="C1" simbolo="0" pan="42" pri="181" prd="198" pt="28" pvem="11" convergencia="2" na="8" noreg="0" coalicion="4" nulos="6" total="480" />
  <resultado seccion="0685" casilla="BA" simbolo="0" pan="22" pri="115" prd="115" pt="20" pvem="4" convergencia="0" na="13" noreg="1" coalicion="0" nulos="11" total="301" />
  <resultado seccion="0685" casilla="C1" simbolo="0" pan="12" pri="132" prd="100" pt="27" pvem="7" convergencia="1" na="4" noreg="0" coalicion="1" nulos="7" total="291" />
  <resultado seccion="0686" casilla="BA" simbolo="0" pan="41" pri="157" prd="189" pt="31" pvem="10" convergencia="0" na="8" noreg="0" coalicion="3" nulos="8" total="447" />
  <resultado seccion="0686" casilla="C1" simbolo="0" pan="43" pri="158" prd="201" pt="29" pvem="5" convergencia="0" na="7" noreg="1" coalicion="0" nulos="13" total="457" />
  <resultado seccion="0687" casilla="BA" simbolo="0" pan="34" pri="110" prd="136" pt="20" pvem="8" convergencia="0" na="12" noreg="0" coalicion="0" nulos="7" total="327" />
  <resultado seccion="0687" casilla="C1" simbolo="0" pan="49" pri="113" prd="117" pt="23" pvem="8" convergencia="1" na="9" noreg="0" coalicion="0" nulos="7" total="327" />
  <resultado seccion="0687" casilla="C2" simbolo="0" pan="32" pri="105" prd="151" pt="20" pvem="9" convergencia="1" na="10" noreg="0" coalicion="0" nulos="7" total="335" />
  <resultado seccion="0688" casilla="BA" simbolo="0" pan="37" pri="141" prd="129" pt="16" pvem="8" convergencia="1" na="3" noreg="0" coalicion="1" nulos="2" total="338" />
  <resultado seccion="0688" casilla="C1" simbolo="0" pan="27" pri="134" prd="158" pt="7" pvem="4" convergencia="4" na="4" noreg="1" coalicion="3" nulos="7" total="349" />
  <resultado seccion="0689" casilla="BA" simbolo="0" pan="47" pri="125" prd="157" pt="15" pvem="5" convergencia="0" na="8" noreg="0" coalicion="3" nulos="3" total="363" />
  <resultado seccion="0689" casilla="C1" simbolo="0" pan="37" pri="127" prd="171" pt="11" pvem="14" convergencia="1" na="8" noreg="0" coalicion="0" nulos="7" total="376" />
  <resultado seccion="0690" casilla="BA" simbolo="0" pan="39" pri="161" prd="158" pt="37" pvem="5" convergencia="0" na="9" noreg="1" coalicion="1" nulos="8" total="419" />
  <resultado seccion="0691" casilla="BA" simbolo="0" pan="31" pri="79" prd="87" pt="18" pvem="10" convergencia="0" na="12" noreg="0" coalicion="2" nulos="5" total="244" />
  <resultado seccion="0691" casilla="C1" simbolo="0" pan="24" pri="92" prd="76" pt="13" pvem="9" convergencia="0" na="14" noreg="0" coalicion="4" nulos="7" total="239" />
  <resultado seccion="0692" casilla="BA" simbolo="0" pan="38" pri="167" prd="123" pt="26" pvem="13" convergencia="0" na="5" noreg="0" coalicion="2" nulos="8" total="382" />
  <resultado seccion="0692" casilla="C1" simbolo="0" pan="42" pri="148" prd="121" pt="28" pvem="6" convergencia="0" na="15" noreg="0" coalicion="0" nulos="8" total="368" />
  <resultado seccion="0693" casilla="BA" simbolo="0" pan="31" pri="139" prd="177" pt="12" pvem="10" convergencia="0" na="16" noreg="0" coalicion="1" nulos="3" total="389" />
  <resultado seccion="0693" casilla="C1" simbolo="0" pan="36" pri="126" prd="210" pt="10" pvem="3" convergencia="0" na="5" noreg="0" coalicion="0" nulos="5" total="395" />
  <resultado seccion="0694" casilla="BA" simbolo="0" pan="46" pri="129" prd="210" pt="22" pvem="12" convergencia="0" na="4" noreg="0" coalicion="1" nulos="6" total="430" />
  <resultado seccion="0694" casilla="C1" simbolo="0" pan="42" pri="157" prd="164" pt="22" pvem="9" convergencia="1" na="12" noreg="0" coalicion="5" nulos="7" total="419" />
  <resultado seccion="0694" casilla="C2" simbolo="0" pan="36" pri="126" prd="206" pt="23" pvem="10" convergencia="1" na="1" noreg="0" coalicion="2" nulos="2" total="407" />
  <resultado seccion="0694" casilla="C3" simbolo="0" pan="41" pri="139" prd="195" pt="20" pvem="3" convergencia="1" na="5" noreg="0" coalicion="2" nulos="8" total="414" />
  <resultado seccion="0694" casilla="C4" simbolo="0" pan="41" pri="150" prd="200" pt="21" pvem="4" convergencia="1" na="5" noreg="0" coalicion="0" nulos="6" total="428" />
  <resultado seccion="0695" casilla="BA" simbolo="0" pan="40" pri="171" prd="180" pt="35" pvem="11" convergencia="1" na="2" noreg="4" coalicion="0" nulos="4" total="448" />
  <resultado seccion="0695" casilla="C1" simbolo="0" pan="39" pri="131" prd="191" pt="20" pvem="7" convergencia="1" na="4" noreg="0" coalicion="0" nulos="10" total="403" />
  <resultado seccion="0696" casilla="BA" simbolo="0" pan="28" pri="114" prd="134" pt="40" pvem="11" convergencia="1" na="5" noreg="0" coalicion="2" nulos="11" total="346" />
  <resultado seccion="0696" casilla="C1" simbolo="0" pan="33" pri="106" prd="143" pt="31" pvem="8" convergencia="1" na="9" noreg="1" coalicion="4" nulos="7" total="343" />
  <resultado seccion="0696" casilla="ESMR" simbolo="0" pan="71" pri="199" prd="225" pt="48" pvem="7" convergencia="0" na="3" noreg="1" coalicion="3" nulos="15" total="572" />
  <resultado seccion="0696" casilla="ESRP" simbolo="0" pan="2" pri="22" prd="13" pt="3" pvem="2" convergencia="0" na="1" noreg="0" coalicion="0" nulos="2" total="45" />
  <resultado seccion="0697" casilla="BA" simbolo="0" pan="61" pri="164" prd="123" pt="20" pvem="7" convergencia="2" na="3" noreg="2" coalicion="1" nulos="1" total="384" />
  <resultado seccion="0697" casilla="C1" simbolo="0" pan="52" pri="127" prd="143" pt="19" pvem="12" convergencia="0" na="6" noreg="0" coalicion="1" nulos="2" total="362" />
  <resultado seccion="0697" casilla="C2" simbolo="0" pan="51" pri="150" prd="141" pt="21" pvem="11" convergencia="0" na="2" noreg="1" coalicion="0" nulos="7" total="384" />
  <resultado seccion="0698" casilla="BA" simbolo="0" pan="29" pri="119" prd="155" pt="16" pvem="7" convergencia="0" na="7" noreg="0" coalicion="2" nulos="5" total="340" />
  <resultado seccion="0698" casilla="C1" simbolo="0" pan="29" pri="97" prd="178" pt="11" pvem="1" convergencia="1" na="4" noreg="0" coalicion="0" nulos="2" total="323" />
  <resultado seccion="0699" casilla="BA" simbolo="0" pan="14" pri="162" prd="165" pt="21" pvem="1" convergencia="0" na="7" noreg="1" coalicion="0" nulos="1" total="372" />
  <resultado seccion="0699" casilla="C1" simbolo="0" pan="16" pri="196" prd="152" pt="18" pvem="0" convergencia="0" na="0" noreg="0" coalicion="0" nulos="6" total="388" />
  <resultado seccion="0699" casilla="C2" simbolo="0" pan="9" pri="186" prd="148" pt="28" pvem="2" convergencia="0" na="4" noreg="0" coalicion="0" nulos="5" total="382" />
  <resultado seccion="0700" casilla="BA" simbolo="0" pan="19" pri="137" prd="137" pt="30" pvem="3" convergencia="0" na="11" noreg="0" coalicion="1" nulos="5" total="343" />
  <resultado seccion="0700" casilla="C1" simbolo="0" pan="7" pri="155" prd="158" pt="15" pvem="2" convergencia="1" na="17" noreg="0" coalicion="0" nulos="9" total="364" />
  <resultado seccion="0701" casilla="BA" simbolo="0" pan="8" pri="90" prd="98" pt="18" pvem="1" convergencia="1" na="6" noreg="0" coalicion="0" nulos="5" total="227" />
  <resultado seccion="0701" casilla="C1" simbolo="0" pan="7" pri="97" prd="103" pt="22" pvem="3" convergencia="0" na="6" noreg="0" coalicion="0" nulos="4" total="242" />
  <resultado seccion="0702" casilla="BA" simbolo="0" pan="7" pri="134" prd="69" pt="19" pvem="0" convergencia="1" na="11" noreg="0" coalicion="1" nulos="1" total="243" />
  <resultado seccion="0702" casilla="C1" simbolo="0" pan="5" pri="122" prd="83" pt="10" pvem="0" convergencia="0" na="7" noreg="0" coalicion="1" nulos="2" total="230" />
  <resultado seccion="0703" casilla="BA" simbolo="0" pan="11" pri="126" prd="123" pt="32" pvem="5" convergencia="1" na="4" noreg="1" coalicion="0" nulos="9" total="312" />
  <resultado seccion="0703" casilla="C1" simbolo="0" pan="27" pri="112" prd="117" pt="42" pvem="2" convergencia="1" na="0" noreg="0" coalicion="0" nulos="2" total="303" />
  <resultado seccion="0703" casilla="C2" simbolo="0" pan="13" pri="142" prd="116" pt="31" pvem="1" convergencia="0" na="7" noreg="0" coalicion="0" nulos="2" total="312" />
  <resultado seccion="0704" casilla="BA" simbolo="0" pan="17" pri="134" prd="213" pt="53" pvem="1" convergencia="1" na="4" noreg="0" coalicion="1" nulos="15" total="439" />
  <resultado seccion="0704" casilla="C1" simbolo="0" pan="15" pri="157" prd="231" pt="33" pvem="2" convergencia="2" na="4" noreg="0" coalicion="0" nulos="7" total="451" />
  <resultado seccion="0705" casilla="BA" simbolo="0" pan="33" pri="121" prd="123" pt="24" pvem="2" convergencia="0" na="1" noreg="1" coalicion="1" nulos="4" total="310" />
  <resultado seccion="0705" casilla="C1" simbolo="0" pan="20" pri="128" prd="145" pt="20" pvem="0" convergencia="0" na="1" noreg="0" coalicion="0" nulos="14" total="328" />
  <resultado seccion="0706" casilla="BA" simbolo="0" pan="25" pri="206" prd="117" pt="18" pvem="1" convergencia="0" na="0" noreg="0" coalicion="0" nulos="9" total="376" />
  <resultado seccion="0706" casilla="C1" simbolo="0" pan="19" pri="136" prd="174" pt="56" pvem="1" convergencia="0" na="0" noreg="0" coalicion="0" nulos="4" total="390" />
  <resultado seccion="0706" casilla="C2" simbolo="0" pan="22" pri="170" prd="127" pt="47" pvem="1" convergencia="0" na="1" noreg="0" coalicion="0" nulos="5" total="373" />
  <resultado seccion="0707" casilla="BA" simbolo="0" pan="46" pri="135" prd="171" pt="59" pvem="0" convergencia="1" na="2" noreg="0" coalicion="0" nulos="5" total="419" />
  <resultado seccion="0707" casilla="C1" simbolo="0" pan="57" pri="128" prd="153" pt="62" pvem="1" convergencia="0" na="3" noreg="0" coalicion="0" nulos="6" total="410" />
  <resultado seccion="0707" casilla="C2" simbolo="0" pan="52" pri="136" prd="161" pt="54" pvem="0" convergencia="0" na="0" noreg="0" coalicion="0" nulos="7" total="410" />
  <resultado seccion="0708" casilla="BA" simbolo="0" pan="8" pri="203" prd="143" pt="26" pvem="0" convergencia="0" na="0" noreg="0" coalicion="1" nulos="5" total="386" />
  <resultado seccion="0708" casilla="C1" simbolo="0" pan="4" pri="202" prd="180" pt="31" pvem="0" convergencia="0" na="1" noreg="0" coalicion="0" nulos="0" total="418" />
  <resultado seccion="0708" casilla="C2" simbolo="0" pan="4" pri="173" prd="166" pt="44" pvem="0" convergencia="0" na="0" noreg="1" coalicion="1" nulos="5" total="394" />
  <resultado seccion="0709" casilla="BA" simbolo="0" pan="31" pri="178" prd="137" pt="6" pvem="0" convergencia="1" na="2" noreg="0" coalicion="0" nulos="7" total="362" />
  <resultado seccion="0710" casilla="BA" simbolo="0" pan="17" pri="179" prd="123" pt="20" pvem="1" convergencia="0" na="2" noreg="0" coalicion="0" nulos="8" total="350" />
  <resultado seccion="0710" casilla="C1" simbolo="0" pan="36" pri="192" prd="129" pt="34" pvem="0" convergencia="1" na="3" noreg="0" coalicion="3" nulos="5" total="403" />
  <resultado seccion="0711" casilla="BA" simbolo="0" pan="21" pri="157" prd="143" pt="23" pvem="1" convergencia="1" na="0" noreg="0" coalicion="0" nulos="4" total="350" />
  <resultado seccion="0711" casilla="C1" simbolo="0" pan="11" pri="179" prd="153" pt="30" pvem="2" convergencia="0" na="1" noreg="0" coalicion="1" nulos="7" total="384" />
  <resultado seccion="0712" casilla="BA" simbolo="0" pan="26" pri="188" prd="197" pt="23" pvem="2" convergencia="0" na="7" noreg="0" coalicion="0" nulos="9" total="452" />
  <resultado seccion="0712" casilla="C1" simbolo="0" pan="45" pri="162" prd="197" pt="38" pvem="5" convergencia="0" na="4" noreg="0" coalicion="0" nulos="7" total="458" />
  <resultado seccion="0713" casilla="BA" simbolo="0" pan="14" pri="161" prd="236" pt="28" pvem="2" convergencia="0" na="2" noreg="0" coalicion="0" nulos="4" total="447" />
  <resultado seccion="0713" casilla="C1" simbolo="0" pan="20" pri="116" prd="263" pt="28" pvem="3" convergencia="0" na="1" noreg="0" coalicion="3" nulos="7" total="441" />
  <resultado seccion="0714" casilla="BA" simbolo="0" pan="42" pri="220" prd="199" pt="36" pvem="1" convergencia="1" na="0" noreg="0" coalicion="0" nulos="3" total="502" />
  <resultado seccion="0714" casilla="C1" simbolo="0" pan="56" pri="158" prd="230" pt="21" pvem="1" convergencia="0" na="1" noreg="0" coalicion="0" nulos="7" total="474" />
  <resultado seccion="0715" casilla="BA" simbolo="0" pan="8" pri="77" prd="12" pt="1" pvem="1" convergencia="1" na="0" noreg="0" coalicion="0" nulos="0" total="100" />
  <resultado seccion="0716" casilla="BA" simbolo="0" pan="45" pri="232" prd="204" pt="25" pvem="3" convergencia="0" na="1" noreg="0" coalicion="0" nulos="10" total="520" />
  <resultado seccion="0716" casilla="C1" simbolo="0" pan="56" pri="200" prd="177" pt="17" pvem="1" convergencia="0" na="0" noreg="0" coalicion="0" nulos="7" total="458" />
  <resultado seccion="0717" casilla="BA" simbolo="0" pan="39" pri="88" prd="93" pt="17" pvem="5" convergencia="0" na="3" noreg="0" coalicion="2" nulos="7" total="254" />
  <resultado seccion="0717" casilla="C1" simbolo="0" pan="36" pri="93" prd="115" pt="6" pvem="4" convergencia="0" na="2" noreg="0" coalicion="0" nulos="4" total="260" />
  <resultado seccion="0718" casilla="BA" simbolo="0" pan="5" pri="187" prd="194" pt="20" pvem="3" convergencia="1" na="8" noreg="0" coalicion="0" nulos="4" total="422" />
  <resultado seccion="0718" casilla="C1" simbolo="0" pan="9" pri="195" prd="183" pt="19" pvem="3" convergencia="0" na="12" noreg="0" coalicion="0" nulos="10" total="431" />
  <resultado seccion="0719" casilla="BA" simbolo="0" pan="8" pri="197" prd="229" pt="12" pvem="4" convergencia="4" na="3" noreg="0" coalicion="0" nulos="6" total="463" />
  <resultado seccion="0719" casilla="C1" simbolo="0" pan="4" pri="200" prd="224" pt="16" pvem="4" convergencia="1" na="4" noreg="0" coalicion="0" nulos="6" total="459" />
  <resultado seccion="0720" casilla="BA" simbolo="0" pan="10" pri="204" prd="196" pt="46" pvem="0" convergencia="0" na="2" noreg="0" coalicion="0" nulos="5" total="463" />
  <resultado seccion="0720" casilla="C1" simbolo="0" pan="14" pri="195" prd="175" pt="48" pvem="5" convergencia="1" na="1" noreg="0" coalicion="0" nulos="18" total="457" />
  <resultado seccion="0721" casilla="BA" simbolo="0" pan="16" pri="221" prd="171" pt="32" pvem="0" convergencia="0" na="2" noreg="0" coalicion="0" nulos="5" total="447" />
  <resultado seccion="0721" casilla="C1" simbolo="0" pan="10" pri="220" prd="151" pt="35" pvem="2" convergencia="1" na="2" noreg="0" coalicion="0" nulos="11" total="432" />
  <resultado seccion="0722" casilla="BA" simbolo="0" pan="47" pri="211" prd="135" pt="24" pvem="0" convergencia="0" na="1" noreg="0" coalicion="0" nulos="4" total="422" />
  <resultado seccion="0722" casilla="C1" simbolo="0" pan="49" pri="164" prd="163" pt="14" pvem="2" convergencia="0" na="2" noreg="0" coalicion="1" nulos="3" total="398" />
  <resultado seccion="0722" casilla="C2" simbolo="0" pan="44" pri="199" prd="146" pt="24" pvem="2" convergencia="0" na="4" noreg="0" coalicion="0" nulos="4" total="423" />
  <resultado seccion="0723" casilla="BA" simbolo="0" pan="46" pri="171" prd="138" pt="9" pvem="2" convergencia="1" na="1" noreg="0" coalicion="0" nulos="7" total="375" />
  <resultado seccion="0723" casilla="C1" simbolo="0" pan="41" pri="168" prd="113" pt="20" pvem="2" convergencia="0" na="5" noreg="0" coalicion="0" nulos="9" total="358" />
  <resultado seccion="0723" casilla="C2" simbolo="0" pan="30" pri="212" prd="124" pt="13" pvem="0" convergencia="0" na="0" noreg="0" coalicion="0" nulos="8" total="387" />
  <resultado seccion="0724" casilla="BA" simbolo="0" pan="22" pri="114" prd="154" pt="21" pvem="6" convergencia="2" na="3" noreg="1" coalicion="0" nulos="3" total="326" />
  <resultado seccion="0724" casilla="C1" simbolo="0" pan="18" pri="170" prd="131" pt="8" pvem="2" convergencia="1" na="5" noreg="0" coalicion="0" nulos="11" total="346" />
  <resultado seccion="0724" casilla="C2" simbolo="0" pan="9" pri="139" prd="164" pt="19" pvem="5" convergencia="0" na="0" noreg="0" coalicion="0" nulos="8" total="344" />
  <resultado seccion="0724" casilla="C3" simbolo="0" pan="20" pri="139" prd="143" pt="13" pvem="5" convergencia="0" na="3" noreg="0" coalicion="1" nulos="8" total="332" />
  <resultado seccion="0725" casilla="BA" simbolo="0" pan="22" pri="120" prd="145" pt="34" pvem="1" convergencia="0" na="1" noreg="1" coalicion="0" nulos="3" total="327" />
  <resultado seccion="0725" casilla="C1" simbolo="0" pan="27" pri="112" prd="137" pt="61" pvem="1" convergencia="0" na="2" noreg="0" coalicion="0" nulos="4" total="344" />
  <resultado seccion="0725" casilla="C2" simbolo="0" pan="30" pri="123" prd="148" pt="44" pvem="0" convergencia="0" na="2" noreg="0" coalicion="0" nulos="6" total="353" />
  <resultado seccion="0726" casilla="BA" simbolo="0" pan="44" pri="147" prd="126" pt="44" pvem="4" convergencia="3" na="3" noreg="0" coalicion="0" nulos="8" total="379" />
  <resultado seccion="0726" casilla="C1" simbolo="0" pan="59" pri="155" prd="117" pt="52" pvem="3" convergencia="1" na="8" noreg="0" coalicion="0" nulos="5" total="400" />
  <resultado seccion="0727" casilla="BA" simbolo="0" pan="26" pri="214" prd="199" pt="73" pvem="3" convergencia="0" na="14" noreg="0" coalicion="0" nulos="8" total="537" />
  <resultado seccion="0727" casilla="C1" simbolo="0" pan="34" pri="194" prd="178" pt="95" pvem="0" convergencia="1" na="4" noreg="0" coalicion="0" nulos="12" total="518" />
  <resultado seccion="0727" casilla="C2" simbolo="0" pan="39" pri="189" prd="215" pt="65" pvem="2" convergencia="1" na="3" noreg="0" coalicion="1" nulos="15" total="530" />
  <resultado seccion="0728" casilla="BA" simbolo="0" pan="36" pri="203" prd="152" pt="12" pvem="1" convergencia="0" na="7" noreg="0" coalicion="0" nulos="8" total="419" />
  <resultado seccion="0728" casilla="C1" simbolo="0" pan="28" pri="175" prd="188" pt="20" pvem="2" convergencia="0" na="4" noreg="0" coalicion="1" nulos="12" total="430" />
  <resultado seccion="0729" casilla="BA" simbolo="0" pan="22" pri="183" prd="178" pt="35" pvem="1" convergencia="2" na="8" noreg="0" coalicion="0" nulos="5" total="434" />
  <resultado seccion="0729" casilla="C1" simbolo="0" pan="16" pri="168" prd="157" pt="38" pvem="2" convergencia="1" na="7" noreg="0" coalicion="2" nulos="3" total="394" />
  <resultado seccion="0729" casilla="C2" simbolo="0" pan="26" pri="148" prd="161" pt="61" pvem="0" convergencia="1" na="8" noreg="0" coalicion="1" nulos="8" total="414" />
  <resultado seccion="0729" casilla="C3" simbolo="0" pan="20" pri="176" prd="177" pt="39" pvem="1" convergencia="1" na="22" noreg="0" coalicion="0" nulos="11" total="447" />
  <resultado seccion="0730" casilla="BA" simbolo="0" pan="53" pri="93" prd="93" pt="97" pvem="1" convergencia="0" na="5" noreg="0" coalicion="0" nulos="5" total="347" />
  <resultado seccion="0730" casilla="C1" simbolo="0" pan="50" pri="136" prd="75" pt="48" pvem="4" convergencia="0" na="5" noreg="0" coalicion="0" nulos="3" total="321" />
  <resultado seccion="0731" casilla="BA" simbolo="0" pan="27" pri="137" prd="156" pt="31" pvem="1" convergencia="0" na="1" noreg="0" coalicion="0" nulos="5" total="358" />
  <resultado seccion="0731" casilla="C1" simbolo="0" pan="23" pri="182" prd="148" pt="11" pvem="1" convergencia="0" na="1" noreg="0" coalicion="0" nulos="9" total="375" />
  <resultado seccion="0731" casilla="C2" simbolo="0" pan="28" pri="163" prd="139" pt="16" pvem="0" convergencia="0" na="5" noreg="0" coalicion="1" nulos="6" total="358" />
  <resultado seccion="0732" casilla="BA" simbolo="0" pan="22" pri="213" prd="153" pt="79" pvem="1" convergencia="0" na="5" noreg="0" coalicion="0" nulos="16" total="489" />
  <resultado seccion="0733" casilla="BA" simbolo="0" pan="31" pri="139" prd="200" pt="38" pvem="2" convergencia="0" na="1" noreg="0" coalicion="2" nulos="5" total="418" />
  <resultado seccion="0733" casilla="C1" simbolo="0" pan="49" pri="167" prd="169" pt="32" pvem="1" convergencia="1" na="2" noreg="0" coalicion="0" nulos="10" total="431" />
  <resultado seccion="0733" casilla="C2" simbolo="0" pan="29" pri="155" prd="176" pt="27" pvem="4" convergencia="1" na="3" noreg="1" coalicion="1" nulos="11" total="408" />
  <resultado seccion="0734" casilla="BA" simbolo="0" pan="16" pri="121" prd="78" pt="10" pvem="1" convergencia="0" na="2" noreg="0" coalicion="0" nulos="4" total="232" />
  <resultado seccion="0735" casilla="BA" simbolo="0" pan="66" pri="156" prd="132" pt="34" pvem="2" convergencia="0" na="1" noreg="0" coalicion="0" nulos="7" total="398" />
  <resultado seccion="0735" casilla="C1" simbolo="0" pan="87" pri="107" prd="139" pt="39" pvem="1" convergencia="1" na="1" noreg="0" coalicion="0" nulos="5" total="380" />
  <resultado seccion="0736" casilla="BA" simbolo="0" pan="45" pri="262" prd="124" pt="13" pvem="5" convergencia="1" na="2" noreg="0" coalicion="0" nulos="6" total="458" />
  <resultado seccion="0736" casilla="C1" simbolo="0" pan="60" pri="223" prd="111" pt="9" pvem="10" convergencia="0" na="8" noreg="0" coalicion="0" nulos="11" total="432" />
  <resultado seccion="0737" casilla="BA" simbolo="0" pan="7" pri="152" prd="289" pt="15" pvem="0" convergencia="0" na="2" noreg="0" coalicion="1" nulos="6" total="472" />
  <resultado seccion="0738" casilla="BA" simbolo="0" pan="37" pri="183" prd="125" pt="31" pvem="7" convergencia="1" na="5" noreg="0" coalicion="2" nulos="6" total="397" />
  <resultado seccion="0738" casilla="C1" simbolo="0" pan="50" pri="189" prd="118" pt="40" pvem="4" convergencia="0" na="2" noreg="0" coalicion="0" nulos="10" total="413" />
  <resultado seccion="0738" casilla="C2" simbolo="0" pan="60" pri="151" prd="137" pt="26" pvem="4" convergencia="0" na="5" noreg="0" coalicion="1" nulos="8" total="392" />
  <resultado seccion="0739" casilla="BA" simbolo="0" pan="12" pri="177" prd="141" pt="30" pvem="2" convergencia="0" na="0" noreg="0" coalicion="1" nulos="6" total="369" />
  <resultado seccion="0740" casilla="BA" simbolo="0" pan="0" pri="54" prd="50" pt="0" pvem="0" convergencia="0" na="2" noreg="0" coalicion="1" nulos="2" total="109" />
  <resultado seccion="0741" casilla="BA" simbolo="0" pan="28" pri="157" prd="141" pt="23" pvem="4" convergencia="1" na="6" noreg="0" coalicion="0" nulos="15" total="375" />
  <resultado seccion="0741" casilla="C1" simbolo="0" pan="27" pri="172" prd="149" pt="17" pvem="1" convergencia="0" na="10" noreg="0" coalicion="5" nulos="5" total="386" />
  <resultado seccion="0741" casilla="C2" simbolo="0" pan="15" pri="173" prd="150" pt="17" pvem="0" convergencia="0" na="10" noreg="0" coalicion="0" nulos="8" total="373" />
  <resultado seccion="0742" casilla="BA" simbolo="0" pan="38" pri="235" prd="175" pt="26" pvem="8" convergencia="0" na="4" noreg="0" coalicion="0" nulos="8" total="494" />
  <resultado seccion="0742" casilla="C1" simbolo="0" pan="50" pri="222" prd="171" pt="30" pvem="3" convergencia="0" na="4" noreg="0" coalicion="0" nulos="9" total="489" />
  <resultado seccion="0743" casilla="BA" simbolo="0" pan="53" pri="187" prd="124" pt="26" pvem="1" convergencia="0" na="1" noreg="0" coalicion="0" nulos="11" total="403" />
  <resultado seccion="0743" casilla="C1" simbolo="0" pan="73" pri="120" prd="119" pt="44" pvem="5" convergencia="1" na="7" noreg="0" coalicion="2" nulos="6" total="377" />
  <resultado seccion="0743" casilla="C2" simbolo="0" pan="73" pri="126" prd="144" pt="37" pvem="2" convergencia="0" na="15" noreg="0" coalicion="2" nulos="10" total="409" />
  <resultado seccion="0744" casilla="BA" simbolo="0" pan="44" pri="186" prd="189" pt="35" pvem="3" convergencia="0" na="1" noreg="1" coalicion="0" nulos="5" total="464" />
  <resultado seccion="0744" casilla="C1" simbolo="0" pan="39" pri="141" prd="191" pt="53" pvem="7" convergencia="1" na="2" noreg="0" coalicion="0" nulos="12" total="446" />
  <resultado seccion="0745" casilla="BA" simbolo="0" pan="29" pri="145" prd="176" pt="19" pvem="0" convergencia="0" na="2" noreg="0" coalicion="0" nulos="6" total="377" />
  <resultado seccion="0746" casilla="BA" simbolo="0" pan="10" pri="241" prd="159" pt="23" pvem="1" convergencia="0" na="2" noreg="0" coalicion="0" nulos="5" total="441" />
  <resultado seccion="0746" casilla="C1" simbolo="0" pan="17" pri="229" prd="136" pt="29" pvem="3" convergencia="1" na="2" noreg="0" coalicion="0" nulos="8" total="425" />
  <resultado seccion="0747" casilla="BA" simbolo="0" pan="36" pri="170" prd="166" pt="34" pvem="3" convergencia="0" na="2" noreg="0" coalicion="4" nulos="8" total="423" />
  <resultado seccion="0747" casilla="C1" simbolo="0" pan="44" pri="127" prd="195" pt="36" pvem="1" convergencia="1" na="4" noreg="0" coalicion="2" nulos="8" total="418" />
  <resultado seccion="0747" casilla="C2" simbolo="0" pan="50" pri="121" prd="181" pt="25" pvem="2" convergencia="0" na="4" noreg="2" coalicion="1" nulos="9" total="395" />
  <resultado seccion="0748" casilla="BA" simbolo="0" pan="65" pri="115" prd="138" pt="26" pvem="4" convergencia="1" na="1" noreg="0" coalicion="0" nulos="4" total="354" />
  <resultado seccion="0748" casilla="C1" simbolo="0" pan="73" pri="84" prd="149" pt="27" pvem="5" convergencia="1" na="0" noreg="0" coalicion="0" nulos="0" total="339" />
  <resultado seccion="0748" casilla="C2" simbolo="0" pan="48" pri="87" prd="141" pt="20" pvem="3" convergencia="1" na="1" noreg="0" coalicion="1" nulos="8" total="310" />
  <resultado seccion="0749" casilla="BA" simbolo="0" pan="18" pri="124" prd="96" pt="50" pvem="2" convergencia="0" na="1" noreg="0" coalicion="0" nulos="6" total="297" />
  <resultado seccion="0749" casilla="C1" simbolo="0" pan="20" pri="126" prd="89" pt="33" pvem="3" convergencia="0" na="1" noreg="0" coalicion="0" nulos="2" total="274" />
  <resultado seccion="0750" casilla="BA" simbolo="0" pan="130" pri="100" prd="67" pt="42" pvem="4" convergencia="0" na="2" noreg="0" coalicion="1" nulos="6" total="352" />
  <resultado seccion="0751" casilla="BA" simbolo="0" pan="9" pri="126" prd="159" pt="7" pvem="1" convergencia="1" na="5" noreg="0" coalicion="0" nulos="11" total="319" />
  <resultado seccion="0752" casilla="BA" simbolo="0" pan="16" pri="171" prd="233" pt="12" pvem="0" convergencia="0" na="3" noreg="0" coalicion="1" nulos="4" total="440" />
  <resultado seccion="0753" casilla="BA" simbolo="0" pan="62" pri="80" prd="85" pt="32" pvem="3" convergencia="0" na="4" noreg="0" coalicion="1" nulos="4" total="271" />
  <resultado seccion="0754" casilla="BA" simbolo="0" pan="69" pri="169" prd="104" pt="21" pvem="0" convergencia="0" na="3" noreg="0" coalicion="0" nulos="4" total="370" />
  <resultado seccion="0755" casilla="BA" simbolo="0" pan="5" pri="107" prd="102" pt="29" pvem="0" convergencia="0" na="4" noreg="0" coalicion="0" nulos="7" total="254" />
  <resultado seccion="0756" casilla="BA" simbolo="0" pan="35" pri="131" prd="107" pt="19" pvem="0" convergencia="1" na="3" noreg="0" coalicion="1" nulos="7" total="304" />
  <resultado seccion="0756" casilla="C1" simbolo="0" pan="32" pri="131" prd="114" pt="28" pvem="0" convergencia="0" na="2" noreg="0" coalicion="0" nulos="2" total="309" />
  <resultado seccion="0757" casilla="BA" simbolo="0" pan="71" pri="150" prd="138" pt="29" pvem="7" convergencia="1" na="4" noreg="0" coalicion="2" nulos="6" total="408" />
  <resultado seccion="0757" casilla="C1" simbolo="0" pan="72" pri="148" prd="154" pt="25" pvem="3" convergencia="0" na="2" noreg="0" coalicion="1" nulos="9" total="414" />
  <resultado seccion="0758" casilla="BA" simbolo="0" pan="65" pri="70" prd="46" pt="30" pvem="3" convergencia="1" na="2" noreg="0" coalicion="2" nulos="10" total="229" />
  <resultado seccion="0758" casilla="C1" simbolo="0" pan="59" pri="79" prd="48" pt="27" pvem="3" convergencia="0" na="1" noreg="0" coalicion="0" nulos="4" total="221" />
  <resultado seccion="0759" casilla="BA" simbolo="0" pan="51" pri="103" prd="129" pt="52" pvem="0" convergencia="1" na="2" noreg="1" coalicion="0" nulos="8" total="347" />
  <resultado seccion="0759" casilla="C1" simbolo="0" pan="44" pri="112" prd="123" pt="51" pvem="3" convergencia="1" na="0" noreg="0" coalicion="0" nulos="5" total="339" />
  <resultado seccion="0760" casilla="BA" simbolo="0" pan="85" pri="194" prd="73" pt="19" pvem="2" convergencia="0" na="1" noreg="0" coalicion="0" nulos="6" total="380" />
  <resultado seccion="0760" casilla="C1" simbolo="0" pan="69" pri="180" prd="81" pt="23" pvem="3" convergencia="0" na="0" noreg="0" coalicion="0" nulos="6" total="362" />
  <resultado seccion="0761" casilla="BA" simbolo="0" pan="4" pri="82" prd="96" pt="8" pvem="1" convergencia="0" na="4" noreg="0" coalicion="0" nulos="1" total="196" />
  <resultado seccion="0762" casilla="BA" simbolo="0" pan="20" pri="113" prd="73" pt="9" pvem="1" convergencia="0" na="4" noreg="0" coalicion="0" nulos="3" total="223" />
  <resultado seccion="0763" casilla="BA" simbolo="0" pan="46" pri="76" prd="78" pt="19" pvem="2" convergencia="3" na="3" noreg="1" coalicion="0" nulos="4" total="232" />
  <resultado seccion="0763" casilla="C1" simbolo="0" pan="52" pri="92" prd="77" pt="20" pvem="0" convergencia="2" na="2" noreg="1" coalicion="0" nulos="4" total="250" />
  <resultado seccion="0764" casilla="BA" simbolo="0" pan="18" pri="152" prd="191" pt="35" pvem="0" convergencia="0" na="2" noreg="0" coalicion="3" nulos="6" total="407" />
  <resultado seccion="0765" casilla="BA" simbolo="0" pan="27" pri="188" prd="87" pt="21" pvem="3" convergencia="0" na="3" noreg="0" coalicion="1" nulos="11" total="341" />
  <resultado seccion="0765" casilla="C1" simbolo="0" pan="41" pri="134" prd="103" pt="29" pvem="1" convergencia="2" na="3" noreg="0" coalicion="0" nulos="2" total="315" />
  <resultado seccion="0765" casilla="C2" simbolo="0" pan="43" pri="146" prd="86" pt="21" pvem="3" convergencia="0" na="0" noreg="0" coalicion="0" nulos="9" total="308" />
  <resultado seccion="0766" casilla="BA" simbolo="0" pan="19" pri="129" prd="110" pt="16" pvem="0" convergencia="0" na="4" noreg="0" coalicion="1" nulos="6" total="285" />
  <resultado seccion="0766" casilla="C1" simbolo="0" pan="19" pri="144" prd="81" pt="16" pvem="0" convergencia="0" na="2" noreg="0" coalicion="0" nulos="2" total="264" />
  <resultado seccion="0767" casilla="BA" simbolo="0" pan="15" pri="190" prd="106" pt="18" pvem="2" convergencia="0" na="7" noreg="0" coalicion="2" nulos="5" total="345" />
  <resultado seccion="0767" casilla="C1" simbolo="0" pan="42" pri="196" prd="91" pt="10" pvem="3" convergencia="1" na="4" noreg="0" coalicion="0" nulos="5" total="352" />
  <resultado seccion="0768" casilla="BA" simbolo="0" pan="16" pri="143" prd="90" pt="21" pvem="2" convergencia="0" na="3" noreg="0" coalicion="2" nulos="6" total="283" />
  <resultado seccion="0768" casilla="C1" simbolo="0" pan="16" pri="147" prd="91" pt="10" pvem="3" convergencia="1" na="4" noreg="0" coalicion="0" nulos="4" total="276" />
  <resultado seccion="0769" casilla="BA" simbolo="0" pan="26" pri="84" prd="115" pt="16" pvem="1" convergencia="0" na="9" noreg="0" coalicion="0" nulos="11" total="262" />
  <resultado seccion="0769" casilla="C1" simbolo="0" pan="33" pri="101" prd="109" pt="16" pvem="2" convergencia="0" na="4" noreg="0" coalicion="1" nulos="3" total="269" />
  <resultado seccion="0770" casilla="BA" simbolo="0" pan="14" pri="144" prd="132" pt="53" pvem="3" convergencia="1" na="3" noreg="0" coalicion="0" nulos="14" total="364" />
  <resultado seccion="0770" casilla="C1" simbolo="0" pan="18" pri="145" prd="145" pt="55" pvem="2" convergencia="0" na="2" noreg="0" coalicion="1" nulos="4" total="372" />
  <resultado seccion="0771" casilla="BA" simbolo="0" pan="62" pri="231" prd="158" pt="27" pvem="1" convergencia="0" na="3" noreg="0" coalicion="0" nulos="5" total="487" />
  <resultado seccion="0772" casilla="BA" simbolo="0" pan="17" pri="221" prd="88" pt="10" pvem="2" convergencia="1" na="0" noreg="0" coalicion="1" nulos="5" total="345" />
  <resultado seccion="0773" casilla="BA" simbolo="0" pan="30" pri="121" prd="136" pt="35" pvem="0" convergencia="1" na="0" noreg="0" coalicion="0" nulos="5" total="328" />
  <resultado seccion="0773" casilla="C1" simbolo="0" pan="22" pri="139" prd="118" pt="25" pvem="1" convergencia="1" na="0" noreg="1" coalicion="0" nulos="7" total="314" />
  <resultado seccion="0774" casilla="BA" simbolo="0" pan="16" pri="108" prd="101" pt="30" pvem="0" convergencia="0" na="0" noreg="1" coalicion="0" nulos="5" total="261" />
  <resultado seccion="0774" casilla="C1" simbolo="0" pan="13" pri="121" prd="116" pt="23" pvem="0" convergencia="0" na="1" noreg="1" coalicion="0" nulos="5" total="280" />
  <resultado seccion="0775" casilla="BA" simbolo="0" pan="25" pri="103" prd="52" pt="19" pvem="2" convergencia="1" na="4" noreg="0" coalicion="0" nulos="9" total="215" />
  <resultado seccion="0776" casilla="BA" simbolo="0" pan="24" pri="138" prd="108" pt="12" pvem="0" convergencia="0" na="10" noreg="0" coalicion="2" nulos="4" total="298" />
  <resultado seccion="0777" casilla="BA" simbolo="0" pan="35" pri="174" prd="52" pt="17" pvem="1" convergencia="3" na="0" noreg="0" coalicion="0" nulos="2" total="284" />
  <resultado seccion="0777" casilla="C1" simbolo="0" pan="27" pri="142" prd="62" pt="27" pvem="1" convergencia="1" na="1" noreg="0" coalicion="2" nulos="6" total="269" />
  <resultado seccion="0778" casilla="BA" simbolo="0" pan="49" pri="234" prd="99" pt="22" pvem="0" convergencia="1" na="4" noreg="0" coalicion="0" nulos="9" total="418" />
  <resultado seccion="0779" casilla="BA" simbolo="0" pan="38" pri="90" prd="110" pt="16" pvem="0" convergencia="2" na="2" noreg="0" coalicion="0" nulos="7" total="265" />
  <resultado seccion="0779" casilla="C1" simbolo="0" pan="38" pri="116" prd="92" pt="26" pvem="0" convergencia="0" na="2" noreg="0" coalicion="0" nulos="5" total="279" />
  <resultado seccion="0780" casilla="BA" simbolo="0" pan="5" pri="136" prd="62" pt="11" pvem="1" convergencia="1" na="3" noreg="0" coalicion="2" nulos="2" total="223" />
  <resultado seccion="0780" casilla="C1" simbolo="0" pan="9" pri="126" prd="73" pt="7" pvem="7" convergencia="0" na="3" noreg="1" coalicion="0" nulos="7" total="233" />
</detallado>