﻿<detallado distrito="XV" nombre="PARAISO" listanominal="56,778" pan="1,223" pri="15,975" prd="24,100" pt="284" pvem="273" convergencia="161" na="267" noreg="19" coalicion="38" nulos="605" votaciontotal="42,945">
  <resultado seccion="0991" casilla="BA" simbolo="0" pan="12" pri="139" prd="257" pt="1" pvem="7" convergencia="3" na="2" noreg="0" coalicion="0" nulos="4" total="425" />
  <resultado seccion="0991" casilla="C1" simbolo="0" pan="6" pri="125" prd="237" pt="4" pvem="4" convergencia="5" na="2" noreg="1" coalicion="1" nulos="7" total="392" />
  <resultado seccion="0991" casilla="C2" simbolo="0" pan="13" pri="131" prd="233" pt="4" pvem="11" convergencia="1" na="1" noreg="0" coalicion="0" nulos="4" total="398" />
  <resultado seccion="0992" casilla="BA" simbolo="0" pan="8" pri="215" prd="104" pt="2" pvem="2" convergencia="2" na="0" noreg="0" coalicion="0" nulos="9" total="342" />
  <resultado seccion="0992" casilla="C1" simbolo="0" pan="11" pri="242" prd="80" pt="5" pvem="1" convergencia="1" na="1" noreg="0" coalicion="2" nulos="3" total="346" />
  <resultado seccion="0993" casilla="BA" simbolo="0" pan="17" pri="189" prd="146" pt="1" pvem="6" convergencia="3" na="5" noreg="0" coalicion="1" nulos="2" total="370" />
  <resultado seccion="0993" casilla="C1" simbolo="0" pan="18" pri="195" prd="135" pt="3" pvem="6" convergencia="1" na="0" noreg="0" coalicion="0" nulos="4" total="362" />
  <resultado seccion="0994" casilla="BA" simbolo="0" pan="10" pri="147" prd="255" pt="9" pvem="3" convergencia="19" na="2" noreg="0" coalicion="1" nulos="6" total="452" />
  <resultado seccion="0994" casilla="C1" simbolo="0" pan="8" pri="184" prd="234" pt="3" pvem="4" convergencia="14" na="2" noreg="0" coalicion="1" nulos="7" total="457" />
  <resultado seccion="0995" casilla="BA" simbolo="0" pan="20" pri="156" prd="226" pt="4" pvem="8" convergencia="1" na="4" noreg="0" coalicion="0" nulos="14" total="433" />
  <resultado seccion="0995" casilla="C1" simbolo="0" pan="14" pri="172" prd="229" pt="2" pvem="9" convergencia="1" na="3" noreg="0" coalicion="1" nulos="5" total="436" />
  <resultado seccion="0996" casilla="BA" simbolo="0" pan="13" pri="156" prd="283" pt="3" pvem="1" convergencia="1" na="5" noreg="0" coalicion="0" nulos="5" total="467" />
  <resultado seccion="0996" casilla="C1" simbolo="0" pan="18" pri="148" prd="280" pt="2" pvem="6" convergencia="1" na="5" noreg="0" coalicion="0" nulos="5" total="465" />
  <resultado seccion="0997" casilla="BA" simbolo="0" pan="10" pri="164" prd="209" pt="5" pvem="3" convergencia="1" na="3" noreg="0" coalicion="1" nulos="1" total="397" />
  <resultado seccion="0997" casilla="C1" simbolo="0" pan="10" pri="163" prd="183" pt="1" pvem="4" convergencia="2" na="1" noreg="0" coalicion="0" nulos="5" total="369" />
  <resultado seccion="0998" casilla="BA" simbolo="0" pan="18" pri="172" prd="244" pt="3" pvem="4" convergencia="4" na="4" noreg="0" coalicion="0" nulos="6" total="455" />
  <resultado seccion="0998" casilla="C1" simbolo="0" pan="16" pri="204" prd="232" pt="2" pvem="3" convergencia="4" na="1" noreg="0" coalicion="0" nulos="7" total="469" />
  <resultado seccion="0999" casilla="BA" simbolo="0" pan="12" pri="117" prd="240" pt="3" pvem="3" convergencia="2" na="15" noreg="0" coalicion="0" nulos="7" total="399" />
  <resultado seccion="0999" casilla="C1" simbolo="0" pan="10" pri="117" prd="233" pt="5" pvem="2" convergencia="0" na="3" noreg="0" coalicion="0" nulos="5" total="375" />
  <resultado seccion="1000" casilla="BA" simbolo="0" pan="22" pri="141" prd="164" pt="1" pvem="6" convergencia="1" na="5" noreg="0" coalicion="0" nulos="8" total="348" />
  <resultado seccion="1000" casilla="C1" simbolo="0" pan="7" pri="171" prd="161" pt="2" pvem="4" convergencia="3" na="0" noreg="0" coalicion="0" nulos="2" total="350" />
  <resultado seccion="1001" casilla="BA" simbolo="0" pan="13" pri="172" prd="178" pt="6" pvem="0" convergencia="4" na="4" noreg="0" coalicion="0" nulos="7" total="384" />
  <resultado seccion="1001" casilla="C1" simbolo="0" pan="17" pri="108" prd="212" pt="1" pvem="1" convergencia="2" na="3" noreg="0" coalicion="0" nulos="6" total="350" />
  <resultado seccion="1002" casilla="BA" simbolo="0" pan="30" pri="218" prd="267" pt="5" pvem="10" convergencia="1" na="2" noreg="0" coalicion="1" nulos="7" total="541" />
  <resultado seccion="1002" casilla="ESMR" simbolo="0" pan="6" pri="41" prd="78" pt="3" pvem="0" convergencia="0" na="1" noreg="0" coalicion="0" nulos="0" total="129" />
  <resultado seccion="1002" casilla="ESRP" simbolo="0" pan="0" pri="10" prd="19" pt="0" pvem="0" convergencia="0" na="0" noreg="0" coalicion="1" nulos="1" total="31" />
  <resultado seccion="1003" casilla="BA" simbolo="0" pan="19" pri="124" prd="238" pt="3" pvem="5" convergencia="0" na="1" noreg="0" coalicion="0" nulos="6" total="396" />
  <resultado seccion="1003" casilla="C1" simbolo="0" pan="23" pri="129" prd="236" pt="9" pvem="8" convergencia="0" na="2" noreg="1" coalicion="0" nulos="8" total="416" />
  <resultado seccion="1004" casilla="BA" simbolo="0" pan="11" pri="203" prd="361" pt="7" pvem="12" convergencia="5" na="11" noreg="0" coalicion="1" nulos="13" total="624" />
  <resultado seccion="1004" casilla="C1" simbolo="0" pan="16" pri="193" prd="288" pt="3" pvem="7" convergencia="5" na="6" noreg="0" coalicion="0" nulos="8" total="526" />
  <resultado seccion="1005" casilla="BA" simbolo="0" pan="6" pri="170" prd="352" pt="4" pvem="4" convergencia="2" na="2" noreg="1" coalicion="1" nulos="9" total="551" />
  <resultado seccion="1005" casilla="C1" simbolo="0" pan="13" pri="178" prd="343" pt="3" pvem="5" convergencia="2" na="0" noreg="0" coalicion="1" nulos="14" total="559" />
  <resultado seccion="1006" casilla="BA" simbolo="0" pan="3" pri="128" prd="138" pt="0" pvem="0" convergencia="0" na="3" noreg="0" coalicion="1" nulos="3" total="276" />
  <resultado seccion="1006" casilla="EX" simbolo="0" pan="12" pri="181" prd="189" pt="1" pvem="2" convergencia="1" na="0" noreg="0" coalicion="0" nulos="1" total="387" />
  <resultado seccion="1007" casilla="BA" simbolo="0" pan="12" pri="216" prd="282" pt="15" pvem="1" convergencia="1" na="2" noreg="0" coalicion="2" nulos="9" total="540" />
  <resultado seccion="1007" casilla="C1" simbolo="0" pan="13" pri="206" prd="284" pt="11" pvem="0" convergencia="1" na="3" noreg="0" coalicion="1" nulos="10" total="529" />
  <resultado seccion="1008" casilla="BA" simbolo="0" pan="29" pri="144" prd="233" pt="0" pvem="1" convergencia="0" na="1" noreg="0" coalicion="0" nulos="8" total="416" />
  <resultado seccion="1008" casilla="C1" simbolo="0" pan="16" pri="184" prd="207" pt="0" pvem="0" convergencia="0" na="6" noreg="0" coalicion="1" nulos="11" total="425" />
  <resultado seccion="1009" casilla="BA" simbolo="0" pan="4" pri="81" prd="224" pt="2" pvem="1" convergencia="0" na="3" noreg="0" coalicion="0" nulos="7" total="322" />
  <resultado seccion="1009" casilla="C1" simbolo="0" pan="5" pri="119" prd="174" pt="3" pvem="4" convergencia="0" na="2" noreg="0" coalicion="0" nulos="11" total="318" />
  <resultado seccion="1010" casilla="BA" simbolo="0" pan="11" pri="128" prd="188" pt="1" pvem="0" convergencia="0" na="1" noreg="0" coalicion="0" nulos="5" total="334" />
  <resultado seccion="1010" casilla="C1" simbolo="0" pan="8" pri="99" prd="218" pt="3" pvem="1" convergencia="0" na="2" noreg="0" coalicion="0" nulos="0" total="331" />
  <resultado seccion="1011" casilla="BA" simbolo="0" pan="5" pri="166" prd="291" pt="3" pvem="0" convergencia="1" na="3" noreg="0" coalicion="1" nulos="3" total="473" />
  <resultado seccion="1011" casilla="C1" simbolo="0" pan="5" pri="172" prd="285" pt="3" pvem="2" convergencia="1" na="2" noreg="0" coalicion="2" nulos="0" total="472" />
  <resultado seccion="1012" casilla="BA" simbolo="0" pan="10" pri="159" prd="350" pt="2" pvem="3" convergencia="3" na="3" noreg="0" coalicion="0" nulos="6" total="536" />
  <resultado seccion="1012" casilla="EX" simbolo="0" pan="3" pri="111" prd="58" pt="0" pvem="3" convergencia="0" na="4" noreg="0" coalicion="0" nulos="1" total="180" />
  <resultado seccion="1012" casilla="X2" simbolo="0" pan="6" pri="119" prd="169" pt="1" pvem="5" convergencia="0" na="5" noreg="1" coalicion="0" nulos="4" total="310" />
  <resultado seccion="1012" casilla="X2C1" simbolo="0" pan="12" pri="140" prd="172" pt="1" pvem="0" convergencia="2" na="4" noreg="1" coalicion="0" nulos="4" total="336" />
  <resultado seccion="1013" casilla="BA" simbolo="0" pan="5" pri="126" prd="320" pt="0" pvem="4" convergencia="0" na="3" noreg="0" coalicion="0" nulos="3" total="461" />
  <resultado seccion="1013" casilla="C1" simbolo="0" pan="5" pri="136" prd="308" pt="1" pvem="2" convergencia="0" na="1" noreg="0" coalicion="0" nulos="9" total="462" />
  <resultado seccion="1014" casilla="BA" simbolo="0" pan="29" pri="132" prd="230" pt="1" pvem="0" convergencia="0" na="2" noreg="0" coalicion="0" nulos="12" total="406" />
  <resultado seccion="1014" casilla="C1" simbolo="0" pan="19" pri="133" prd="204" pt="3" pvem="2" convergencia="1" na="1" noreg="0" coalicion="0" nulos="0" total="363" />
  <resultado seccion="1014" casilla="C2" simbolo="0" pan="10" pri="150" prd="231" pt="1" pvem="2" convergencia="0" na="2" noreg="0" coalicion="0" nulos="0" total="396" />
  <resultado seccion="1015" casilla="BA" simbolo="0" pan="19" pri="220" prd="273" pt="1" pvem="4" convergencia="2" na="2" noreg="0" coalicion="0" nulos="4" total="525" />
  <resultado seccion="1016" casilla="BA" simbolo="0" pan="59" pri="193" prd="210" pt="1" pvem="0" convergencia="1" na="2" noreg="0" coalicion="195" nulos="11" total="672" />
  <resultado seccion="1016" casilla="C1" simbolo="0" pan="58" pri="227" prd="194" pt="0" pvem="0" convergencia="2" na="5" noreg="0" coalicion="1" nulos="7" total="494" />
  <resultado seccion="1017" casilla="BA" simbolo="0" pan="16" pri="99" prd="282" pt="2" pvem="0" convergencia="0" na="2" noreg="0" coalicion="0" nulos="6" total="407" />
  <resultado seccion="1017" casilla="C1" simbolo="0" pan="4" pri="126" prd="254" pt="0" pvem="1" convergencia="0" na="0" noreg="0" coalicion="0" nulos="5" total="390" />
  <resultado seccion="1018" casilla="BA" simbolo="0" pan="0" pri="172" prd="213" pt="2" pvem="5" convergencia="0" na="1" noreg="0" coalicion="0" nulos="4" total="397" />
  <resultado seccion="1018" casilla="C1" simbolo="0" pan="0" pri="150" prd="238" pt="0" pvem="1" convergencia="1" na="1" noreg="0" coalicion="1" nulos="5" total="397" />
  <resultado seccion="1019" casilla="BA" simbolo="0" pan="7" pri="117" prd="341" pt="8" pvem="4" convergencia="1" na="0" noreg="0" coalicion="0" nulos="12" total="490" />
  <resultado seccion="1019" casilla="C1" simbolo="0" pan="5" pri="139" prd="340" pt="5" pvem="0" convergencia="0" na="1" noreg="0" coalicion="0" nulos="7" total="497" />
  <resultado seccion="1020" casilla="BA" simbolo="0" pan="1" pri="183" prd="342" pt="1" pvem="3" convergencia="5" na="1" noreg="1" coalicion="0" nulos="11" total="548" />
  <resultado seccion="1020" casilla="C1" simbolo="0" pan="6" pri="194" prd="304" pt="3" pvem="3" convergencia="7" na="0" noreg="0" coalicion="1" nulos="7" total="525" />
  <resultado seccion="1021" casilla="BA" simbolo="0" pan="2" pri="80" prd="309" pt="2" pvem="0" convergencia="3" na="0" noreg="0" coalicion="0" nulos="10" total="406" />
  <resultado seccion="1021" casilla="C1" simbolo="0" pan="11" pri="112" prd="290" pt="0" pvem="2" convergencia="3" na="6" noreg="0" coalicion="0" nulos="5" total="429" />
  <resultado seccion="1021" casilla="C2" simbolo="0" pan="9" pri="128" prd="272" pt="1" pvem="0" convergencia="2" na="1" noreg="1" coalicion="1" nulos="10" total="425" />
  <resultado seccion="1022" casilla="BA" simbolo="0" pan="7" pri="119" prd="362" pt="11" pvem="4" convergencia="3" na="8" noreg="0" coalicion="0" nulos="0" total="514" />
  <resultado seccion="1022" casilla="C1" simbolo="0" pan="10" pri="169" prd="304" pt="2" pvem="7" convergencia="0" na="0" noreg="0" coalicion="0" nulos="5" total="497" />
  <resultado seccion="1022" casilla="C2" simbolo="0" pan="10" pri="152" prd="315" pt="6" pvem="0" convergencia="1" na="0" noreg="0" coalicion="0" nulos="4" total="488" />
  <resultado seccion="1022" casilla="C3" simbolo="0" pan="19" pri="191" prd="267" pt="0" pvem="4" convergencia="4" na="4" noreg="0" coalicion="2" nulos="12" total="503" />
  <resultado seccion="1023" casilla="BA" simbolo="0" pan="15" pri="153" prd="288" pt="4" pvem="0" convergencia="1" na="1" noreg="0" coalicion="0" nulos="4" total="466" />
  <resultado seccion="1023" casilla="C1" simbolo="0" pan="10" pri="119" prd="296" pt="1" pvem="4" convergencia="3" na="1" noreg="0" coalicion="1" nulos="7" total="442" />
  <resultado seccion="1023" casilla="C2" simbolo="0" pan="2" pri="159" prd="268" pt="0" pvem="1" convergencia="0" na="1" noreg="0" coalicion="0" nulos="4" total="435" />
  <resultado seccion="1024" casilla="BA" simbolo="0" pan="9" pri="183" prd="325" pt="2" pvem="1" convergencia="0" na="1" noreg="0" coalicion="0" nulos="0" total="521" />
  <resultado seccion="1024" casilla="C1" simbolo="0" pan="10" pri="214" prd="297" pt="0" pvem="0" convergencia="1" na="2" noreg="0" coalicion="0" nulos="3" total="527" />
  <resultado seccion="1025" casilla="BA" simbolo="0" pan="2" pri="116" prd="382" pt="5" pvem="1" convergencia="0" na="3" noreg="0" coalicion="1" nulos="8" total="518" />
  <resultado seccion="1025" casilla="C1" simbolo="0" pan="8" pri="147" prd="318" pt="6" pvem="4" convergencia="0" na="5" noreg="0" coalicion="0" nulos="6" total="494" />
  <resultado seccion="1026" casilla="BA" simbolo="0" pan="3" pri="195" prd="241" pt="1" pvem="0" convergencia="0" na="0" noreg="0" coalicion="0" nulos="16" total="456" />
  <resultado seccion="1026" casilla="C1" simbolo="0" pan="8" pri="191" prd="221" pt="0" pvem="3" convergencia="0" na="0" noreg="0" coalicion="0" nulos="8" total="431" />
  <resultado seccion="1027" casilla="BA" simbolo="0" pan="16" pri="210" prd="238" pt="1" pvem="1" convergencia="1" na="4" noreg="0" coalicion="1" nulos="6" total="478" />
  <resultado seccion="1027" casilla="C1" simbolo="0" pan="7" pri="204" prd="240" pt="2" pvem="2" convergencia="1" na="3" noreg="0" coalicion="0" nulos="3" total="462" />
  <resultado seccion="1027" casilla="C2" simbolo="0" pan="16" pri="232" prd="233" pt="1" pvem="0" convergencia="1" na="1" noreg="0" coalicion="0" nulos="7" total="491" />
  <resultado seccion="1028" casilla="BA" simbolo="0" pan="5" pri="230" prd="355" pt="5" pvem="4" convergencia="0" na="6" noreg="6" coalicion="0" nulos="0" total="611" />
  <resultado seccion="1028" casilla="C1" simbolo="0" pan="8" pri="242" prd="311" pt="16" pvem="7" convergencia="0" na="2" noreg="0" coalicion="1" nulos="6" total="593" />
  <resultado seccion="1029" casilla="BA" simbolo="0" pan="9" pri="188" prd="154" pt="2" pvem="4" convergencia="0" na="2" noreg="0" coalicion="0" nulos="0" total="359" />
  <resultado seccion="1029" casilla="C1" simbolo="0" pan="11" pri="208" prd="135" pt="0" pvem="4" convergencia="0" na="3" noreg="0" coalicion="0" nulos="0" total="361" />
  <resultado seccion="1029" casilla="C2" simbolo="0" pan="10" pri="155" prd="168" pt="2" pvem="1" convergencia="0" na="4" noreg="0" coalicion="0" nulos="13" total="353" />
  <resultado seccion="1030" casilla="BA" simbolo="0" pan="9" pri="218" prd="159" pt="1" pvem="3" convergencia="0" na="2" noreg="0" coalicion="0" nulos="19" total="411" />
  <resultado seccion="1030" casilla="C1" simbolo="0" pan="18" pri="170" prd="216" pt="4" pvem="0" convergencia="0" na="4" noreg="0" coalicion="1" nulos="1" total="414" />
  <resultado seccion="1031" casilla="BA" simbolo="0" pan="4" pri="342" prd="341" pt="2" pvem="0" convergencia="0" na="5" noreg="0" coalicion="0" nulos="0" total="694" />
  <resultado seccion="1032" casilla="BA" simbolo="0" pan="18" pri="178" prd="348" pt="6" pvem="6" convergencia="0" na="2" noreg="0" coalicion="0" nulos="9" total="567" />
  <resultado seccion="1032" casilla="C1" simbolo="0" pan="25" pri="186" prd="312" pt="4" pvem="2" convergencia="2" na="2" noreg="0" coalicion="2" nulos="9" total="544" />
  <resultado seccion="1033" casilla="BA" simbolo="0" pan="33" pri="162" prd="280" pt="1" pvem="3" convergencia="4" na="6" noreg="2" coalicion="0" nulos="10" total="501" />
  <resultado seccion="1033" casilla="C1" simbolo="0" pan="29" pri="179" prd="245" pt="3" pvem="1" convergencia="0" na="5" noreg="2" coalicion="2" nulos="6" total="472" />
  <resultado seccion="1034" casilla="BA" simbolo="0" pan="23" pri="126" prd="277" pt="1" pvem="0" convergencia="2" na="3" noreg="0" coalicion="0" nulos="6" total="438" />
  <resultado seccion="1034" casilla="C1" simbolo="0" pan="11" pri="148" prd="262" pt="5" pvem="0" convergencia="0" na="5" noreg="0" coalicion="1" nulos="11" total="443" />
  <resultado seccion="1035" casilla="BA" simbolo="0" pan="10" pri="149" prd="256" pt="0" pvem="3" convergencia="4" na="8" noreg="0" coalicion="0" nulos="6" total="436" />
  <resultado seccion="1035" casilla="C1" simbolo="0" pan="6" pri="178" prd="220" pt="1" pvem="2" convergencia="2" na="6" noreg="0" coalicion="1" nulos="14" total="430" />
</detallado>