﻿<detallado distrito="XX" nombre="CENTRO ORIENTE" listanominal="119,741" pan="1,321" pri="23,680" prd="24,315" pt="510" pvem="1,240" convergencia="486" na="876" noreg="24" coalicion="165" nulos="1,510" votaciontotal="54,127">
  <resultado seccion="0232" casilla="BA" simbolo="0" pan="18" pri="130" prd="141" pt="1" pvem="12" convergencia="1" na="4" noreg="0" coalicion="2" nulos="11" total="320" />
  <resultado seccion="0232" casilla="C1" simbolo="0" pan="11" pri="153" prd="123" pt="6" pvem="12" convergencia="0" na="4" noreg="1" coalicion="0" nulos="16" total="326" />
  <resultado seccion="0232" casilla="C2" simbolo="0" pan="7" pri="122" prd="142" pt="4" pvem="11" convergencia="0" na="3" noreg="0" coalicion="0" nulos="12" total="301" />
  <resultado seccion="0232" casilla="C3" simbolo="0" pan="14" pri="118" prd="121" pt="1" pvem="8" convergencia="2" na="1" noreg="0" coalicion="0" nulos="9" total="274" />
  <resultado seccion="0232" casilla="C4" simbolo="0" pan="13" pri="131" prd="125" pt="4" pvem="15" convergencia="4" na="1" noreg="0" coalicion="0" nulos="12" total="305" />
  <resultado seccion="0232" casilla="C5" simbolo="0" pan="6" pri="134" prd="127" pt="2" pvem="5" convergencia="1" na="6" noreg="0" coalicion="2" nulos="8" total="291" />
  <resultado seccion="0232" casilla="C6" simbolo="0" pan="12" pri="140" prd="157" pt="3" pvem="9" convergencia="1" na="2" noreg="1" coalicion="0" nulos="6" total="331" />
  <resultado seccion="0232" casilla="C7" simbolo="0" pan="10" pri="111" prd="128" pt="3" pvem="3" convergencia="6" na="5" noreg="1" coalicion="2" nulos="10" total="279" />
  <resultado seccion="0232" casilla="C8" simbolo="0" pan="9" pri="137" prd="126" pt="2" pvem="4" convergencia="0" na="4" noreg="0" coalicion="1" nulos="8" total="291" />
  <resultado seccion="0232" casilla="C9" simbolo="0" pan="25" pri="118" prd="124" pt="4" pvem="9" convergencia="2" na="3" noreg="0" coalicion="1" nulos="10" total="296" />
  <resultado seccion="0232" casilla="C10" simbolo="0" pan="14" pri="130" prd="132" pt="4" pvem="15" convergencia="3" na="2" noreg="1" coalicion="0" nulos="10" total="311" />
  <resultado seccion="0232" casilla="C11" simbolo="0" pan="11" pri="143" prd="116" pt="4" pvem="10" convergencia="2" na="0" noreg="1" coalicion="1" nulos="5" total="293" />
  <resultado seccion="0232" casilla="C12" simbolo="0" pan="18" pri="121" prd="127" pt="2" pvem="14" convergencia="3" na="5" noreg="0" coalicion="0" nulos="7" total="297" />
  <resultado seccion="0232" casilla="C13" simbolo="0" pan="6" pri="123" prd="124" pt="7" pvem="7" convergencia="3" na="2" noreg="2" coalicion="2" nulos="13" total="289" />
  <resultado seccion="0233" casilla="BA" simbolo="0" pan="5" pri="117" prd="87" pt="3" pvem="8" convergencia="1" na="11" noreg="0" coalicion="3" nulos="13" total="248" />
  <resultado seccion="0233" casilla="C1" simbolo="0" pan="8" pri="113" prd="82" pt="7" pvem="11" convergencia="4" na="8" noreg="0" coalicion="1" nulos="8" total="242" />
  <resultado seccion="0234" casilla="BA" simbolo="0" pan="13" pri="122" prd="115" pt="2" pvem="5" convergencia="1" na="4" noreg="0" coalicion="0" nulos="11" total="273" />
  <resultado seccion="0234" casilla="C1" simbolo="0" pan="7" pri="134" prd="125" pt="4" pvem="7" convergencia="1" na="2" noreg="0" coalicion="0" nulos="9" total="289" />
  <resultado seccion="0234" casilla="C2" simbolo="0" pan="5" pri="150" prd="111" pt="2" pvem="7" convergencia="1" na="1" noreg="0" coalicion="0" nulos="6" total="283" />
  <resultado seccion="0234" casilla="C3" simbolo="0" pan="7" pri="116" prd="131" pt="1" pvem="10" convergencia="0" na="2" noreg="0" coalicion="0" nulos="7" total="274" />
  <resultado seccion="0234" casilla="C4" simbolo="0" pan="5" pri="140" prd="120" pt="1" pvem="3" convergencia="1" na="4" noreg="0" coalicion="1" nulos="9" total="284" />
  <resultado seccion="0234" casilla="C5" simbolo="0" pan="4" pri="130" prd="127" pt="2" pvem="7" convergencia="2" na="6" noreg="0" coalicion="1" nulos="9" total="288" />
  <resultado seccion="0235" casilla="BA" simbolo="0" pan="7" pri="98" prd="58" pt="7" pvem="8" convergencia="0" na="1" noreg="0" coalicion="2" nulos="3" total="184" />
  <resultado seccion="0235" casilla="C1" simbolo="0" pan="9" pri="122" prd="75" pt="3" pvem="11" convergencia="1" na="2" noreg="0" coalicion="0" nulos="9" total="232" />
  <resultado seccion="0236" casilla="BA" simbolo="0" pan="3" pri="106" prd="74" pt="4" pvem="10" convergencia="0" na="5" noreg="0" coalicion="1" nulos="6" total="209" />
  <resultado seccion="0236" casilla="C1" simbolo="0" pan="5" pri="96" prd="63" pt="3" pvem="7" convergencia="2" na="6" noreg="0" coalicion="1" nulos="4" total="187" />
  <resultado seccion="0239" casilla="BA" simbolo="0" pan="15" pri="160" prd="144" pt="18" pvem="11" convergencia="3" na="7" noreg="0" coalicion="2" nulos="12" total="372" />
  <resultado seccion="0239" casilla="ESMR" simbolo="0" pan="2" pri="12" prd="20" pt="0" pvem="0" convergencia="0" na="0" noreg="0" coalicion="0" nulos="5" total="39" />
  <resultado seccion="0239" casilla="ESRP" simbolo="0" pan="0" pri="20" prd="22" pt="10" pvem="0" convergencia="0" na="0" noreg="0" coalicion="0" nulos="5" total="57" />
  <resultado seccion="0240" casilla="BA" simbolo="0" pan="9" pri="96" prd="82" pt="10" pvem="7" convergencia="3" na="4" noreg="0" coalicion="1" nulos="5" total="217" />
  <resultado seccion="0240" casilla="C1" simbolo="0" pan="8" pri="93" prd="103" pt="12" pvem="9" convergencia="2" na="2" noreg="0" coalicion="0" nulos="4" total="233" />
  <resultado seccion="0241" casilla="BA" simbolo="0" pan="9" pri="104" prd="116" pt="4" pvem="8" convergencia="4" na="2" noreg="0" coalicion="0" nulos="6" total="253" />
  <resultado seccion="0241" casilla="C1" simbolo="0" pan="9" pri="98" prd="108" pt="6" pvem="3" convergencia="3" na="3" noreg="1" coalicion="0" nulos="5" total="236" />
  <resultado seccion="0241" casilla="C2" simbolo="0" pan="5" pri="85" prd="130" pt="6" pvem="10" convergencia="4" na="7" noreg="0" coalicion="0" nulos="15" total="262" />
  <resultado seccion="0241" casilla="C3" simbolo="0" pan="10" pri="97" prd="107" pt="6" pvem="12" convergencia="6" na="2" noreg="0" coalicion="0" nulos="0" total="240" />
  <resultado seccion="0242" casilla="BA" simbolo="0" pan="10" pri="141" prd="117" pt="2" pvem="9" convergencia="2" na="5" noreg="0" coalicion="0" nulos="10" total="296" />
  <resultado seccion="0242" casilla="C1" simbolo="0" pan="12" pri="116" prd="131" pt="3" pvem="7" convergencia="10" na="3" noreg="0" coalicion="1" nulos="9" total="292" />
  <resultado seccion="0242" casilla="C2" simbolo="0" pan="14" pri="130" prd="133" pt="2" pvem="15" convergencia="10" na="5" noreg="0" coalicion="0" nulos="10" total="319" />
  <resultado seccion="0242" casilla="C3" simbolo="0" pan="10" pri="131" prd="130" pt="3" pvem="10" convergencia="10" na="9" noreg="0" coalicion="4" nulos="9" total="316" />
  <resultado seccion="0243" casilla="BA" simbolo="0" pan="14" pri="141" prd="123" pt="4" pvem="14" convergencia="4" na="6" noreg="0" coalicion="1" nulos="6" total="313" />
  <resultado seccion="0243" casilla="C1" simbolo="0" pan="12" pri="147" prd="137" pt="3" pvem="11" convergencia="5" na="5" noreg="0" coalicion="1" nulos="10" total="331" />
  <resultado seccion="0244" casilla="BA" simbolo="0" pan="10" pri="106" prd="79" pt="1" pvem="12" convergencia="3" na="3" noreg="0" coalicion="2" nulos="8" total="224" />
  <resultado seccion="0244" casilla="C1" simbolo="0" pan="9" pri="97" prd="105" pt="4" pvem="8" convergencia="2" na="2" noreg="0" coalicion="2" nulos="6" total="235" />
  <resultado seccion="0248" casilla="BA" simbolo="0" pan="12" pri="89" prd="103" pt="3" pvem="10" convergencia="3" na="5" noreg="0" coalicion="2" nulos="7" total="234" />
  <resultado seccion="0248" casilla="C1" simbolo="0" pan="9" pri="95" prd="88" pt="0" pvem="4" convergencia="1" na="6" noreg="0" coalicion="1" nulos="1" total="205" />
  <resultado seccion="0248" casilla="C2" simbolo="0" pan="7" pri="97" prd="93" pt="2" pvem="8" convergencia="5" na="2" noreg="0" coalicion="1" nulos="6" total="221" />
  <resultado seccion="0253" casilla="BA" simbolo="0" pan="6" pri="134" prd="105" pt="3" pvem="9" convergencia="2" na="2" noreg="0" coalicion="1" nulos="12" total="274" />
  <resultado seccion="0253" casilla="C1" simbolo="0" pan="12" pri="87" prd="103" pt="2" pvem="13" convergencia="3" na="4" noreg="0" coalicion="0" nulos="4" total="228" />
  <resultado seccion="0253" casilla="C2" simbolo="0" pan="13" pri="102" prd="108" pt="2" pvem="11" convergencia="3" na="3" noreg="0" coalicion="0" nulos="9" total="251" />
  <resultado seccion="0253" casilla="C3" simbolo="0" pan="19" pri="122" prd="116" pt="2" pvem="5" convergencia="4" na="3" noreg="2" coalicion="1" nulos="2" total="276" />
  <resultado seccion="0254" casilla="BA" simbolo="0" pan="6" pri="128" prd="150" pt="3" pvem="5" convergencia="3" na="10" noreg="0" coalicion="0" nulos="2" total="307" />
  <resultado seccion="0254" casilla="C1" simbolo="0" pan="11" pri="127" prd="104" pt="2" pvem="12" convergencia="3" na="9" noreg="0" coalicion="0" nulos="7" total="275" />
  <resultado seccion="0254" casilla="C2" simbolo="0" pan="8" pri="143" prd="130" pt="1" pvem="8" convergencia="1" na="2" noreg="0" coalicion="1" nulos="7" total="301" />
  <resultado seccion="0254" casilla="C3" simbolo="0" pan="16" pri="104" prd="143" pt="2" pvem="9" convergencia="2" na="4" noreg="0" coalicion="2" nulos="9" total="291" />
  <resultado seccion="0260" casilla="BA" simbolo="0" pan="11" pri="120" prd="127" pt="2" pvem="6" convergencia="0" na="5" noreg="1" coalicion="1" nulos="6" total="279" />
  <resultado seccion="0260" casilla="C1" simbolo="0" pan="4" pri="112" prd="146" pt="2" pvem="5" convergencia="3" na="2" noreg="0" coalicion="0" nulos="13" total="287" />
  <resultado seccion="0260" casilla="C2" simbolo="0" pan="8" pri="104" prd="148" pt="1" pvem="6" convergencia="1" na="2" noreg="0" coalicion="1" nulos="10" total="281" />
  <resultado seccion="0281" casilla="BA" simbolo="0" pan="4" pri="113" prd="105" pt="3" pvem="7" convergencia="8" na="0" noreg="0" coalicion="2" nulos="5" total="247" />
  <resultado seccion="0281" casilla="C1" simbolo="0" pan="7" pri="101" prd="122" pt="7" pvem="4" convergencia="9" na="0" noreg="0" coalicion="0" nulos="6" total="256" />
  <resultado seccion="0290" casilla="BA" simbolo="0" pan="2" pri="126" prd="106" pt="1" pvem="5" convergencia="14" na="2" noreg="0" coalicion="1" nulos="12" total="269" />
  <resultado seccion="0290" casilla="C1" simbolo="0" pan="4" pri="87" prd="128" pt="2" pvem="6" convergencia="3" na="5" noreg="2" coalicion="1" nulos="5" total="243" />
  <resultado seccion="0290" casilla="C2" simbolo="0" pan="3" pri="112" prd="106" pt="3" pvem="5" convergencia="5" na="2" noreg="0" coalicion="2" nulos="8" total="246" />
  <resultado seccion="0405" casilla="BA" simbolo="0" pan="12" pri="136" prd="129" pt="8" pvem="7" convergencia="3" na="9" noreg="1" coalicion="1" nulos="7" total="313" />
  <resultado seccion="0405" casilla="C1" simbolo="0" pan="2" pri="138" prd="129" pt="2" pvem="5" convergencia="1" na="2" noreg="0" coalicion="2" nulos="8" total="289" />
  <resultado seccion="0405" casilla="C2" simbolo="0" pan="5" pri="142" prd="121" pt="2" pvem="9" convergencia="5" na="6" noreg="0" coalicion="0" nulos="9" total="299" />
  <resultado seccion="0405" casilla="C3" simbolo="0" pan="5" pri="137" prd="123" pt="1" pvem="8" convergencia="2" na="2" noreg="0" coalicion="0" nulos="8" total="286" />
  <resultado seccion="0405" casilla="C4" simbolo="0" pan="3" pri="136" prd="142" pt="1" pvem="7" convergencia="4" na="3" noreg="0" coalicion="0" nulos="10" total="306" />
  <resultado seccion="0405" casilla="C5" simbolo="0" pan="1" pri="134" prd="113" pt="0" pvem="4" convergencia="2" na="4" noreg="0" coalicion="2" nulos="11" total="271" />
  <resultado seccion="0405" casilla="C6" simbolo="0" pan="11" pri="147" prd="124" pt="2" pvem="9" convergencia="4" na="1" noreg="0" coalicion="0" nulos="8" total="306" />
  <resultado seccion="0405" casilla="C7" simbolo="0" pan="5" pri="132" prd="144" pt="5" pvem="8" convergencia="5" na="3" noreg="0" coalicion="1" nulos="9" total="312" />
  <resultado seccion="0419" casilla="BA" simbolo="0" pan="11" pri="141" prd="194" pt="1" pvem="0" convergencia="0" na="8" noreg="0" coalicion="1" nulos="2" total="358" />
  <resultado seccion="0420" casilla="BA" simbolo="0" pan="1" pri="88" prd="239" pt="5" pvem="4" convergencia="4" na="2" noreg="0" coalicion="0" nulos="11" total="354" />
  <resultado seccion="0420" casilla="C1" simbolo="0" pan="6" pri="101" prd="265" pt="0" pvem="3" convergencia="2" na="9" noreg="0" coalicion="1" nulos="14" total="401" />
  <resultado seccion="0421" casilla="BA" simbolo="0" pan="1" pri="118" prd="258" pt="1" pvem="5" convergencia="2" na="15" noreg="0" coalicion="0" nulos="11" total="411" />
  <resultado seccion="0421" casilla="C1" simbolo="0" pan="6" pri="119" prd="294" pt="0" pvem="5" convergencia="2" na="17" noreg="0" coalicion="0" nulos="9" total="452" />
  <resultado seccion="0421" casilla="C2" simbolo="0" pan="11" pri="84" prd="309" pt="2" pvem="3" convergencia="1" na="23" noreg="0" coalicion="4" nulos="6" total="443" />
  <resultado seccion="0422" casilla="BA" simbolo="0" pan="9" pri="131" prd="187" pt="1" pvem="2" convergencia="1" na="14" noreg="1" coalicion="0" nulos="10" total="356" />
  <resultado seccion="0422" casilla="C1" simbolo="0" pan="12" pri="95" prd="209" pt="5" pvem="3" convergencia="0" na="14" noreg="0" coalicion="0" nulos="11" total="349" />
  <resultado seccion="0422" casilla="C2" simbolo="0" pan="4" pri="100" prd="221" pt="1" pvem="6" convergencia="3" na="8" noreg="1" coalicion="2" nulos="10" total="356" />
  <resultado seccion="0422" casilla="C3" simbolo="0" pan="13" pri="110" prd="195" pt="5" pvem="1" convergencia="2" na="14" noreg="0" coalicion="1" nulos="11" total="352" />
  <resultado seccion="0423" casilla="BA" simbolo="0" pan="5" pri="117" prd="241" pt="1" pvem="3" convergencia="17" na="6" noreg="0" coalicion="3" nulos="10" total="403" />
  <resultado seccion="0423" casilla="C1" simbolo="0" pan="4" pri="121" prd="242" pt="2" pvem="2" convergencia="8" na="30" noreg="0" coalicion="1" nulos="90" total="500" />
  <resultado seccion="0423" casilla="C2" simbolo="0" pan="8" pri="94" prd="273" pt="2" pvem="5" convergencia="10" na="15" noreg="0" coalicion="1" nulos="8" total="416" />
  <resultado seccion="0423" casilla="C3" simbolo="0" pan="14" pri="156" prd="235" pt="3" pvem="0" convergencia="1" na="8" noreg="0" coalicion="4" nulos="12" total="433" />
  <resultado seccion="0424" casilla="BA" simbolo="0" pan="1" pri="18" prd="43" pt="3" pvem="1" convergencia="0" na="3" noreg="0" coalicion="0" nulos="37" total="106" />
  <resultado seccion="0425" casilla="BA" simbolo="1" pan="0" pri="0" prd="0" pt="0" pvem="0" convergencia="0" na="0" noreg="0" coalicion="0" nulos="0" total="0" />
  <resultado seccion="0425" casilla="C1" simbolo="0" pan="5" pri="105" prd="164" pt="6" pvem="1" convergencia="2" na="10" noreg="0" coalicion="0" nulos="7" total="300" />
  <resultado seccion="0425" casilla="C2" simbolo="0" pan="2" pri="78" prd="176" pt="4" pvem="1" convergencia="0" na="13" noreg="0" coalicion="0" nulos="5" total="279" />
  <resultado seccion="0426" casilla="BA" simbolo="1" pan="0" pri="0" prd="0" pt="0" pvem="0" convergencia="0" na="0" noreg="0" coalicion="0" nulos="0" total="0" />
  <resultado seccion="0426" casilla="C1" simbolo="1" pan="0" pri="0" prd="0" pt="0" pvem="0" convergencia="0" na="0" noreg="0" coalicion="0" nulos="0" total="0" />
  <resultado seccion="0426" casilla="C2" simbolo="1" pan="0" pri="0" prd="0" pt="0" pvem="0" convergencia="0" na="0" noreg="0" coalicion="0" nulos="0" total="0" />
  <resultado seccion="0427" casilla="BA" simbolo="0" pan="5" pri="128" prd="123" pt="1" pvem="4" convergencia="0" na="12" noreg="0" coalicion="0" nulos="4" total="277" />
  <resultado seccion="0427" casilla="C1" simbolo="0" pan="5" pri="111" prd="111" pt="1" pvem="4" convergencia="1" na="12" noreg="0" coalicion="0" nulos="6" total="251" />
  <resultado seccion="0427" casilla="C2" simbolo="0" pan="2" pri="125" prd="110" pt="2" pvem="5" convergencia="0" na="6" noreg="0" coalicion="2" nulos="4" total="256" />
  <resultado seccion="0428" casilla="BA" simbolo="0" pan="4" pri="123" prd="108" pt="8" pvem="5" convergencia="0" na="13" noreg="0" coalicion="3" nulos="9" total="273" />
  <resultado seccion="0428" casilla="C1" simbolo="0" pan="5" pri="114" prd="115" pt="2" pvem="4" convergencia="2" na="23" noreg="0" coalicion="1" nulos="3" total="269" />
  <resultado seccion="0428" casilla="C2" simbolo="0" pan="4" pri="134" prd="111" pt="2" pvem="5" convergencia="3" na="14" noreg="0" coalicion="0" nulos="7" total="280" />
  <resultado seccion="0429" casilla="BA" simbolo="0" pan="8" pri="150" prd="110" pt="12" pvem="12" convergencia="0" na="7" noreg="0" coalicion="0" nulos="9" total="308" />
  <resultado seccion="0429" casilla="C1" simbolo="0" pan="2" pri="127" prd="102" pt="2" pvem="5" convergencia="2" na="10" noreg="0" coalicion="2" nulos="8" total="260" />
  <resultado seccion="0429" casilla="C2" simbolo="0" pan="2" pri="164" prd="101" pt="2" pvem="9" convergencia="3" na="15" noreg="0" coalicion="0" nulos="8" total="304" />
  <resultado seccion="0430" casilla="BA" simbolo="0" pan="2" pri="139" prd="144" pt="8" pvem="7" convergencia="0" na="10" noreg="0" coalicion="2" nulos="7" total="319" />
  <resultado seccion="0430" casilla="C1" simbolo="0" pan="3" pri="151" prd="142" pt="3" pvem="2" convergencia="1" na="8" noreg="0" coalicion="3" nulos="1" total="314" />
  <resultado seccion="0430" casilla="C2" simbolo="0" pan="5" pri="124" prd="156" pt="3" pvem="6" convergencia="0" na="7" noreg="0" coalicion="1" nulos="4" total="306" />
  <resultado seccion="0431" casilla="BA" simbolo="0" pan="4" pri="120" prd="128" pt="2" pvem="4" convergencia="1" na="5" noreg="0" coalicion="2" nulos="6" total="272" />
  <resultado seccion="0431" casilla="C1" simbolo="0" pan="4" pri="112" prd="129" pt="1" pvem="6" convergencia="1" na="4" noreg="0" coalicion="2" nulos="5" total="264" />
  <resultado seccion="0431" casilla="C2" simbolo="0" pan="5" pri="115" prd="127" pt="3" pvem="4" convergencia="0" na="2" noreg="0" coalicion="2" nulos="7" total="265" />
  <resultado seccion="0432" casilla="BA" simbolo="0" pan="6" pri="147" prd="185" pt="2" pvem="4" convergencia="3" na="9" noreg="0" coalicion="1" nulos="11" total="368" />
  <resultado seccion="0432" casilla="C1" simbolo="0" pan="4" pri="148" prd="168" pt="1" pvem="7" convergencia="2" na="4" noreg="0" coalicion="1" nulos="5" total="340" />
  <resultado seccion="0433" casilla="BA" simbolo="0" pan="4" pri="113" prd="147" pt="3" pvem="4" convergencia="0" na="11" noreg="0" coalicion="0" nulos="4" total="286" />
  <resultado seccion="0433" casilla="C1" simbolo="0" pan="3" pri="120" prd="184" pt="1" pvem="2" convergencia="0" na="9" noreg="0" coalicion="1" nulos="7" total="327" />
  <resultado seccion="0433" casilla="C2" simbolo="0" pan="2" pri="157" prd="137" pt="1" pvem="3" convergencia="4" na="0" noreg="0" coalicion="0" nulos="4" total="308" />
  <resultado seccion="0434" casilla="BA" simbolo="0" pan="13" pri="154" prd="90" pt="3" pvem="20" convergencia="0" na="6" noreg="0" coalicion="1" nulos="9" total="296" />
  <resultado seccion="0434" casilla="C1" simbolo="0" pan="8" pri="116" prd="115" pt="0" pvem="12" convergencia="2" na="3" noreg="0" coalicion="3" nulos="9" total="268" />
  <resultado seccion="0435" casilla="BA" simbolo="0" pan="10" pri="122" prd="93" pt="5" pvem="16" convergencia="10" na="4" noreg="0" coalicion="1" nulos="6" total="267" />
  <resultado seccion="0435" casilla="C1" simbolo="0" pan="10" pri="121" prd="116" pt="3" pvem="20" convergencia="10" na="2" noreg="0" coalicion="1" nulos="7" total="290" />
  <resultado seccion="0435" casilla="C2" simbolo="0" pan="6" pri="133" prd="122" pt="1" pvem="17" convergencia="19" na="2" noreg="0" coalicion="0" nulos="7" total="307" />
  <resultado seccion="0435" casilla="C3" simbolo="0" pan="6" pri="120" prd="104" pt="2" pvem="6" convergencia="14" na="3" noreg="0" coalicion="2" nulos="7" total="264" />
  <resultado seccion="0435" casilla="C4" simbolo="0" pan="10" pri="141" prd="99" pt="0" pvem="9" convergencia="9" na="2" noreg="0" coalicion="3" nulos="7" total="280" />
  <resultado seccion="0435" casilla="C5" simbolo="0" pan="6" pri="124" prd="110" pt="4" pvem="13" convergencia="16" na="4" noreg="0" coalicion="2" nulos="10" total="289" />
  <resultado seccion="0435" casilla="C6" simbolo="0" pan="13" pri="123" prd="105" pt="2" pvem="13" convergencia="22" na="4" noreg="0" coalicion="2" nulos="7" total="291" />
  <resultado seccion="0436" casilla="BA" simbolo="0" pan="3" pri="95" prd="241" pt="0" pvem="7" convergencia="3" na="3" noreg="0" coalicion="1" nulos="6" total="359" />
  <resultado seccion="0436" casilla="C1" simbolo="0" pan="8" pri="126" prd="229" pt="1" pvem="6" convergencia="2" na="6" noreg="0" coalicion="1" nulos="7" total="386" />
  <resultado seccion="0436" casilla="C2" simbolo="0" pan="7" pri="125" prd="202" pt="3" pvem="9" convergencia="3" na="1" noreg="0" coalicion="2" nulos="14" total="366" />
  <resultado seccion="0437" casilla="BA" simbolo="1" pan="0" pri="0" prd="0" pt="0" pvem="0" convergencia="0" na="0" noreg="0" coalicion="0" nulos="0" total="0" />
  <resultado seccion="0437" casilla="C1" simbolo="1" pan="0" pri="0" prd="0" pt="0" pvem="0" convergencia="0" na="0" noreg="0" coalicion="0" nulos="0" total="0" />
  <resultado seccion="0438" casilla="BA" simbolo="0" pan="5" pri="149" prd="153" pt="1" pvem="6" convergencia="2" na="10" noreg="0" coalicion="3" nulos="7" total="336" />
  <resultado seccion="0438" casilla="C1" simbolo="0" pan="4" pri="156" prd="147" pt="1" pvem="3" convergencia="1" na="5" noreg="0" coalicion="1" nulos="10" total="328" />
  <resultado seccion="0438" casilla="C2" simbolo="0" pan="3" pri="94" prd="97" pt="3" pvem="7" convergencia="0" na="3" noreg="0" coalicion="0" nulos="6" total="213" />
  <resultado seccion="0439" casilla="BA" simbolo="0" pan="3" pri="94" prd="97" pt="3" pvem="7" convergencia="0" na="3" noreg="0" coalicion="0" nulos="6" total="213" />
  <resultado seccion="0439" casilla="C1" simbolo="0" pan="1" pri="99" prd="100" pt="1" pvem="4" convergencia="0" na="6" noreg="1" coalicion="2" nulos="4" total="218" />
  <resultado seccion="0440" casilla="BA" simbolo="0" pan="8" pri="132" prd="98" pt="1" pvem="5" convergencia="0" na="7" noreg="0" coalicion="1" nulos="8" total="260" />
  <resultado seccion="0440" casilla="C1" simbolo="0" pan="4" pri="124" prd="111" pt="2" pvem="6" convergencia="1" na="8" noreg="0" coalicion="0" nulos="6" total="262" />
  <resultado seccion="0440" casilla="C2" simbolo="0" pan="7" pri="108" prd="137" pt="3" pvem="8" convergencia="2" na="8" noreg="0" coalicion="0" nulos="7" total="280" />
  <resultado seccion="0440" casilla="C3" simbolo="0" pan="5" pri="88" prd="112" pt="6" pvem="5" convergencia="0" na="7" noreg="0" coalicion="3" nulos="15" total="241" />
  <resultado seccion="0440" casilla="C4" simbolo="0" pan="12" pri="106" prd="117" pt="1" pvem="9" convergencia="1" na="8" noreg="0" coalicion="3" nulos="3" total="260" />
  <resultado seccion="0440" casilla="C5" simbolo="0" pan="13" pri="112" prd="101" pt="14" pvem="4" convergencia="3" na="5" noreg="1" coalicion="1" nulos="13" total="267" />
  <resultado seccion="0440" casilla="C6" simbolo="0" pan="10" pri="106" prd="107" pt="1" pvem="8" convergencia="1" na="9" noreg="0" coalicion="1" nulos="3" total="246" />
  <resultado seccion="0440" casilla="C7" simbolo="0" pan="7" pri="112" prd="153" pt="2" pvem="4" convergencia="0" na="9" noreg="0" coalicion="2" nulos="5" total="294" />
  <resultado seccion="0440" casilla="C8" simbolo="0" pan="7" pri="122" prd="110" pt="7" pvem="9" convergencia="1" na="8" noreg="0" coalicion="2" nulos="8" total="274" />
  <resultado seccion="0440" casilla="C9" simbolo="0" pan="3" pri="152" prd="85" pt="4" pvem="4" convergencia="3" na="6" noreg="0" coalicion="4" nulos="7" total="268" />
  <resultado seccion="0441" casilla="BA" simbolo="0" pan="15" pri="160" prd="192" pt="0" pvem="1" convergencia="0" na="4" noreg="0" coalicion="0" nulos="7" total="379" />
  <resultado seccion="0441" casilla="EX" simbolo="1" pan="0" pri="0" prd="0" pt="0" pvem="0" convergencia="0" na="0" noreg="0" coalicion="0" nulos="0" total="0" />
  <resultado seccion="0441" casilla="X2" simbolo="1" pan="0" pri="0" prd="0" pt="0" pvem="0" convergencia="0" na="0" noreg="0" coalicion="0" nulos="0" total="0" />
  <resultado seccion="0442" casilla="BA" simbolo="0" pan="1" pri="148" prd="181" pt="0" pvem="2" convergencia="0" na="0" noreg="0" coalicion="0" nulos="14" total="346" />
  <resultado seccion="0443" casilla="BA" simbolo="0" pan="8" pri="118" prd="127" pt="2" pvem="5" convergencia="0" na="0" noreg="0" coalicion="1" nulos="14" total="275" />
  <resultado seccion="0443" casilla="C1" simbolo="0" pan="12" pri="117" prd="121" pt="2" pvem="8" convergencia="0" na="5" noreg="0" coalicion="2" nulos="10" total="277" />
  <resultado seccion="0443" casilla="C2" simbolo="0" pan="3" pri="117" prd="130" pt="4" pvem="4" convergencia="2" na="3" noreg="0" coalicion="0" nulos="10" total="273" />
  <resultado seccion="0443" casilla="C3" simbolo="0" pan="9" pri="136" prd="120" pt="0" pvem="7" convergencia="1" na="1" noreg="0" coalicion="0" nulos="5" total="279" />
  <resultado seccion="0444" casilla="BA" simbolo="0" pan="3" pri="98" prd="166" pt="1" pvem="5" convergencia="0" na="0" noreg="0" coalicion="0" nulos="5" total="278" />
  <resultado seccion="0445" casilla="BA" simbolo="0" pan="3" pri="161" prd="112" pt="3" pvem="6" convergencia="2" na="5" noreg="2" coalicion="0" nulos="6" total="300" />
  <resultado seccion="0445" casilla="C1" simbolo="0" pan="8" pri="171" prd="126" pt="2" pvem="11" convergencia="2" na="5" noreg="0" coalicion="1" nulos="3" total="329" />
  <resultado seccion="0446" casilla="BA" simbolo="0" pan="4" pri="170" prd="132" pt="5" pvem="6" convergencia="1" na="1" noreg="0" coalicion="0" nulos="6" total="325" />
  <resultado seccion="0446" casilla="C1" simbolo="0" pan="3" pri="176" prd="101" pt="3" pvem="7" convergencia="2" na="3" noreg="0" coalicion="0" nulos="8" total="303" />
  <resultado seccion="0446" casilla="C2" simbolo="0" pan="8" pri="154" prd="121" pt="2" pvem="12" convergencia="1" na="2" noreg="0" coalicion="1" nulos="8" total="309" />
  <resultado seccion="0446" casilla="C3" simbolo="0" pan="5" pri="155" prd="106" pt="3" pvem="6" convergencia="3" na="3" noreg="0" coalicion="0" nulos="6" total="287" />
  <resultado seccion="0446" casilla="C4" simbolo="0" pan="5" pri="154" prd="127" pt="4" pvem="12" convergencia="0" na="3" noreg="0" coalicion="0" nulos="5" total="310" />
  <resultado seccion="0447" casilla="BA" simbolo="0" pan="3" pri="129" prd="105" pt="7" pvem="3" convergencia="1" na="1" noreg="0" coalicion="0" nulos="10" total="259" />
  <resultado seccion="0447" casilla="C1" simbolo="0" pan="3" pri="100" prd="136" pt="5" pvem="3" convergencia="2" na="1" noreg="0" coalicion="0" nulos="6" total="256" />
  <resultado seccion="0448" casilla="BA" simbolo="0" pan="2" pri="97" prd="154" pt="1" pvem="2" convergencia="0" na="0" noreg="0" coalicion="0" nulos="4" total="260" />
  <resultado seccion="0448" casilla="C1" simbolo="0" pan="5" pri="114" prd="137" pt="1" pvem="0" convergencia="0" na="0" noreg="0" coalicion="0" nulos="1" total="258" />
  <resultado seccion="0449" casilla="BA" simbolo="0" pan="4" pri="22" prd="6" pt="0" pvem="0" convergencia="0" na="0" noreg="0" coalicion="0" nulos="1" total="33" />
  <resultado seccion="0450" casilla="BA" simbolo="0" pan="8" pri="106" prd="91" pt="2" pvem="5" convergencia="2" na="2" noreg="0" coalicion="0" nulos="5" total="221" />
  <resultado seccion="0450" casilla="C1" simbolo="0" pan="8" pri="121" prd="76" pt="3" pvem="2" convergencia="0" na="0" noreg="0" coalicion="0" nulos="5" total="215" />
  <resultado seccion="0450" casilla="C2" simbolo="0" pan="6" pri="113" prd="91" pt="2" pvem="3" convergencia="1" na="0" noreg="0" coalicion="2" nulos="5" total="223" />
  <resultado seccion="0450" casilla="EX" simbolo="0" pan="6" pri="114" prd="61" pt="2" pvem="2" convergencia="0" na="0" noreg="0" coalicion="2" nulos="4" total="191" />
  <resultado seccion="0450" casilla="EXC1" simbolo="0" pan="3" pri="79" prd="60" pt="1" pvem="3" convergencia="1" na="3" noreg="0" coalicion="1" nulos="3" total="154" />
  <resultado seccion="0451" casilla="BA" simbolo="0" pan="1" pri="99" prd="127" pt="0" pvem="4" convergencia="1" na="0" noreg="0" coalicion="0" nulos="58" total="290" />
  <resultado seccion="0451" casilla="C1" simbolo="0" pan="2" pri="95" prd="113" pt="0" pvem="6" convergencia="0" na="0" noreg="0" coalicion="1" nulos="47" total="264" />
  <resultado seccion="0454" casilla="BA" simbolo="0" pan="2" pri="108" prd="113" pt="1" pvem="4" convergencia="1" na="0" noreg="0" coalicion="0" nulos="5" total="234" />
  <resultado seccion="0454" casilla="C1" simbolo="0" pan="2" pri="120" prd="112" pt="2" pvem="0" convergencia="1" na="1" noreg="0" coalicion="0" nulos="3" total="241" />
  <resultado seccion="0455" casilla="BA" simbolo="0" pan="7" pri="135" prd="115" pt="1" pvem="0" convergencia="0" na="0" noreg="0" coalicion="0" nulos="2" total="260" />
  <resultado seccion="0455" casilla="C1" simbolo="0" pan="6" pri="144" prd="97" pt="2" pvem="1" convergencia="0" na="0" noreg="1" coalicion="1" nulos="7" total="259" />
  <resultado seccion="0456" casilla="BA" simbolo="0" pan="4" pri="156" prd="183" pt="3" pvem="7" convergencia="2" na="1" noreg="0" coalicion="0" nulos="12" total="368" />
  <resultado seccion="0456" casilla="C1" simbolo="0" pan="2" pri="185" prd="173" pt="4" pvem="7" convergencia="0" na="1" noreg="0" coalicion="0" nulos="13" total="385" />
  <resultado seccion="0457" casilla="BA" simbolo="0" pan="4" pri="182" prd="180" pt="2" pvem="6" convergencia="1" na="1" noreg="0" coalicion="0" nulos="7" total="383" />
  <resultado seccion="0457" casilla="C1" simbolo="0" pan="13" pri="149" prd="192" pt="5" pvem="5" convergencia="0" na="2" noreg="0" coalicion="0" nulos="6" total="372" />
  <resultado seccion="0466" casilla="BA" simbolo="0" pan="5" pri="158" prd="117" pt="1" pvem="5" convergencia="0" na="4" noreg="0" coalicion="2" nulos="14" total="306" />
  <resultado seccion="0466" casilla="C1" simbolo="0" pan="6" pri="169" prd="106" pt="2" pvem="12" convergencia="2" na="0" noreg="0" coalicion="6" nulos="16" total="319" />
  <resultado seccion="0472" casilla="BA" simbolo="0" pan="11" pri="140" prd="57" pt="1" pvem="1" convergencia="2" na="3" noreg="0" coalicion="0" nulos="5" total="220" />
  <resultado seccion="0472" casilla="C1" simbolo="0" pan="9" pri="139" prd="78" pt="1" pvem="1" convergencia="0" na="1" noreg="0" coalicion="0" nulos="4" total="233" />
  <resultado seccion="0473" casilla="BA" simbolo="0" pan="0" pri="54" prd="49" pt="0" pvem="1" convergencia="0" na="0" noreg="0" coalicion="0" nulos="1" total="105" />
  <resultado seccion="0473" casilla="EX" simbolo="0" pan="1" pri="94" prd="78" pt="0" pvem="5" convergencia="0" na="0" noreg="0" coalicion="0" nulos="7" total="185" />
  <resultado seccion="0474" casilla="BA" simbolo="0" pan="3" pri="181" prd="119" pt="2" pvem="6" convergencia="2" na="0" noreg="0" coalicion="0" nulos="7" total="320" />
  <resultado seccion="0474" casilla="C1" simbolo="0" pan="6" pri="164" prd="126" pt="3" pvem="6" convergencia="1" na="2" noreg="0" coalicion="0" nulos="16" total="324" />
  <resultado seccion="0474" casilla="C2" simbolo="0" pan="7" pri="145" prd="126" pt="2" pvem="8" convergencia="1" na="1" noreg="0" coalicion="2" nulos="6" total="298" />
  <resultado seccion="0474" casilla="C3" simbolo="0" pan="8" pri="154" prd="132" pt="2" pvem="4" convergencia="4" na="2" noreg="0" coalicion="0" nulos="5" total="311" />
  <resultado seccion="0474" casilla="C4" simbolo="0" pan="1" pri="159" prd="132" pt="1" pvem="6" convergencia="1" na="2" noreg="0" coalicion="0" nulos="5" total="307" />
  <resultado seccion="0474" casilla="C5" simbolo="0" pan="6" pri="139" prd="116" pt="4" pvem="7" convergencia="2" na="2" noreg="0" coalicion="0" nulos="18" total="294" />
  <resultado seccion="0478" casilla="BA" simbolo="0" pan="3" pri="148" prd="91" pt="1" pvem="0" convergencia="0" na="0" noreg="0" coalicion="1" nulos="6" total="250" />
  <resultado seccion="0478" casilla="C1" simbolo="0" pan="3" pri="123" prd="102" pt="1" pvem="6" convergencia="2" na="1" noreg="0" coalicion="1" nulos="6" total="245" />
  <resultado seccion="0484" casilla="BA" simbolo="0" pan="14" pri="120" prd="133" pt="4" pvem="13" convergencia="7" na="4" noreg="2" coalicion="0" nulos="7" total="304" />
  <resultado seccion="0484" casilla="C1" simbolo="0" pan="10" pri="126" prd="124" pt="2" pvem="10" convergencia="0" na="3" noreg="0" coalicion="1" nulos="10" total="286" />
  <resultado seccion="0484" casilla="C2" simbolo="0" pan="15" pri="142" prd="117" pt="3" pvem="8" convergencia="8" na="4" noreg="0" coalicion="1" nulos="6" total="304" />
  <resultado seccion="0484" casilla="C3" simbolo="0" pan="12" pri="116" prd="104" pt="2" pvem="14" convergencia="3" na="5" noreg="0" coalicion="0" nulos="7" total="263" />
  <resultado seccion="0489" casilla="BA" simbolo="0" pan="7" pri="230" prd="103" pt="4" pvem="6" convergencia="0" na="0" noreg="0" coalicion="0" nulos="7" total="357" />
  <resultado seccion="0489" casilla="C1" simbolo="0" pan="7" pri="179" prd="137" pt="2" pvem="2" convergencia="0" na="4" noreg="0" coalicion="0" nulos="2" total="333" />
  <resultado seccion="0493" casilla="BA" simbolo="0" pan="3" pri="147" prd="83" pt="0" pvem="4" convergencia="1" na="0" noreg="0" coalicion="1" nulos="8" total="247" />
  <resultado seccion="0493" casilla="C1" simbolo="0" pan="1" pri="174" prd="72" pt="0" pvem="0" convergencia="2" na="0" noreg="0" coalicion="0" nulos="5" total="254" />
  <resultado seccion="0499" casilla="BA" simbolo="0" pan="5" pri="206" prd="87" pt="0" pvem="6" convergencia="0" na="0" noreg="0" coalicion="0" nulos="5" total="309" />
</detallado>