﻿<detallado distrito="XI" nombre="JALPA DE MENDEZ" listanominal="53,241" pan="8,175" pri="10,869" prd="6,593" pt="10,268" pvem="412" convergencia="1,149" na="2,171" noreg="6" coalicion="345" nulos="718" votaciontotal="40,706">
  <resultado seccion="0809" casilla="BA" simbolo="0" pan="102" pri="159" prd="52" pt="36" pvem="3" convergencia="9" na="75" noreg="1" coalicion="6" nulos="21" total="464" />
  <resultado seccion="0809" casilla="C1" simbolo="0" pan="91" pri="140" prd="59" pt="35" pvem="13" convergencia="16" na="65" noreg="0" coalicion="2" nulos="0" total="421" />
  <resultado seccion="0810" casilla="BA" simbolo="0" pan="160" pri="98" prd="70" pt="82" pvem="2" convergencia="12" na="31" noreg="0" coalicion="3" nulos="11" total="469" />
  <resultado seccion="0810" casilla="C1" simbolo="0" pan="107" pri="91" prd="103" pt="94" pvem="6" convergencia="6" na="32" noreg="0" coalicion="3" nulos="9" total="451" />
  <resultado seccion="0810" casilla="C2" simbolo="0" pan="158" pri="94" prd="76" pt="63" pvem="5" convergencia="5" na="24" noreg="0" coalicion="2" nulos="9" total="436" />
  <resultado seccion="0810" casilla="C3" simbolo="0" pan="119" pri="101" prd="75" pt="84" pvem="7" convergencia="3" na="39" noreg="0" coalicion="4" nulos="2" total="434" />
  <resultado seccion="0811" casilla="BA" simbolo="0" pan="77" pri="193" prd="75" pt="59" pvem="7" convergencia="16" na="50" noreg="1" coalicion="11" nulos="10" total="499" />
  <resultado seccion="0811" casilla="C1" simbolo="0" pan="69" pri="226" prd="70" pt="58" pvem="9" convergencia="12" na="66" noreg="1" coalicion="7" nulos="12" total="530" />
  <resultado seccion="0812" casilla="BA" simbolo="0" pan="67" pri="155" prd="101" pt="32" pvem="10" convergencia="18" na="71" noreg="0" coalicion="7" nulos="13" total="474" />
  <resultado seccion="0812" casilla="C1" simbolo="0" pan="67" pri="129" prd="113" pt="46" pvem="13" convergencia="17" na="53" noreg="0" coalicion="7" nulos="14" total="459" />
  <resultado seccion="0813" casilla="BA" simbolo="0" pan="106" pri="104" prd="51" pt="96" pvem="3" convergencia="14" na="12" noreg="0" coalicion="3" nulos="9" total="398" />
  <resultado seccion="0813" casilla="C1" simbolo="0" pan="95" pri="91" prd="63" pt="109" pvem="9" convergencia="5" na="25" noreg="0" coalicion="4" nulos="7" total="408" />
  <resultado seccion="0813" casilla="C2" simbolo="0" pan="82" pri="107" prd="91" pt="77" pvem="5" convergencia="13" na="18" noreg="0" coalicion="5" nulos="4" total="402" />
  <resultado seccion="0814" casilla="BA" simbolo="0" pan="59" pri="112" prd="107" pt="33" pvem="7" convergencia="6" na="46" noreg="0" coalicion="3" nulos="10" total="383" />
  <resultado seccion="0814" casilla="C1" simbolo="0" pan="54" pri="99" prd="92" pt="40" pvem="6" convergencia="6" na="57" noreg="0" coalicion="6" nulos="15" total="375" />
  <resultado seccion="0815" casilla="BA" simbolo="0" pan="77" pri="142" prd="119" pt="44" pvem="10" convergencia="17" na="68" noreg="0" coalicion="6" nulos="16" total="499" />
  <resultado seccion="0815" casilla="C1" simbolo="0" pan="92" pri="126" prd="120" pt="63" pvem="11" convergencia="20" na="59" noreg="0" coalicion="5" nulos="14" total="510" />
  <resultado seccion="0815" casilla="ESMR" simbolo="0" pan="45" pri="71" prd="38" pt="30" pvem="3" convergencia="6" na="9" noreg="0" coalicion="2" nulos="5" total="209" />
  <resultado seccion="0815" casilla="ESRP" simbolo="0" pan="7" pri="11" prd="1" pt="4" pvem="0" convergencia="1" na="0" noreg="0" coalicion="0" nulos="0" total="24" />
  <resultado seccion="0816" casilla="BA" simbolo="0" pan="79" pri="128" prd="66" pt="51" pvem="4" convergencia="14" na="59" noreg="0" coalicion="6" nulos="9" total="416" />
  <resultado seccion="0816" casilla="C1" simbolo="0" pan="92" pri="133" prd="75" pt="49" pvem="3" convergencia="12" na="47" noreg="1" coalicion="9" nulos="5" total="426" />
  <resultado seccion="0817" casilla="BA" simbolo="0" pan="69" pri="103" prd="73" pt="83" pvem="10" convergencia="14" na="48" noreg="0" coalicion="3" nulos="9" total="412" />
  <resultado seccion="0817" casilla="C1" simbolo="0" pan="72" pri="139" prd="56" pt="65" pvem="15" convergencia="13" na="31" noreg="0" coalicion="4" nulos="8" total="403" />
  <resultado seccion="0818" casilla="BA" simbolo="0" pan="56" pri="65" prd="22" pt="182" pvem="1" convergencia="1" na="1" noreg="0" coalicion="0" nulos="5" total="333" />
  <resultado seccion="0818" casilla="C1" simbolo="0" pan="88" pri="62" prd="14" pt="151" pvem="1" convergencia="6" na="9" noreg="0" coalicion="0" nulos="4" total="335" />
  <resultado seccion="0819" casilla="BA" simbolo="0" pan="137" pri="40" prd="30" pt="130" pvem="1" convergencia="4" na="8" noreg="0" coalicion="1" nulos="4" total="355" />
  <resultado seccion="0819" casilla="C1" simbolo="0" pan="112" pri="71" prd="42" pt="131" pvem="2" convergencia="6" na="9" noreg="0" coalicion="1" nulos="7" total="381" />
  <resultado seccion="0820" casilla="BA" simbolo="0" pan="139" pri="125" prd="43" pt="160" pvem="2" convergencia="3" na="19" noreg="0" coalicion="0" nulos="7" total="498" />
  <resultado seccion="0821" casilla="BA" simbolo="0" pan="106" pri="83" prd="46" pt="157" pvem="1" convergencia="7" na="5" noreg="0" coalicion="0" nulos="0" total="405" />
  <resultado seccion="0821" casilla="C1" simbolo="0" pan="85" pri="158" prd="32" pt="145" pvem="7" convergencia="7" na="2" noreg="0" coalicion="0" nulos="5" total="441" />
  <resultado seccion="0821" casilla="C2" simbolo="0" pan="121" pri="124" prd="31" pt="158" pvem="2" convergencia="3" na="7" noreg="0" coalicion="2" nulos="11" total="459" />
  <resultado seccion="0822" casilla="BA" simbolo="0" pan="73" pri="171" prd="21" pt="131" pvem="4" convergencia="2" na="10" noreg="0" coalicion="2" nulos="8" total="422" />
  <resultado seccion="0822" casilla="C1" simbolo="0" pan="80" pri="175" prd="30" pt="130" pvem="2" convergencia="5" na="6" noreg="0" coalicion="1" nulos="7" total="436" />
  <resultado seccion="0822" casilla="C2" simbolo="0" pan="120" pri="137" prd="27" pt="136" pvem="3" convergencia="9" na="10" noreg="0" coalicion="0" nulos="7" total="449" />
  <resultado seccion="0823" casilla="BA" simbolo="0" pan="122" pri="107" prd="49" pt="136" pvem="2" convergencia="23" na="3" noreg="0" coalicion="5" nulos="4" total="451" />
  <resultado seccion="0823" casilla="C1" simbolo="0" pan="108" pri="115" prd="60" pt="151" pvem="1" convergencia="7" na="2" noreg="0" coalicion="3" nulos="7" total="454" />
  <resultado seccion="0823" casilla="C2" simbolo="0" pan="118" pri="110" prd="67" pt="135" pvem="5" convergencia="5" na="5" noreg="0" coalicion="0" nulos="1" total="446" />
  <resultado seccion="0823" casilla="C3" simbolo="0" pan="156" pri="104" prd="39" pt="136" pvem="7" convergencia="14" na="10" noreg="0" coalicion="1" nulos="4" total="471" />
  <resultado seccion="0824" casilla="BA" simbolo="0" pan="119" pri="96" prd="46" pt="143" pvem="2" convergencia="10" na="10" noreg="0" coalicion="0" nulos="0" total="426" />
  <resultado seccion="0824" casilla="C1" simbolo="0" pan="122" pri="91" prd="67" pt="145" pvem="4" convergencia="11" na="3" noreg="0" coalicion="0" nulos="5" total="448" />
  <resultado seccion="0825" casilla="BA" simbolo="0" pan="97" pri="159" prd="66" pt="120" pvem="2" convergencia="7" na="18" noreg="0" coalicion="7" nulos="9" total="485" />
  <resultado seccion="0825" casilla="C1" simbolo="0" pan="127" pri="122" prd="76" pt="111" pvem="2" convergencia="14" na="15" noreg="0" coalicion="0" nulos="10" total="477" />
  <resultado seccion="0825" casilla="C2" simbolo="0" pan="149" pri="124" prd="47" pt="81" pvem="4" convergencia="13" na="17" noreg="0" coalicion="3" nulos="6" total="444" />
  <resultado seccion="0826" casilla="BA" simbolo="0" pan="101" pri="161" prd="51" pt="162" pvem="2" convergencia="7" na="2" noreg="0" coalicion="2" nulos="9" total="497" />
  <resultado seccion="0826" casilla="C1" simbolo="0" pan="98" pri="145" prd="43" pt="158" pvem="1" convergencia="3" na="4" noreg="0" coalicion="0" nulos="0" total="452" />
  <resultado seccion="0826" casilla="C2" simbolo="0" pan="97" pri="166" prd="49" pt="144" pvem="1" convergencia="7" na="5" noreg="0" coalicion="6" nulos="2" total="477" />
  <resultado seccion="0827" casilla="BA" simbolo="0" pan="56" pri="162" prd="90" pt="98" pvem="2" convergencia="20" na="19" noreg="0" coalicion="1" nulos="5" total="453" />
  <resultado seccion="0827" casilla="C1" simbolo="0" pan="44" pri="151" prd="88" pt="117" pvem="2" convergencia="14" na="19" noreg="0" coalicion="0" nulos="2" total="437" />
  <resultado seccion="0827" casilla="C2" simbolo="0" pan="81" pri="118" prd="77" pt="145" pvem="2" convergencia="11" na="16" noreg="0" coalicion="5" nulos="4" total="459" />
  <resultado seccion="0827" casilla="C3" simbolo="0" pan="79" pri="155" prd="63" pt="132" pvem="1" convergencia="14" na="11" noreg="0" coalicion="7" nulos="6" total="468" />
  <resultado seccion="0828" casilla="BA" simbolo="0" pan="73" pri="119" prd="27" pt="186" pvem="1" convergencia="9" na="21" noreg="0" coalicion="7" nulos="11" total="454" />
  <resultado seccion="0828" casilla="C1" simbolo="0" pan="85" pri="105" prd="30" pt="214" pvem="1" convergencia="4" na="11" noreg="0" coalicion="5" nulos="7" total="462" />
  <resultado seccion="0829" casilla="BA" simbolo="0" pan="114" pri="168" prd="94" pt="91" pvem="6" convergencia="37" na="15" noreg="0" coalicion="5" nulos="6" total="536" />
  <resultado seccion="0829" casilla="C1" simbolo="0" pan="67" pri="156" prd="111" pt="134" pvem="3" convergencia="26" na="8" noreg="0" coalicion="2" nulos="5" total="512" />
  <resultado seccion="0829" casilla="C2" simbolo="0" pan="81" pri="116" prd="128" pt="151" pvem="3" convergencia="30" na="11" noreg="0" coalicion="2" nulos="8" total="530" />
  <resultado seccion="0829" casilla="C3" simbolo="0" pan="64" pri="132" prd="123" pt="137" pvem="12" convergencia="49" na="8" noreg="0" coalicion="3" nulos="7" total="535" />
  <resultado seccion="0830" casilla="BA" simbolo="0" pan="56" pri="120" prd="67" pt="47" pvem="3" convergencia="2" na="24" noreg="0" coalicion="3" nulos="3" total="325" />
  <resultado seccion="0831" casilla="BA" simbolo="0" pan="55" pri="118" prd="42" pt="120" pvem="0" convergencia="11" na="21" noreg="0" coalicion="2" nulos="9" total="378" />
  <resultado seccion="0831" casilla="C1" simbolo="0" pan="74" pri="102" prd="65" pt="97" pvem="5" convergencia="11" na="18" noreg="0" coalicion="9" nulos="10" total="391" />
  <resultado seccion="0832" casilla="BA" simbolo="0" pan="39" pri="113" prd="117" pt="128" pvem="2" convergencia="10" na="9" noreg="0" coalicion="8" nulos="0" total="426" />
  <resultado seccion="0832" casilla="C1" simbolo="0" pan="23" pri="103" prd="104" pt="181" pvem="6" convergencia="7" na="10" noreg="0" coalicion="0" nulos="8" total="442" />
  <resultado seccion="0832" casilla="C2" simbolo="0" pan="39" pri="99" prd="102" pt="157" pvem="6" convergencia="9" na="17" noreg="0" coalicion="4" nulos="7" total="440" />
  <resultado seccion="0833" casilla="BA" simbolo="0" pan="49" pri="122" prd="53" pt="157" pvem="1" convergencia="11" na="19" noreg="0" coalicion="4" nulos="4" total="420" />
  <resultado seccion="0833" casilla="C1" simbolo="0" pan="49" pri="94" prd="51" pt="195" pvem="1" convergencia="7" na="11" noreg="0" coalicion="0" nulos="6" total="414" />
  <resultado seccion="0834" casilla="BA" simbolo="0" pan="94" pri="85" prd="14" pt="119" pvem="2" convergencia="16" na="11" noreg="0" coalicion="3" nulos="11" total="355" />
  <resultado seccion="0834" casilla="C1" simbolo="0" pan="73" pri="127" prd="18" pt="135" pvem="4" convergencia="5" na="6" noreg="0" coalicion="3" nulos="4" total="375" />
  <resultado seccion="0834" casilla="C2" simbolo="0" pan="83" pri="117" prd="16" pt="139" pvem="1" convergencia="5" na="2" noreg="1" coalicion="1" nulos="4" total="369" />
  <resultado seccion="0835" casilla="BA" simbolo="0" pan="50" pri="84" prd="69" pt="64" pvem="1" convergencia="3" na="3" noreg="0" coalicion="9" nulos="4" total="287" />
  <resultado seccion="0835" casilla="C1" simbolo="0" pan="43" pri="116" prd="72" pt="50" pvem="3" convergencia="3" na="3" noreg="0" coalicion="4" nulos="4" total="298" />
  <resultado seccion="0836" casilla="BA" simbolo="0" pan="73" pri="112" prd="93" pt="52" pvem="4" convergencia="21" na="55" noreg="0" coalicion="9" nulos="6" total="425" />
  <resultado seccion="0836" casilla="C1" simbolo="0" pan="51" pri="94" prd="66" pt="44" pvem="11" convergencia="32" na="81" noreg="0" coalicion="6" nulos="16" total="401" />
  <resultado seccion="0836" casilla="C2" simbolo="0" pan="71" pri="86" prd="95" pt="56" pvem="6" convergencia="29" na="54" noreg="0" coalicion="7" nulos="17" total="421" />
  <resultado seccion="0837" casilla="BA" simbolo="0" pan="56" pri="89" prd="85" pt="108" pvem="3" convergencia="0" na="18" noreg="0" coalicion="6" nulos="2" total="367" />
  <resultado seccion="0838" casilla="BA" simbolo="0" pan="80" pri="110" prd="93" pt="105" pvem="3" convergencia="30" na="22" noreg="0" coalicion="6" nulos="9" total="458" />
  <resultado seccion="0838" casilla="C1" simbolo="0" pan="99" pri="102" prd="89" pt="65" pvem="12" convergencia="53" na="17" noreg="0" coalicion="4" nulos="12" total="453" />
  <resultado seccion="0838" casilla="C2" simbolo="0" pan="77" pri="81" prd="111" pt="68" pvem="9" convergencia="41" na="38" noreg="0" coalicion="3" nulos="8" total="436" />
  <resultado seccion="0839" casilla="BA" simbolo="0" pan="80" pri="125" prd="87" pt="75" pvem="5" convergencia="16" na="27" noreg="0" coalicion="7" nulos="14" total="436" />
  <resultado seccion="0839" casilla="C1" simbolo="0" pan="76" pri="150" prd="67" pt="92" pvem="11" convergencia="21" na="20" noreg="0" coalicion="2" nulos="9" total="448" />
  <resultado seccion="0839" casilla="C2" simbolo="0" pan="85" pri="106" prd="47" pt="117" pvem="7" convergencia="6" na="18" noreg="0" coalicion="9" nulos="6" total="401" />
  <resultado seccion="0840" casilla="BA" simbolo="0" pan="47" pri="99" prd="100" pt="89" pvem="5" convergencia="15" na="26" noreg="0" coalicion="1" nulos="8" total="390" />
  <resultado seccion="0840" casilla="C1" simbolo="0" pan="46" pri="92" prd="93" pt="81" pvem="4" convergencia="9" na="30" noreg="0" coalicion="3" nulos="4" total="362" />
  <resultado seccion="0840" casilla="C2" simbolo="0" pan="44" pri="76" prd="115" pt="89" pvem="4" convergencia="9" na="24" noreg="0" coalicion="3" nulos="11" total="375" />
  <resultado seccion="0841" casilla="BA" simbolo="0" pan="80" pri="142" prd="128" pt="121" pvem="1" convergencia="4" na="25" noreg="0" coalicion="3" nulos="6" total="510" />
  <resultado seccion="0841" casilla="C1" simbolo="0" pan="135" pri="102" prd="109" pt="127" pvem="1" convergencia="5" na="24" noreg="0" coalicion="3" nulos="12" total="518" />
  <resultado seccion="0841" casilla="C2" simbolo="0" pan="151" pri="97" prd="91" pt="108" pvem="4" convergencia="4" na="25" noreg="0" coalicion="10" nulos="8" total="498" />
  <resultado seccion="0842" casilla="BA" simbolo="0" pan="124" pri="82" prd="61" pt="181" pvem="4" convergencia="12" na="12" noreg="0" coalicion="0" nulos="12" total="488" />
  <resultado seccion="0842" casilla="C1" simbolo="0" pan="130" pri="102" prd="50" pt="171" pvem="3" convergencia="18" na="8" noreg="0" coalicion="3" nulos="19" total="504" />
  <resultado seccion="0842" casilla="C2" simbolo="0" pan="106" pri="72" prd="112" pt="149" pvem="9" convergencia="16" na="11" noreg="0" coalicion="1" nulos="6" total="482" />
  <resultado seccion="0843" casilla="BA" simbolo="0" pan="93" pri="102" prd="32" pt="127" pvem="2" convergencia="4" na="31" noreg="0" coalicion="0" nulos="7" total="398" />
  <resultado seccion="0843" casilla="C1" simbolo="0" pan="68" pri="140" prd="50" pt="115" pvem="2" convergencia="5" na="28" noreg="0" coalicion="8" nulos="7" total="423" />
  <resultado seccion="0844" casilla="BA" simbolo="0" pan="123" pri="119" prd="44" pt="110" pvem="6" convergencia="12" na="9" noreg="0" coalicion="2" nulos="7" total="432" />
  <resultado seccion="0844" casilla="C1" simbolo="0" pan="101" pri="105" prd="34" pt="149" pvem="2" convergencia="19" na="12" noreg="0" coalicion="4" nulos="7" total="433" />
  <resultado seccion="0845" casilla="BA" simbolo="0" pan="101" pri="104" prd="177" pt="124" pvem="2" convergencia="9" na="49" noreg="0" coalicion="6" nulos="11" total="583" />
  <resultado seccion="0845" casilla="C1" simbolo="0" pan="92" pri="75" prd="163" pt="160" pvem="1" convergencia="11" na="40" noreg="1" coalicion="8" nulos="18" total="569" />
</detallado>