﻿<detallado distrito="XVIII" nombre="TENOSIQUE" listanominal="40,172" pan="440" pri="11,197" prd="12,382" pt="175" pvem="206" convergencia="26" na="197" noreg="191" coalicion="62" nulos="438" votaciontotal="25,314">
  <resultado seccion="1089" casilla="BA" simbolo="2" pan="9" pri="238" prd="199" pt="3" pvem="4" convergencia="1" na="2" noreg="0" coalicion="0" nulos="6" total="462" />
  <resultado seccion="1090" casilla="BA" simbolo="0" pan="3" pri="157" prd="192" pt="2" pvem="0" convergencia="0" na="0" noreg="0" coalicion="1" nulos="6" total="361" />
  <resultado seccion="1090" casilla="C1" simbolo="0" pan="5" pri="175" prd="171" pt="1" pvem="3" convergencia="0" na="1" noreg="0" coalicion="0" nulos="7" total="363" />
  <resultado seccion="1090" casilla="C2" simbolo="0" pan="4" pri="170" prd="159" pt="0" pvem="1" convergencia="3" na="3" noreg="0" coalicion="3" nulos="9" total="352" />
  <resultado seccion="1091" casilla="BA" simbolo="0" pan="2" pri="126" prd="83" pt="2" pvem="1" convergencia="0" na="3" noreg="0" coalicion="1" nulos="5" total="223" />
  <resultado seccion="1091" casilla="C1" simbolo="0" pan="2" pri="131" prd="105" pt="4" pvem="1" convergencia="0" na="1" noreg="0" coalicion="1" nulos="3" total="248" />
  <resultado seccion="1092" casilla="BA" simbolo="0" pan="23" pri="264" prd="166" pt="4" pvem="5" convergencia="1" na="9" noreg="0" coalicion="3" nulos="5" total="480" />
  <resultado seccion="1093" casilla="BA" simbolo="0" pan="3" pri="126" prd="81" pt="2" pvem="7" convergencia="0" na="7" noreg="0" coalicion="1" nulos="10" total="237" />
  <resultado seccion="1093" casilla="C1" simbolo="0" pan="6" pri="122" prd="119" pt="1" pvem="6" convergencia="1" na="5" noreg="0" coalicion="4" nulos="2" total="266" />
  <resultado seccion="1094" casilla="BA" simbolo="0" pan="11" pri="116" prd="136" pt="3" pvem="2" convergencia="0" na="3" noreg="1" coalicion="1" nulos="5" total="278" />
  <resultado seccion="1094" casilla="C1" simbolo="0" pan="10" pri="144" prd="121" pt="2" pvem="1" convergencia="0" na="1" noreg="0" coalicion="0" nulos="0" total="279" />
  <resultado seccion="1095" casilla="BA" simbolo="0" pan="21" pri="195" prd="197" pt="2" pvem="1" convergencia="2" na="5" noreg="0" coalicion="2" nulos="7" total="432" />
  <resultado seccion="1096" casilla="BA" simbolo="0" pan="4" pri="186" prd="164" pt="0" pvem="1" convergencia="0" na="7" noreg="0" coalicion="2" nulos="5" total="369" />
  <resultado seccion="1096" casilla="C1" simbolo="0" pan="8" pri="142" prd="192" pt="2" pvem="4" convergencia="0" na="2" noreg="0" coalicion="2" nulos="14" total="366" />
  <resultado seccion="1097" casilla="BA" simbolo="0" pan="11" pri="156" prd="147" pt="3" pvem="5" convergencia="0" na="5" noreg="0" coalicion="2" nulos="5" total="334" />
  <resultado seccion="1097" casilla="C1" simbolo="0" pan="6" pri="192" prd="131" pt="1" pvem="3" convergencia="0" na="4" noreg="0" coalicion="1" nulos="4" total="342" />
  <resultado seccion="1098" casilla="BA" simbolo="0" pan="11" pri="173" prd="141" pt="1" pvem="2" convergencia="0" na="2" noreg="0" coalicion="1" nulos="4" total="335" />
  <resultado seccion="1098" casilla="C1" simbolo="0" pan="9" pri="165" prd="155" pt="1" pvem="3" convergencia="1" na="1" noreg="0" coalicion="0" nulos="0" total="335" />
  <resultado seccion="1099" casilla="BA" simbolo="0" pan="16" pri="167" prd="199" pt="1" pvem="11" convergencia="0" na="3" noreg="0" coalicion="0" nulos="11" total="408" />
  <resultado seccion="1099" casilla="C1" simbolo="0" pan="10" pri="176" prd="217" pt="0" pvem="8" convergencia="0" na="6" noreg="0" coalicion="0" nulos="9" total="426" />
  <resultado seccion="1099" casilla="ESMR" simbolo="0" pan="1" pri="44" prd="110" pt="1" pvem="0" convergencia="0" na="0" noreg="0" coalicion="0" nulos="0" total="156" />
  <resultado seccion="1099" casilla="ESRP" simbolo="0" pan="5" pri="58" prd="58" pt="0" pvem="0" convergencia="0" na="2" noreg="0" coalicion="0" nulos="0" total="123" />
  <resultado seccion="1100" casilla="BA" simbolo="0" pan="2" pri="114" prd="200" pt="2" pvem="7" convergencia="0" na="5" noreg="0" coalicion="2" nulos="7" total="339" />
  <resultado seccion="1100" casilla="C1" simbolo="0" pan="1" pri="113" prd="198" pt="2" pvem="5" convergencia="0" na="4" noreg="0" coalicion="0" nulos="2" total="325" />
  <resultado seccion="1100" casilla="C2" simbolo="0" pan="1" pri="111" prd="168" pt="0" pvem="4" convergencia="0" na="3" noreg="0" coalicion="1" nulos="10" total="298" />
  <resultado seccion="1101" casilla="BA" simbolo="0" pan="11" pri="155" prd="229" pt="1" pvem="3" convergencia="0" na="6" noreg="1" coalicion="0" nulos="5" total="411" />
  <resultado seccion="1101" casilla="C1" simbolo="0" pan="11" pri="167" prd="250" pt="2" pvem="4" convergencia="2" na="1" noreg="0" coalicion="1" nulos="7" total="445" />
  <resultado seccion="1102" casilla="BA" simbolo="4" pan="7" pri="155" prd="162" pt="0" pvem="1" convergencia="2" na="2" noreg="0" coalicion="1" nulos="1" total="331" />
  <resultado seccion="1102" casilla="C1" simbolo="0" pan="6" pri="132" prd="166" pt="1" pvem="4" convergencia="2" na="1" noreg="0" coalicion="2" nulos="4" total="318" />
  <resultado seccion="1103" casilla="BA" simbolo="0" pan="5" pri="129" prd="129" pt="3" pvem="1" convergencia="0" na="1" noreg="0" coalicion="0" nulos="5" total="273" />
  <resultado seccion="1103" casilla="C1" simbolo="0" pan="11" pri="159" prd="106" pt="0" pvem="1" convergencia="0" na="1" noreg="0" coalicion="0" nulos="1" total="279" />
  <resultado seccion="1104" casilla="BA" simbolo="0" pan="1" pri="184" prd="177" pt="1" pvem="3" convergencia="0" na="4" noreg="0" coalicion="0" nulos="7" total="377" />
  <resultado seccion="1104" casilla="C1" simbolo="0" pan="6" pri="188" prd="170" pt="1" pvem="4" convergencia="2" na="2" noreg="0" coalicion="0" nulos="5" total="378" />
  <resultado seccion="1104" casilla="C2" simbolo="0" pan="8" pri="183" prd="144" pt="1" pvem="5" convergencia="0" na="5" noreg="0" coalicion="0" nulos="11" total="357" />
  <resultado seccion="1104" casilla="C3" simbolo="0" pan="5" pri="197" prd="157" pt="2" pvem="3" convergencia="1" na="4" noreg="0" coalicion="3" nulos="8" total="380" />
  <resultado seccion="1105" casilla="BA" simbolo="0" pan="6" pri="148" prd="140" pt="1" pvem="1" convergencia="0" na="0" noreg="0" coalicion="1" nulos="10" total="307" />
  <resultado seccion="1105" casilla="C1" simbolo="0" pan="4" pri="132" prd="158" pt="2" pvem="3" convergencia="0" na="1" noreg="0" coalicion="2" nulos="6" total="308" />
  <resultado seccion="1105" casilla="C2" simbolo="0" pan="3" pri="131" prd="144" pt="0" pvem="2" convergencia="0" na="2" noreg="0" coalicion="2" nulos="7" total="291" />
  <resultado seccion="1106" casilla="BA" simbolo="0" pan="5" pri="92" prd="153" pt="2" pvem="2" convergencia="0" na="1" noreg="0" coalicion="3" nulos="4" total="262" />
  <resultado seccion="1106" casilla="C1" simbolo="0" pan="1" pri="111" prd="153" pt="1" pvem="3" convergencia="0" na="2" noreg="2" coalicion="1" nulos="3" total="277" />
  <resultado seccion="1107" casilla="BA" simbolo="0" pan="15" pri="252" prd="229" pt="4" pvem="5" convergencia="0" na="7" noreg="0" coalicion="3" nulos="10" total="525" />
  <resultado seccion="1108" casilla="BA" simbolo="0" pan="2" pri="159" prd="176" pt="1" pvem="1" convergencia="0" na="2" noreg="0" coalicion="1" nulos="4" total="346" />
  <resultado seccion="1108" casilla="C1" simbolo="0" pan="4" pri="172" prd="160" pt="2" pvem="0" convergencia="0" na="3" noreg="0" coalicion="3" nulos="7" total="351" />
  <resultado seccion="1109" casilla="BA" simbolo="0" pan="2" pri="206" prd="209" pt="5" pvem="0" convergencia="0" na="2" noreg="1" coalicion="0" nulos="6" total="431" />
  <resultado seccion="1110" casilla="BA" simbolo="0" pan="3" pri="72" prd="124" pt="3" pvem="1" convergencia="0" na="3" noreg="0" coalicion="0" nulos="2" total="208" />
  <resultado seccion="1111" casilla="BA" simbolo="0" pan="2" pri="174" prd="180" pt="4" pvem="4" convergencia="0" na="6" noreg="0" coalicion="0" nulos="4" total="374" />
  <resultado seccion="1112" casilla="BA" simbolo="0" pan="5" pri="77" prd="102" pt="2" pvem="0" convergencia="0" na="0" noreg="184" coalicion="0" nulos="1" total="371" />
  <resultado seccion="1113" casilla="BA" simbolo="0" pan="3" pri="109" prd="240" pt="3" pvem="4" convergencia="0" na="1" noreg="0" coalicion="2" nulos="2" total="364" />
  <resultado seccion="1113" casilla="C1" simbolo="0" pan="10" pri="111" prd="252" pt="0" pvem="6" convergencia="0" na="0" noreg="0" coalicion="0" nulos="4" total="383" />
  <resultado seccion="1114" casilla="BA" simbolo="0" pan="3" pri="274" prd="205" pt="3" pvem="2" convergencia="0" na="0" noreg="0" coalicion="0" nulos="6" total="493" />
  <resultado seccion="1114" casilla="EX" simbolo="0" pan="1" pri="103" prd="125" pt="0" pvem="1" convergencia="0" na="0" noreg="0" coalicion="0" nulos="1" total="231" />
  <resultado seccion="1115" casilla="BA" simbolo="0" pan="4" pri="289" prd="235" pt="3" pvem="1" convergencia="0" na="1" noreg="0" coalicion="0" nulos="11" total="544" />
  <resultado seccion="1116" casilla="BA" simbolo="2" pan="2" pri="72" prd="163" pt="4" pvem="1" convergencia="0" na="2" noreg="0" coalicion="0" nulos="4" total="248" />
  <resultado seccion="1116" casilla="C1" simbolo="0" pan="3" pri="81" prd="130" pt="3" pvem="1" convergencia="1" na="6" noreg="0" coalicion="0" nulos="0" total="225" />
  <resultado seccion="1117" casilla="BA" simbolo="0" pan="3" pri="165" prd="211" pt="3" pvem="7" convergencia="0" na="1" noreg="0" coalicion="1" nulos="10" total="401" />
  <resultado seccion="1118" casilla="BA" simbolo="0" pan="10" pri="131" prd="212" pt="4" pvem="2" convergencia="0" na="2" noreg="0" coalicion="1" nulos="12" total="374" />
  <resultado seccion="1118" casilla="C1" simbolo="0" pan="1" pri="155" prd="196" pt="2" pvem="3" convergencia="0" na="3" noreg="0" coalicion="0" nulos="7" total="367" />
  <resultado seccion="1119" casilla="BA" simbolo="0" pan="2" pri="140" prd="151" pt="5" pvem="0" convergencia="1" na="4" noreg="0" coalicion="0" nulos="4" total="307" />
  <resultado seccion="1119" casilla="C1" simbolo="0" pan="7" pri="139" prd="135" pt="3" pvem="1" convergencia="0" na="1" noreg="0" coalicion="0" nulos="4" total="290" />
  <resultado seccion="1120" casilla="BA" simbolo="0" pan="3" pri="32" prd="85" pt="0" pvem="0" convergencia="0" na="0" noreg="0" coalicion="0" nulos="1" total="121" />
  <resultado seccion="1121" casilla="BA" simbolo="0" pan="7" pri="153" prd="158" pt="1" pvem="5" convergencia="0" na="2" noreg="0" coalicion="3" nulos="9" total="338" />
  <resultado seccion="1121" casilla="C1" simbolo="0" pan="12" pri="180" prd="165" pt="3" pvem="5" convergencia="0" na="6" noreg="0" coalicion="0" nulos="5" total="376" />
  <resultado seccion="1122" casilla="BA" simbolo="0" pan="5" pri="240" prd="182" pt="4" pvem="1" convergencia="0" na="3" noreg="0" coalicion="1" nulos="11" total="447" />
  <resultado seccion="1123" casilla="BA" simbolo="0" pan="5" pri="209" prd="250" pt="9" pvem="2" convergencia="1" na="3" noreg="0" coalicion="1" nulos="6" total="486" />
  <resultado seccion="1124" casilla="BA" simbolo="0" pan="4" pri="70" prd="116" pt="2" pvem="1" convergencia="0" na="0" noreg="1" coalicion="0" nulos="7" total="201" />
  <resultado seccion="1125" casilla="BA" simbolo="0" pan="3" pri="224" prd="164" pt="1" pvem="0" convergencia="0" na="4" noreg="0" coalicion="0" nulos="10" total="406" />
  <resultado seccion="1126" casilla="BA" simbolo="0" pan="3" pri="134" prd="221" pt="6" pvem="5" convergencia="1" na="2" noreg="0" coalicion="1" nulos="4" total="377" />
  <resultado seccion="1127" casilla="BA" simbolo="0" pan="7" pri="103" prd="120" pt="4" pvem="0" convergencia="1" na="2" noreg="0" coalicion="0" nulos="5" total="242" />
  <resultado seccion="1127" casilla="C1" simbolo="0" pan="3" pri="92" prd="129" pt="5" pvem="4" convergencia="1" na="2" noreg="1" coalicion="1" nulos="2" total="240" />
  <resultado seccion="1128" casilla="BA" simbolo="0" pan="5" pri="175" prd="134" pt="4" pvem="2" convergencia="1" na="3" noreg="0" coalicion="0" nulos="14" total="338" />
  <resultado seccion="1128" casilla="C1" simbolo="0" pan="4" pri="144" prd="177" pt="4" pvem="2" convergencia="0" na="0" noreg="0" coalicion="0" nulos="15" total="346" />
  <resultado seccion="1129" casilla="BA" simbolo="4" pan="0" pri="39" prd="43" pt="0" pvem="1" convergencia="0" na="0" noreg="0" coalicion="0" nulos="0" total="83" />
  <resultado seccion="1130" casilla="BA" simbolo="0" pan="0" pri="154" prd="227" pt="9" pvem="2" convergencia="1" na="2" noreg="0" coalicion="0" nulos="14" total="409" />
  <resultado seccion="1130" casilla="C1" simbolo="0" pan="1" pri="132" prd="215" pt="6" pvem="7" convergencia="0" na="1" noreg="0" coalicion="0" nulos="4" total="366" />
  <resultado seccion="1131" casilla="BA" simbolo="0" pan="7" pri="160" prd="173" pt="2" pvem="2" convergencia="0" na="6" noreg="0" coalicion="0" nulos="17" total="367" />
  <resultado seccion="1132" casilla="BA" simbolo="0" pan="7" pri="55" prd="135" pt="3" pvem="0" convergencia="0" na="1" noreg="0" coalicion="1" nulos="3" total="205" />
  <resultado seccion="1133" casilla="BA" simbolo="0" pan="13" pri="54" prd="64" pt="0" pvem="2" convergencia="0" na="1" noreg="0" coalicion="0" nulos="0" total="134" />
</detallado>