﻿<detallado distrito="XII" nombre="JONUTA" listanominal="20,808" pan="53" pri="6,751" prd="7,370" pt="48" pvem="2,999" convergencia="7" na="43" noreg="3" coalicion="14" nulos="184" votaciontotal="17,472">
  <resultado seccion="0846" casilla="BA" simbolo="0" pan="1" pri="213" prd="208" pt="1" pvem="146" convergencia="0" na="0" noreg="0" coalicion="0" nulos="0" total="569" />
  <resultado seccion="0846" casilla="C1" simbolo="0" pan="3" pri="246" prd="214" pt="1" pvem="107" convergencia="1" na="0" noreg="0" coalicion="1" nulos="10" total="583" />
  <resultado seccion="0847" casilla="BA" simbolo="0" pan="2" pri="183" prd="243" pt="1" pvem="107" convergencia="1" na="1" noreg="0" coalicion="1" nulos="8" total="547" />
  <resultado seccion="0847" casilla="C1" simbolo="0" pan="3" pri="183" prd="254" pt="7" pvem="97" convergencia="0" na="1" noreg="0" coalicion="1" nulos="18" total="564" />
  <resultado seccion="0847" casilla="ESMR" simbolo="0" pan="6" pri="82" prd="55" pt="1" pvem="44" convergencia="0" na="1" noreg="0" coalicion="0" nulos="4" total="193" />
  <resultado seccion="0847" casilla="ESRP" simbolo="0" pan="3" pri="20" prd="14" pt="0" pvem="9" convergencia="0" na="0" noreg="0" coalicion="1" nulos="2" total="49" />
  <resultado seccion="0848" casilla="BA" simbolo="0" pan="4" pri="142" prd="236" pt="1" pvem="85" convergencia="0" na="2" noreg="0" coalicion="0" nulos="0" total="470" />
  <resultado seccion="0848" casilla="C1" simbolo="0" pan="5" pri="169" prd="233" pt="1" pvem="66" convergencia="0" na="1" noreg="0" coalicion="1" nulos="6" total="482" />
  <resultado seccion="0849" casilla="BA" simbolo="0" pan="0" pri="157" prd="196" pt="1" pvem="94" convergencia="0" na="4" noreg="0" coalicion="1" nulos="7" total="460" />
  <resultado seccion="0849" casilla="C1" simbolo="0" pan="6" pri="186" prd="171" pt="1" pvem="96" convergencia="2" na="1" noreg="0" coalicion="0" nulos="0" total="463" />
  <resultado seccion="0850" casilla="BA" simbolo="0" pan="2" pri="141" prd="162" pt="2" pvem="13" convergencia="0" na="0" noreg="1" coalicion="0" nulos="2" total="323" />
  <resultado seccion="0851" casilla="BA" simbolo="0" pan="0" pri="347" prd="249" pt="0" pvem="6" convergencia="0" na="0" noreg="0" coalicion="0" nulos="2" total="604" />
  <resultado seccion="0852" casilla="BA" simbolo="0" pan="2" pri="255" prd="105" pt="0" pvem="108" convergencia="0" na="0" noreg="0" coalicion="0" nulos="7" total="477" />
  <resultado seccion="0853" casilla="BA" simbolo="0" pan="4" pri="195" prd="154" pt="0" pvem="140" convergencia="0" na="3" noreg="0" coalicion="0" nulos="1" total="497" />
  <resultado seccion="0854" casilla="BA" simbolo="0" pan="1" pri="62" prd="63" pt="0" pvem="27" convergencia="0" na="0" noreg="0" coalicion="1" nulos="3" total="157" />
  <resultado seccion="0855" casilla="BA" simbolo="0" pan="1" pri="94" prd="96" pt="1" pvem="45" convergencia="0" na="0" noreg="0" coalicion="0" nulos="3" total="240" />
  <resultado seccion="0856" casilla="BA" simbolo="0" pan="0" pri="111" prd="109" pt="0" pvem="44" convergencia="0" na="0" noreg="0" coalicion="0" nulos="0" total="264" />
  <resultado seccion="0857" casilla="BA" simbolo="0" pan="0" pri="155" prd="212" pt="1" pvem="103" convergencia="0" na="1" noreg="0" coalicion="0" nulos="15" total="487" />
  <resultado seccion="0858" casilla="BA" simbolo="0" pan="0" pri="67" prd="201" pt="0" pvem="91" convergencia="1" na="0" noreg="0" coalicion="1" nulos="8" total="369" />
  <resultado seccion="0858" casilla="C1" simbolo="0" pan="2" pri="91" prd="173" pt="1" pvem="113" convergencia="0" na="1" noreg="2" coalicion="2" nulos="7" total="392" />
  <resultado seccion="0859" casilla="BA" simbolo="0" pan="1" pri="249" prd="248" pt="1" pvem="43" convergencia="0" na="0" noreg="0" coalicion="1" nulos="6" total="549" />
  <resultado seccion="0859" casilla="EX" simbolo="0" pan="1" pri="157" prd="147" pt="1" pvem="2" convergencia="0" na="0" noreg="0" coalicion="0" nulos="2" total="310" />
  <resultado seccion="0860" casilla="BA" simbolo="0" pan="0" pri="200" prd="326" pt="3" pvem="111" convergencia="0" na="0" noreg="0" coalicion="1" nulos="8" total="649" />
  <resultado seccion="0861" casilla="BA" simbolo="0" pan="2" pri="157" prd="207" pt="2" pvem="142" convergencia="0" na="0" noreg="0" coalicion="0" nulos="5" total="515" />
  <resultado seccion="0861" casilla="C1" simbolo="0" pan="3" pri="126" prd="233" pt="1" pvem="138" convergencia="0" na="1" noreg="0" coalicion="0" nulos="0" total="502" />
  <resultado seccion="0862" casilla="BA" simbolo="0" pan="1" pri="223" prd="214" pt="0" pvem="80" convergencia="0" na="0" noreg="0" coalicion="0" nulos="7" total="525" />
  <resultado seccion="0863" casilla="BA" simbolo="0" pan="1" pri="236" prd="161" pt="1" pvem="60" convergencia="0" na="0" noreg="0" coalicion="0" nulos="5" total="464" />
  <resultado seccion="0863" casilla="C1" simbolo="0" pan="0" pri="192" prd="201" pt="1" pvem="78" convergencia="0" na="1" noreg="0" coalicion="0" nulos="5" total="478" />
  <resultado seccion="0864" casilla="BA" simbolo="0" pan="0" pri="79" prd="139" pt="0" pvem="32" convergencia="1" na="9" noreg="0" coalicion="3" nulos="6" total="269" />
  <resultado seccion="0865" casilla="BA" simbolo="0" pan="0" pri="145" prd="140" pt="0" pvem="40" convergencia="0" na="2" noreg="0" coalicion="0" nulos="3" total="330" />
  <resultado seccion="0865" casilla="C1" simbolo="0" pan="0" pri="168" prd="122" pt="4" pvem="38" convergencia="0" na="7" noreg="0" coalicion="0" nulos="3" total="342" />
  <resultado seccion="0866" casilla="BA" simbolo="0" pan="0" pri="166" prd="212" pt="4" pvem="33" convergencia="0" na="0" noreg="0" coalicion="0" nulos="2" total="417" />
  <resultado seccion="0867" casilla="BA" simbolo="0" pan="1" pri="157" prd="156" pt="3" pvem="62" convergencia="0" na="0" noreg="0" coalicion="0" nulos="4" total="383" />
  <resultado seccion="0868" casilla="BA" simbolo="0" pan="0" pri="176" prd="239" pt="1" pvem="145" convergencia="0" na="1" noreg="0" coalicion="0" nulos="3" total="565" />
  <resultado seccion="0868" casilla="C1" simbolo="0" pan="0" pri="156" prd="250" pt="1" pvem="158" convergencia="0" na="0" noreg="0" coalicion="0" nulos="5" total="570" />
  <resultado seccion="0869" casilla="BA" simbolo="0" pan="0" pri="230" prd="222" pt="1" pvem="51" convergencia="0" na="0" noreg="0" coalicion="0" nulos="6" total="510" />
  <resultado seccion="0869" casilla="C1" simbolo="0" pan="0" pri="205" prd="223" pt="0" pvem="55" convergencia="0" na="0" noreg="0" coalicion="0" nulos="3" total="486" />
  <resultado seccion="0870" casilla="BA" simbolo="0" pan="0" pri="148" prd="175" pt="1" pvem="83" convergencia="1" na="1" noreg="0" coalicion="0" nulos="5" total="414" />
  <resultado seccion="0870" casilla="C1" simbolo="0" pan="0" pri="135" prd="191" pt="1" pvem="76" convergencia="0" na="3" noreg="0" coalicion="0" nulos="2" total="408" />
  <resultado seccion="0871" casilla="BA" simbolo="0" pan="1" pri="188" prd="117" pt="1" pvem="9" convergencia="0" na="0" noreg="0" coalicion="0" nulos="2" total="318" />
  <resultado seccion="0871" casilla="C1" simbolo="0" pan="0" pri="179" prd="113" pt="1" pvem="31" convergencia="0" na="2" noreg="0" coalicion="0" nulos="1" total="327" />
</detallado>