﻿<detallado distrito="V" nombre="CENTRO SUR" listanominal="110,684" pan="2,912" pri="23,402" prd="16,958" pt="617" pvem="1,461" convergencia="1,132" na="740" noreg="64" coalicion="121" nulos="1,605" votaciontotal="49,012">
  <resultado seccion="0292" casilla="BA" simbolo="0" pan="19" pri="107" prd="77" pt="0" pvem="4" convergencia="3" na="2" noreg="1" coalicion="0" nulos="10" total="223" />
  <resultado seccion="0292" casilla="C1" simbolo="0" pan="19" pri="103" prd="69" pt="1" pvem="7" convergencia="3" na="1" noreg="1" coalicion="0" nulos="8" total="212" />
  <resultado seccion="0309" casilla="BA" simbolo="0" pan="19" pri="119" prd="68" pt="1" pvem="12" convergencia="6" na="6" noreg="1" coalicion="0" nulos="10" total="242" />
  <resultado seccion="0309" casilla="C1" simbolo="0" pan="19" pri="113" prd="68" pt="4" pvem="6" convergencia="0" na="3" noreg="0" coalicion="0" nulos="5" total="218" />
  <resultado seccion="0319" casilla="BA" simbolo="0" pan="10" pri="92" prd="74" pt="6" pvem="16" convergencia="0" na="2" noreg="0" coalicion="1" nulos="0" total="201" />
  <resultado seccion="0319" casilla="C1" simbolo="0" pan="10" pri="105" prd="80" pt="1" pvem="10" convergencia="7" na="1" noreg="0" coalicion="1" nulos="6" total="221" />
  <resultado seccion="0320" casilla="BA" simbolo="0" pan="16" pri="125" prd="138" pt="5" pvem="13" convergencia="8" na="8" noreg="1" coalicion="0" nulos="18" total="332" />
  <resultado seccion="0320" casilla="C1" simbolo="0" pan="14" pri="137" prd="126" pt="7" pvem="11" convergencia="6" na="2" noreg="0" coalicion="0" nulos="8" total="311" />
  <resultado seccion="0321" casilla="BA" simbolo="0" pan="27" pri="117" prd="68" pt="2" pvem="5" convergencia="6" na="0" noreg="0" coalicion="0" nulos="6" total="231" />
  <resultado seccion="0321" casilla="C1" simbolo="0" pan="32" pri="119" prd="79" pt="1" pvem="10" convergencia="5" na="3" noreg="0" coalicion="1" nulos="14" total="264" />
  <resultado seccion="0322" casilla="BA" simbolo="0" pan="33" pri="156" prd="114" pt="4" pvem="11" convergencia="5" na="4" noreg="1" coalicion="0" nulos="14" total="342" />
  <resultado seccion="0323" casilla="BA" simbolo="0" pan="13" pri="140" prd="61" pt="2" pvem="11" convergencia="4" na="6" noreg="0" coalicion="0" nulos="8" total="245" />
  <resultado seccion="0323" casilla="C1" simbolo="0" pan="14" pri="122" prd="79" pt="1" pvem="11" convergencia="1" na="4" noreg="0" coalicion="1" nulos="18" total="251" />
  <resultado seccion="0332" casilla="BA" simbolo="0" pan="8" pri="155" prd="81" pt="3" pvem="8" convergencia="4" na="0" noreg="0" coalicion="4" nulos="9" total="272" />
  <resultado seccion="0332" casilla="C1" simbolo="0" pan="23" pri="122" prd="74" pt="3" pvem="11" convergencia="9" na="8" noreg="0" coalicion="1" nulos="17" total="268" />
  <resultado seccion="0333" casilla="BA" simbolo="0" pan="19" pri="90" prd="70" pt="3" pvem="3" convergencia="5" na="1" noreg="0" coalicion="0" nulos="8" total="199" />
  <resultado seccion="0333" casilla="C1" simbolo="0" pan="24" pri="93" prd="48" pt="2" pvem="8" convergencia="5" na="4" noreg="1" coalicion="1" nulos="3" total="189" />
  <resultado seccion="0334" casilla="BA" simbolo="0" pan="8" pri="113" prd="124" pt="6" pvem="11" convergencia="12" na="2" noreg="0" coalicion="1" nulos="11" total="288" />
  <resultado seccion="0334" casilla="C1" simbolo="0" pan="16" pri="121" prd="109" pt="5" pvem="16" convergencia="14" na="2" noreg="0" coalicion="1" nulos="10" total="294" />
  <resultado seccion="0335" casilla="BA" simbolo="0" pan="26" pri="117" prd="74" pt="1" pvem="15" convergencia="2" na="4" noreg="0" coalicion="0" nulos="4" total="243" />
  <resultado seccion="0335" casilla="C1" simbolo="0" pan="21" pri="105" prd="78" pt="1" pvem="16" convergencia="7" na="5" noreg="0" coalicion="0" nulos="0" total="233" />
  <resultado seccion="0337" casilla="BA" simbolo="0" pan="15" pri="112" prd="106" pt="6" pvem="13" convergencia="3" na="4" noreg="0" coalicion="0" nulos="8" total="267" />
  <resultado seccion="0337" casilla="C1" simbolo="0" pan="6" pri="117" prd="99" pt="6" pvem="6" convergencia="3" na="4" noreg="0" coalicion="0" nulos="8" total="249" />
  <resultado seccion="0350" casilla="BA" simbolo="0" pan="23" pri="140" prd="90" pt="2" pvem="9" convergencia="3" na="5" noreg="0" coalicion="1" nulos="11" total="284" />
  <resultado seccion="0350" casilla="C1" simbolo="0" pan="23" pri="157" prd="78" pt="3" pvem="16" convergencia="0" na="6" noreg="1" coalicion="1" nulos="12" total="297" />
  <resultado seccion="0351" casilla="BA" simbolo="0" pan="15" pri="82" prd="65" pt="5" pvem="8" convergencia="1" na="4" noreg="0" coalicion="0" nulos="6" total="186" />
  <resultado seccion="0351" casilla="C1" simbolo="0" pan="13" pri="100" prd="53" pt="4" pvem="5" convergencia="1" na="5" noreg="0" coalicion="1" nulos="6" total="188" />
  <resultado seccion="0352" casilla="BA" simbolo="0" pan="38" pri="105" prd="45" pt="1" pvem="13" convergencia="3" na="10" noreg="0" coalicion="1" nulos="7" total="223" />
  <resultado seccion="0352" casilla="C1" simbolo="0" pan="34" pri="87" prd="63" pt="0" pvem="11" convergencia="2" na="4" noreg="0" coalicion="0" nulos="13" total="214" />
  <resultado seccion="0354" casilla="BA" simbolo="0" pan="27" pri="141" prd="83" pt="0" pvem="18" convergencia="6" na="7" noreg="0" coalicion="0" nulos="13" total="295" />
  <resultado seccion="0354" casilla="C1" simbolo="0" pan="27" pri="130" prd="99" pt="0" pvem="14" convergencia="2" na="5" noreg="1" coalicion="0" nulos="9" total="287" />
  <resultado seccion="0355" casilla="BA" simbolo="0" pan="21" pri="134" prd="76" pt="3" pvem="13" convergencia="11" na="11" noreg="0" coalicion="2" nulos="14" total="285" />
  <resultado seccion="0355" casilla="C1" simbolo="0" pan="7" pri="112" prd="79" pt="6" pvem="10" convergencia="9" na="7" noreg="1" coalicion="0" nulos="6" total="237" />
  <resultado seccion="0356" casilla="BA" simbolo="0" pan="8" pri="139" prd="104" pt="10" pvem="5" convergencia="14" na="4" noreg="0" coalicion="0" nulos="15" total="299" />
  <resultado seccion="0356" casilla="C1" simbolo="0" pan="9" pri="138" prd="87" pt="7" pvem="7" convergencia="13" na="4" noreg="0" coalicion="1" nulos="11" total="277" />
  <resultado seccion="0356" casilla="C2" simbolo="0" pan="10" pri="115" prd="89" pt="7" pvem="5" convergencia="16" na="2" noreg="0" coalicion="0" nulos="15" total="259" />
  <resultado seccion="0357" casilla="BA" simbolo="0" pan="13" pri="149" prd="112" pt="3" pvem="8" convergencia="12" na="0" noreg="0" coalicion="1" nulos="8" total="306" />
  <resultado seccion="0357" casilla="C1" simbolo="0" pan="8" pri="140" prd="102" pt="1" pvem="6" convergencia="11" na="2" noreg="0" coalicion="0" nulos="10" total="280" />
  <resultado seccion="0358" casilla="BA" simbolo="0" pan="13" pri="122" prd="89" pt="5" pvem="9" convergencia="8" na="3" noreg="0" coalicion="0" nulos="4" total="253" />
  <resultado seccion="0358" casilla="C1" simbolo="0" pan="8" pri="105" prd="98" pt="5" pvem="9" convergencia="5" na="6" noreg="0" coalicion="0" nulos="8" total="244" />
  <resultado seccion="0358" casilla="C2" simbolo="0" pan="10" pri="91" prd="108" pt="2" pvem="17" convergencia="12" na="2" noreg="0" coalicion="2" nulos="7" total="251" />
  <resultado seccion="0359" casilla="BA" simbolo="0" pan="6" pri="114" prd="126" pt="9" pvem="13" convergencia="4" na="6" noreg="0" coalicion="1" nulos="6" total="285" />
  <resultado seccion="0359" casilla="C1" simbolo="0" pan="13" pri="132" prd="113" pt="8" pvem="6" convergencia="6" na="3" noreg="0" coalicion="1" nulos="11" total="293" />
  <resultado seccion="0359" casilla="C2" simbolo="0" pan="8" pri="117" prd="121" pt="7" pvem="17" convergencia="2" na="4" noreg="0" coalicion="0" nulos="11" total="287" />
  <resultado seccion="0360" casilla="BA" simbolo="0" pan="10" pri="126" prd="106" pt="5" pvem="14" convergencia="2" na="12" noreg="0" coalicion="0" nulos="8" total="283" />
  <resultado seccion="0360" casilla="C1" simbolo="0" pan="7" pri="130" prd="105" pt="4" pvem="5" convergencia="3" na="5" noreg="0" coalicion="0" nulos="19" total="278" />
  <resultado seccion="0360" casilla="C2" simbolo="0" pan="11" pri="130" prd="107" pt="7" pvem="3" convergencia="11" na="10" noreg="0" coalicion="1" nulos="16" total="296" />
  <resultado seccion="0361" casilla="BA" simbolo="0" pan="12" pri="155" prd="110" pt="5" pvem="12" convergencia="10" na="4" noreg="0" coalicion="1" nulos="4" total="313" />
  <resultado seccion="0361" casilla="C1" simbolo="0" pan="11" pri="133" prd="112" pt="4" pvem="3" convergencia="7" na="2" noreg="0" coalicion="0" nulos="5" total="277" />
  <resultado seccion="0361" casilla="C2" simbolo="0" pan="6" pri="142" prd="124" pt="5" pvem="7" convergencia="9" na="4" noreg="0" coalicion="1" nulos="6" total="304" />
  <resultado seccion="0362" casilla="BA" simbolo="0" pan="11" pri="162" prd="111" pt="7" pvem="9" convergencia="10" na="12" noreg="2" coalicion="2" nulos="11" total="337" />
  <resultado seccion="0362" casilla="C1" simbolo="0" pan="18" pri="146" prd="103" pt="3" pvem="14" convergencia="9" na="6" noreg="0" coalicion="2" nulos="14" total="315" />
  <resultado seccion="0363" casilla="BA" simbolo="0" pan="19" pri="121" prd="107" pt="2" pvem="15" convergencia="4" na="9" noreg="0" coalicion="1" nulos="10" total="288" />
  <resultado seccion="0363" casilla="C1" simbolo="0" pan="18" pri="116" prd="104" pt="3" pvem="9" convergencia="5" na="5" noreg="0" coalicion="2" nulos="14" total="276" />
  <resultado seccion="0364" casilla="BA" simbolo="0" pan="22" pri="132" prd="48" pt="1" pvem="8" convergencia="3" na="3" noreg="2" coalicion="0" nulos="10" total="229" />
  <resultado seccion="0364" casilla="C1" simbolo="0" pan="20" pri="101" prd="73" pt="5" pvem="8" convergencia="3" na="4" noreg="0" coalicion="0" nulos="8" total="222" />
  <resultado seccion="0377" casilla="BA" simbolo="0" pan="23" pri="101" prd="62" pt="3" pvem="7" convergencia="4" na="1" noreg="0" coalicion="1" nulos="9" total="211" />
  <resultado seccion="0377" casilla="C1" simbolo="0" pan="18" pri="110" prd="58" pt="1" pvem="4" convergencia="1" na="6" noreg="1" coalicion="1" nulos="15" total="215" />
  <resultado seccion="0378" casilla="BA" simbolo="0" pan="20" pri="82" prd="60" pt="1" pvem="8" convergencia="0" na="3" noreg="0" coalicion="1" nulos="5" total="180" />
  <resultado seccion="0378" casilla="C1" simbolo="0" pan="9" pri="100" prd="35" pt="0" pvem="3" convergencia="1" na="2" noreg="1" coalicion="0" nulos="11" total="162" />
  <resultado seccion="0379" casilla="BA" simbolo="0" pan="14" pri="115" prd="84" pt="3" pvem="13" convergencia="4" na="3" noreg="0" coalicion="0" nulos="6" total="242" />
  <resultado seccion="0379" casilla="C1" simbolo="0" pan="16" pri="119" prd="91" pt="4" pvem="9" convergencia="4" na="2" noreg="0" coalicion="0" nulos="9" total="254" />
  <resultado seccion="0380" casilla="BA" simbolo="0" pan="19" pri="79" prd="69" pt="0" pvem="9" convergencia="3" na="11" noreg="2" coalicion="1" nulos="10" total="203" />
  <resultado seccion="0380" casilla="C1" simbolo="0" pan="13" pri="95" prd="66" pt="0" pvem="8" convergencia="3" na="7" noreg="0" coalicion="0" nulos="9" total="201" />
  <resultado seccion="0381" casilla="BA" simbolo="0" pan="7" pri="116" prd="71" pt="4" pvem="5" convergencia="3" na="4" noreg="0" coalicion="0" nulos="9" total="219" />
  <resultado seccion="0381" casilla="C1" simbolo="0" pan="11" pri="103" prd="89" pt="4" pvem="7" convergencia="3" na="8" noreg="0" coalicion="1" nulos="14" total="240" />
  <resultado seccion="0382" casilla="BA" simbolo="0" pan="20" pri="115" prd="108" pt="4" pvem="12" convergencia="6" na="3" noreg="0" coalicion="0" nulos="6" total="274" />
  <resultado seccion="0382" casilla="C1" simbolo="0" pan="11" pri="103" prd="97" pt="10" pvem="7" convergencia="4" na="5" noreg="2" coalicion="0" nulos="9" total="248" />
  <resultado seccion="0382" casilla="C2" simbolo="0" pan="15" pri="124" prd="104" pt="10" pvem="8" convergencia="9" na="5" noreg="0" coalicion="5" nulos="8" total="288" />
  <resultado seccion="0383" casilla="BA" simbolo="0" pan="8" pri="83" prd="111" pt="9" pvem="12" convergencia="7" na="5" noreg="0" coalicion="0" nulos="12" total="247" />
  <resultado seccion="0383" casilla="C1" simbolo="0" pan="11" pri="102" prd="119" pt="3" pvem="9" convergencia="7" na="4" noreg="0" coalicion="0" nulos="7" total="262" />
  <resultado seccion="0383" casilla="C2" simbolo="0" pan="14" pri="85" prd="119" pt="2" pvem="7" convergencia="7" na="1" noreg="0" coalicion="0" nulos="10" total="245" />
  <resultado seccion="0383" casilla="C3" simbolo="0" pan="14" pri="106" prd="94" pt="3" pvem="10" convergencia="5" na="3" noreg="0" coalicion="0" nulos="11" total="246" />
  <resultado seccion="0384" casilla="BA" simbolo="0" pan="8" pri="107" prd="94" pt="6" pvem="8" convergencia="4" na="2" noreg="1" coalicion="1" nulos="5" total="236" />
  <resultado seccion="0384" casilla="C1" simbolo="0" pan="7" pri="109" prd="103" pt="2" pvem="5" convergencia="11" na="5" noreg="1" coalicion="1" nulos="7" total="251" />
  <resultado seccion="0384" casilla="C2" simbolo="0" pan="6" pri="101" prd="106" pt="2" pvem="8" convergencia="6" na="3" noreg="1" coalicion="0" nulos="5" total="238" />
  <resultado seccion="0385" casilla="BA" simbolo="0" pan="14" pri="101" prd="88" pt="2" pvem="2" convergencia="1" na="1" noreg="2" coalicion="0" nulos="4" total="215" />
  <resultado seccion="0385" casilla="C1" simbolo="0" pan="10" pri="105" prd="78" pt="2" pvem="10" convergencia="2" na="5" noreg="0" coalicion="1" nulos="3" total="216" />
  <resultado seccion="0385" casilla="ESMR" simbolo="0" pan="13" pri="165" prd="51" pt="3" pvem="7" convergencia="3" na="3" noreg="1" coalicion="2" nulos="4" total="252" />
  <resultado seccion="0385" casilla="ESRP" simbolo="0" pan="10" pri="123" prd="29" pt="3" pvem="6" convergencia="2" na="3" noreg="0" coalicion="2" nulos="3" total="181" />
  <resultado seccion="0386" casilla="BA" simbolo="0" pan="8" pri="101" prd="84" pt="4" pvem="9" convergencia="4" na="1" noreg="0" coalicion="2" nulos="11" total="224" />
  <resultado seccion="0386" casilla="C1" simbolo="0" pan="3" pri="90" prd="72" pt="2" pvem="13" convergencia="1" na="0" noreg="0" coalicion="0" nulos="8" total="189" />
  <resultado seccion="0387" casilla="BA" simbolo="0" pan="14" pri="132" prd="62" pt="4" pvem="9" convergencia="3" na="4" noreg="0" coalicion="3" nulos="5" total="236" />
  <resultado seccion="0387" casilla="C1" simbolo="0" pan="10" pri="154" prd="59" pt="2" pvem="7" convergencia="3" na="6" noreg="0" coalicion="1" nulos="8" total="250" />
  <resultado seccion="0388" casilla="BA" simbolo="0" pan="52" pri="135" prd="116" pt="3" pvem="10" convergencia="2" na="3" noreg="0" coalicion="2" nulos="13" total="336" />
  <resultado seccion="0388" casilla="C1" simbolo="0" pan="47" pri="118" prd="121" pt="10" pvem="8" convergencia="2" na="2" noreg="0" coalicion="1" nulos="13" total="322" />
  <resultado seccion="0389" casilla="BA" simbolo="0" pan="31" pri="99" prd="67" pt="2" pvem="7" convergencia="1" na="5" noreg="0" coalicion="0" nulos="6" total="218" />
  <resultado seccion="0389" casilla="C1" simbolo="0" pan="35" pri="94" prd="61" pt="3" pvem="6" convergencia="1" na="2" noreg="0" coalicion="0" nulos="10" total="212" />
  <resultado seccion="0390" casilla="BA" simbolo="0" pan="23" pri="104" prd="49" pt="4" pvem="6" convergencia="3" na="1" noreg="0" coalicion="0" nulos="5" total="195" />
  <resultado seccion="0390" casilla="C1" simbolo="0" pan="17" pri="94" prd="51" pt="3" pvem="4" convergencia="0" na="0" noreg="0" coalicion="0" nulos="7" total="176" />
  <resultado seccion="0391" casilla="BA" simbolo="0" pan="18" pri="157" prd="91" pt="4" pvem="12" convergencia="3" na="4" noreg="0" coalicion="0" nulos="10" total="299" />
  <resultado seccion="0391" casilla="C1" simbolo="0" pan="20" pri="164" prd="85" pt="0" pvem="17" convergencia="3" na="1" noreg="1" coalicion="0" nulos="5" total="296" />
  <resultado seccion="0401" casilla="BA" simbolo="0" pan="33" pri="142" prd="76" pt="1" pvem="4" convergencia="3" na="0" noreg="0" coalicion="0" nulos="12" total="271" />
  <resultado seccion="0401" casilla="C1" simbolo="0" pan="37" pri="137" prd="88" pt="4" pvem="9" convergencia="2" na="3" noreg="0" coalicion="0" nulos="9" total="289" />
  <resultado seccion="0401" casilla="C2" simbolo="0" pan="27" pri="128" prd="82" pt="5" pvem="9" convergencia="17" na="1" noreg="0" coalicion="1" nulos="11" total="281" />
  <resultado seccion="0401" casilla="C3" simbolo="0" pan="25" pri="115" prd="97" pt="4" pvem="11" convergencia="9" na="3" noreg="0" coalicion="1" nulos="10" total="275" />
  <resultado seccion="0402" casilla="BA" simbolo="0" pan="28" pri="126" prd="105" pt="2" pvem="9" convergencia="2" na="9" noreg="0" coalicion="2" nulos="18" total="301" />
  <resultado seccion="0402" casilla="C1" simbolo="0" pan="34" pri="131" prd="89" pt="5" pvem="11" convergencia="3" na="12" noreg="1" coalicion="2" nulos="11" total="299" />
  <resultado seccion="0403" casilla="BA" simbolo="0" pan="19" pri="125" prd="79" pt="0" pvem="7" convergencia="5" na="8" noreg="2" coalicion="0" nulos="3" total="248" />
  <resultado seccion="0403" casilla="C1" simbolo="0" pan="16" pri="140" prd="78" pt="5" pvem="6" convergencia="4" na="3" noreg="0" coalicion="2" nulos="4" total="258" />
  <resultado seccion="0404" casilla="BA" simbolo="0" pan="29" pri="166" prd="91" pt="5" pvem="16" convergencia="8" na="6" noreg="0" coalicion="3" nulos="20" total="344" />
  <resultado seccion="0404" casilla="C1" simbolo="0" pan="30" pri="138" prd="86" pt="3" pvem="9" convergencia="4" na="7" noreg="0" coalicion="0" nulos="10" total="287" />
  <resultado seccion="0404" casilla="C2" simbolo="0" pan="26" pri="131" prd="111" pt="1" pvem="9" convergencia="6" na="2" noreg="0" coalicion="0" nulos="13" total="299" />
  <resultado seccion="0406" casilla="BA" simbolo="0" pan="18" pri="117" prd="76" pt="3" pvem="11" convergencia="9" na="3" noreg="0" coalicion="0" nulos="9" total="246" />
  <resultado seccion="0406" casilla="C1" simbolo="0" pan="6" pri="89" prd="111" pt="3" pvem="10" convergencia="12" na="3" noreg="1" coalicion="0" nulos="5" total="240" />
  <resultado seccion="0413" casilla="BA" simbolo="0" pan="12" pri="125" prd="91" pt="3" pvem="8" convergencia="2" na="3" noreg="0" coalicion="0" nulos="0" total="244" />
  <resultado seccion="0413" casilla="C1" simbolo="0" pan="6" pri="111" prd="100" pt="1" pvem="7" convergencia="8" na="4" noreg="0" coalicion="0" nulos="8" total="245" />
  <resultado seccion="0414" casilla="BA" simbolo="0" pan="12" pri="133" prd="96" pt="3" pvem="7" convergencia="2" na="7" noreg="0" coalicion="1" nulos="7" total="268" />
  <resultado seccion="0414" casilla="C1" simbolo="0" pan="17" pri="110" prd="96" pt="7" pvem="7" convergencia="1" na="7" noreg="1" coalicion="1" nulos="12" total="259" />
  <resultado seccion="0415" casilla="BA" simbolo="0" pan="22" pri="153" prd="77" pt="4" pvem="0" convergencia="13" na="5" noreg="0" coalicion="1" nulos="7" total="282" />
  <resultado seccion="0415" casilla="C1" simbolo="0" pan="30" pri="128" prd="95" pt="1" pvem="16" convergencia="9" na="4" noreg="3" coalicion="2" nulos="13" total="301" />
  <resultado seccion="0415" casilla="C2" simbolo="0" pan="24" pri="123" prd="73" pt="3" pvem="13" convergencia="10" na="10" noreg="1" coalicion="1" nulos="6" total="264" />
  <resultado seccion="0415" casilla="C3" simbolo="0" pan="36" pri="126" prd="91" pt="5" pvem="6" convergencia="14" na="6" noreg="0" coalicion="3" nulos="12" total="299" />
  <resultado seccion="0415" casilla="C4" simbolo="0" pan="38" pri="112" prd="84" pt="4" pvem="8" convergencia="12" na="4" noreg="0" coalicion="0" nulos="8" total="270" />
  <resultado seccion="0416" casilla="BA" simbolo="0" pan="23" pri="122" prd="61" pt="2" pvem="13" convergencia="3" na="4" noreg="0" coalicion="0" nulos="4" total="232" />
  <resultado seccion="0416" casilla="C1" simbolo="0" pan="17" pri="147" prd="75" pt="0" pvem="12" convergencia="2" na="6" noreg="1" coalicion="0" nulos="7" total="267" />
  <resultado seccion="0416" casilla="C2" simbolo="0" pan="24" pri="108" prd="106" pt="4" pvem="14" convergencia="4" na="4" noreg="1" coalicion="1" nulos="6" total="272" />
  <resultado seccion="0416" casilla="C3" simbolo="0" pan="24" pri="130" prd="78" pt="0" pvem="10" convergencia="7" na="3" noreg="0" coalicion="2" nulos="5" total="259" />
  <resultado seccion="0416" casilla="C4" simbolo="0" pan="30" pri="120" prd="71" pt="2" pvem="7" convergencia="5" na="10" noreg="0" coalicion="0" nulos="9" total="254" />
  <resultado seccion="0416" casilla="C5" simbolo="0" pan="23" pri="132" prd="71" pt="2" pvem="14" convergencia="6" na="4" noreg="0" coalicion="0" nulos="5" total="257" />
  <resultado seccion="0416" casilla="C6" simbolo="0" pan="19" pri="135" prd="84" pt="5" pvem="4" convergencia="12" na="9" noreg="2" coalicion="0" nulos="6" total="276" />
  <resultado seccion="0417" casilla="BA" simbolo="0" pan="26" pri="113" prd="71" pt="0" pvem="10" convergencia="5" na="7" noreg="1" coalicion="0" nulos="8" total="241" />
  <resultado seccion="0417" casilla="C1" simbolo="0" pan="34" pri="111" prd="58" pt="2" pvem="8" convergencia="5" na="3" noreg="2" coalicion="1" nulos="8" total="232" />
  <resultado seccion="0418" casilla="BA" simbolo="0" pan="18" pri="165" prd="86" pt="3" pvem="9" convergencia="9" na="7" noreg="1" coalicion="1" nulos="4" total="303" />
  <resultado seccion="0418" casilla="C1" simbolo="0" pan="21" pri="158" prd="106" pt="5" pvem="14" convergencia="9" na="7" noreg="0" coalicion="0" nulos="11" total="331" />
  <resultado seccion="0418" casilla="C2" simbolo="0" pan="28" pri="167" prd="100" pt="5" pvem="9" convergencia="6" na="3" noreg="0" coalicion="0" nulos="14" total="332" />
  <resultado seccion="0471" casilla="BA" simbolo="0" pan="8" pri="70" prd="58" pt="2" pvem="9" convergencia="8" na="1" noreg="0" coalicion="0" nulos="8" total="164" />
  <resultado seccion="0471" casilla="C1" simbolo="0" pan="2" pri="97" prd="57" pt="4" pvem="3" convergencia="8" na="3" noreg="0" coalicion="0" nulos="4" total="178" />
  <resultado seccion="0483" casilla="BA" simbolo="0" pan="16" pri="101" prd="58" pt="5" pvem="7" convergencia="1" na="7" noreg="1" coalicion="2" nulos="7" total="205" />
  <resultado seccion="0483" casilla="C1" simbolo="0" pan="8" pri="91" prd="106" pt="8" pvem="8" convergencia="1" na="6" noreg="0" coalicion="0" nulos="11" total="239" />
  <resultado seccion="0483" casilla="C2" simbolo="0" pan="15" pri="96" prd="80" pt="5" pvem="9" convergencia="10" na="11" noreg="1" coalicion="1" nulos="11" total="239" />
  <resultado seccion="0485" casilla="BA" simbolo="0" pan="10" pri="125" prd="116" pt="3" pvem="3" convergencia="8" na="3" noreg="0" coalicion="0" nulos="6" total="274" />
  <resultado seccion="0485" casilla="C1" simbolo="0" pan="14" pri="148" prd="123" pt="2" pvem="7" convergencia="7" na="2" noreg="0" coalicion="0" nulos="6" total="309" />
  <resultado seccion="0485" casilla="C2" simbolo="0" pan="13" pri="140" prd="108" pt="2" pvem="11" convergencia="6" na="2" noreg="0" coalicion="0" nulos="12" total="294" />
  <resultado seccion="0486" casilla="BA" simbolo="0" pan="21" pri="123" prd="126" pt="4" pvem="12" convergencia="5" na="2" noreg="0" coalicion="1" nulos="10" total="304" />
  <resultado seccion="0486" casilla="C1" simbolo="0" pan="10" pri="114" prd="122" pt="3" pvem="7" convergencia="7" na="7" noreg="0" coalicion="0" nulos="7" total="277" />
  <resultado seccion="0486" casilla="C2" simbolo="0" pan="21" pri="93" prd="153" pt="3" pvem="6" convergencia="6" na="3" noreg="0" coalicion="0" nulos="9" total="294" />
  <resultado seccion="0486" casilla="C3" simbolo="0" pan="16" pri="91" prd="159" pt="4" pvem="8" convergencia="5" na="3" noreg="0" coalicion="1" nulos="9" total="296" />
  <resultado seccion="0486" casilla="C4" simbolo="0" pan="12" pri="119" prd="112" pt="4" pvem="4" convergencia="5" na="4" noreg="1" coalicion="0" nulos="0" total="261" />
  <resultado seccion="0486" casilla="C5" simbolo="0" pan="14" pri="133" prd="133" pt="2" pvem="5" convergencia="4" na="3" noreg="1" coalicion="0" nulos="5" total="300" />
  <resultado seccion="0487" casilla="BA" simbolo="0" pan="17" pri="107" prd="92" pt="0" pvem="5" convergencia="7" na="9" noreg="1" coalicion="0" nulos="7" total="245" />
  <resultado seccion="0487" casilla="C1" simbolo="0" pan="14" pri="99" prd="101" pt="3" pvem="10" convergencia="6" na="8" noreg="1" coalicion="3" nulos="6" total="251" />
  <resultado seccion="0487" casilla="C2" simbolo="0" pan="10" pri="109" prd="84" pt="4" pvem="4" convergencia="13" na="6" noreg="3" coalicion="2" nulos="8" total="243" />
  <resultado seccion="0488" casilla="BA" simbolo="0" pan="11" pri="128" prd="130" pt="4" pvem="4" convergencia="10" na="4" noreg="0" coalicion="0" nulos="8" total="299" />
  <resultado seccion="0496" casilla="BA" simbolo="0" pan="3" pri="116" prd="135" pt="0" pvem="2" convergencia="4" na="2" noreg="0" coalicion="0" nulos="7" total="269" />
  <resultado seccion="0496" casilla="C1" simbolo="0" pan="4" pri="137" prd="89" pt="0" pvem="3" convergencia="8" na="2" noreg="0" coalicion="0" nulos="9" total="252" />
  <resultado seccion="0497" casilla="BA" simbolo="0" pan="10" pri="131" prd="146" pt="3" pvem="7" convergencia="6" na="2" noreg="0" coalicion="1" nulos="6" total="312" />
  <resultado seccion="0497" casilla="C1" simbolo="0" pan="23" pri="153" prd="136" pt="1" pvem="3" convergencia="8" na="2" noreg="0" coalicion="0" nulos="8" total="334" />
  <resultado seccion="0497" casilla="C2" simbolo="0" pan="3" pri="160" prd="140" pt="2" pvem="4" convergencia="6" na="3" noreg="0" coalicion="0" nulos="5" total="323" />
  <resultado seccion="0498" casilla="BA" simbolo="0" pan="2" pri="174" prd="93" pt="0" pvem="10" convergencia="4" na="4" noreg="1" coalicion="1" nulos="7" total="296" />
  <resultado seccion="0498" casilla="C1" simbolo="0" pan="7" pri="100" prd="115" pt="2" pvem="1" convergencia="3" na="4" noreg="0" coalicion="0" nulos="3" total="235" />
  <resultado seccion="0498" casilla="C2" simbolo="0" pan="11" pri="143" prd="144" pt="0" pvem="9" convergencia="4" na="1" noreg="1" coalicion="1" nulos="7" total="321" />
  <resultado seccion="0500" casilla="BA" simbolo="0" pan="18" pri="142" prd="119" pt="9" pvem="6" convergencia="6" na="4" noreg="0" coalicion="0" nulos="12" total="316" />
  <resultado seccion="0500" casilla="C1" simbolo="0" pan="13" pri="163" prd="128" pt="3" pvem="9" convergencia="13" na="4" noreg="0" coalicion="0" nulos="0" total="333" />
  <resultado seccion="0500" casilla="C2" simbolo="0" pan="15" pri="148" prd="108" pt="1" pvem="7" convergencia="10" na="2" noreg="1" coalicion="1" nulos="9" total="302" />
  <resultado seccion="0500" casilla="C3" simbolo="0" pan="14" pri="134" prd="115" pt="5" pvem="12" convergencia="15" na="2" noreg="1" coalicion="0" nulos="13" total="311" />
  <resultado seccion="0500" casilla="C4" simbolo="0" pan="11" pri="152" prd="105" pt="8" pvem="7" convergencia="20" na="2" noreg="1" coalicion="4" nulos="11" total="321" />
  <resultado seccion="0500" casilla="C5" simbolo="0" pan="12" pri="167" prd="108" pt="2" pvem="5" convergencia="10" na="0" noreg="0" coalicion="2" nulos="16" total="322" />
  <resultado seccion="0501" casilla="BA" simbolo="0" pan="7" pri="115" prd="85" pt="0" pvem="5" convergencia="6" na="2" noreg="0" coalicion="0" nulos="8" total="228" />
  <resultado seccion="0501" casilla="C1" simbolo="0" pan="8" pri="137" prd="89" pt="4" pvem="4" convergencia="1" na="1" noreg="0" coalicion="0" nulos="7" total="251" />
  <resultado seccion="0501" casilla="C2" simbolo="0" pan="7" pri="132" prd="83" pt="1" pvem="0" convergencia="6" na="0" noreg="0" coalicion="0" nulos="5" total="234" />
  <resultado seccion="0502" casilla="BA" simbolo="0" pan="12" pri="120" prd="102" pt="2" pvem="2" convergencia="7" na="4" noreg="0" coalicion="0" nulos="7" total="256" />
  <resultado seccion="0502" casilla="C1" simbolo="0" pan="12" pri="136" prd="79" pt="5" pvem="5" convergencia="11" na="6" noreg="4" coalicion="0" nulos="4" total="262" />
  <resultado seccion="0502" casilla="C2" simbolo="0" pan="8" pri="134" prd="87" pt="3" pvem="3" convergencia="5" na="2" noreg="0" coalicion="0" nulos="18" total="260" />
  <resultado seccion="0502" casilla="C3" simbolo="0" pan="11" pri="135" prd="87" pt="4" pvem="7" convergencia="1" na="4" noreg="0" coalicion="3" nulos="1" total="253" />
  <resultado seccion="0502" casilla="C4" simbolo="0" pan="2" pri="130" prd="94" pt="4" pvem="5" convergencia="7" na="4" noreg="0" coalicion="0" nulos="2" total="248" />
  <resultado seccion="0502" casilla="C5" simbolo="0" pan="4" pri="137" prd="88" pt="9" pvem="6" convergencia="14" na="9" noreg="1" coalicion="0" nulos="8" total="276" />
  <resultado seccion="0502" casilla="C6" simbolo="0" pan="13" pri="130" prd="75" pt="1" pvem="3" convergencia="7" na="4" noreg="0" coalicion="1" nulos="6" total="240" />
  <resultado seccion="0502" casilla="C7" simbolo="0" pan="8" pri="141" prd="83" pt="2" pvem="2" convergencia="13" na="9" noreg="1" coalicion="2" nulos="13" total="274" />
  <resultado seccion="0503" casilla="BA" simbolo="0" pan="6" pri="145" prd="91" pt="4" pvem="5" convergencia="3" na="0" noreg="0" coalicion="0" nulos="10" total="264" />
  <resultado seccion="0503" casilla="C1" simbolo="0" pan="2" pri="144" prd="60" pt="4" pvem="3" convergencia="8" na="5" noreg="0" coalicion="1" nulos="12" total="239" />
  <resultado seccion="0503" casilla="C2" simbolo="0" pan="7" pri="128" prd="73" pt="7" pvem="1" convergencia="3" na="1" noreg="0" coalicion="0" nulos="4" total="224" />
  <resultado seccion="0503" casilla="C3" simbolo="0" pan="7" pri="129" prd="76" pt="3" pvem="5" convergencia="5" na="2" noreg="0" coalicion="0" nulos="10" total="237" />
  <resultado seccion="0503" casilla="C4" simbolo="0" pan="9" pri="145" prd="74" pt="2" pvem="3" convergencia="4" na="1" noreg="0" coalicion="0" nulos="6" total="244" />
  <resultado seccion="0504" casilla="BA" simbolo="0" pan="3" pri="218" prd="110" pt="3" pvem="1" convergencia="14" na="1" noreg="0" coalicion="0" nulos="14" total="364" />
  <resultado seccion="0504" casilla="C1" simbolo="0" pan="10" pri="231" prd="115" pt="3" pvem="2" convergencia="19" na="0" noreg="0" coalicion="4" nulos="12" total="396" />
  <resultado seccion="0505" casilla="BA" simbolo="0" pan="6" pri="150" prd="128" pt="1" pvem="5" convergencia="4" na="1" noreg="0" coalicion="2" nulos="18" total="315" />
  <resultado seccion="0505" casilla="C1" simbolo="0" pan="16" pri="157" prd="99" pt="3" pvem="3" convergencia="9" na="3" noreg="0" coalicion="1" nulos="12" total="303" />
  <resultado seccion="0506" casilla="BA" simbolo="0" pan="7" pri="115" prd="60" pt="1" pvem="1" convergencia="6" na="2" noreg="0" coalicion="0" nulos="8" total="200" />
  <resultado seccion="0506" casilla="C1" simbolo="0" pan="7" pri="132" prd="89" pt="0" pvem="4" convergencia="6" na="0" noreg="0" coalicion="0" nulos="6" total="244" />
  <resultado seccion="0507" casilla="BA" simbolo="0" pan="7" pri="180" prd="50" pt="1" pvem="1" convergencia="6" na="1" noreg="1" coalicion="2" nulos="8" total="257" />
  <resultado seccion="0507" casilla="C1" simbolo="0" pan="4" pri="185" prd="64" pt="4" pvem="1" convergencia="5" na="1" noreg="0" coalicion="1" nulos="7" total="272" />
  <resultado seccion="0508" casilla="BA" simbolo="0" pan="22" pri="151" prd="105" pt="2" pvem="4" convergencia="8" na="0" noreg="0" coalicion="0" nulos="7" total="299" />
  <resultado seccion="0508" casilla="C1" simbolo="0" pan="10" pri="158" prd="105" pt="4" pvem="3" convergencia="4" na="5" noreg="0" coalicion="0" nulos="9" total="298" />
  <resultado seccion="0508" casilla="C2" simbolo="0" pan="12" pri="159" prd="112" pt="5" pvem="5" convergencia="13" na="2" noreg="0" coalicion="0" nulos="12" total="320" />
  <resultado seccion="0509" casilla="BA" simbolo="0" pan="2" pri="159" prd="55" pt="3" pvem="2" convergencia="5" na="1" noreg="0" coalicion="0" nulos="0" total="227" />
  <resultado seccion="0510" casilla="BA" simbolo="0" pan="4" pri="139" prd="73" pt="3" pvem="0" convergencia="11" na="1" noreg="0" coalicion="1" nulos="9" total="241" />
</detallado>