﻿<detallado distrito="XIX" nombre="CARDENAS PONIENTE" listanominal="80,078" pan="1,283" pri="22,162" prd="18,574" pt="1,776" pvem="359" convergencia="2,253" na="585" noreg="27" coalicion="100" nulos="684" votaciontotal="47,803">
  <resultado seccion="0046" casilla="BA" simbolo="0" pan="7" pri="187" prd="105" pt="5" pvem="5" convergencia="8" na="1" noreg="0" coalicion="1" nulos="5" total="324" />
  <resultado seccion="0046" casilla="C1" simbolo="0" pan="6" pri="192" prd="103" pt="6" pvem="7" convergencia="5" na="2" noreg="0" coalicion="0" nulos="0" total="321" />
  <resultado seccion="0047" casilla="BA" simbolo="0" pan="8" pri="188" prd="70" pt="9" pvem="2" convergencia="26" na="3" noreg="0" coalicion="4" nulos="8" total="318" />
  <resultado seccion="0047" casilla="C1" simbolo="0" pan="10" pri="170" prd="78" pt="9" pvem="2" convergencia="10" na="4" noreg="0" coalicion="0" nulos="10" total="293" />
  <resultado seccion="0047" casilla="C2" simbolo="0" pan="7" pri="183" prd="96" pt="8" pvem="7" convergencia="12" na="1" noreg="0" coalicion="1" nulos="10" total="325" />
  <resultado seccion="0047" casilla="C3" simbolo="0" pan="4" pri="188" prd="86" pt="11" pvem="4" convergencia="11" na="0" noreg="0" coalicion="0" nulos="10" total="314" />
  <resultado seccion="0047" casilla="C4" simbolo="0" pan="4" pri="179" prd="75" pt="23" pvem="5" convergencia="17" na="1" noreg="0" coalicion="0" nulos="0" total="304" />
  <resultado seccion="0047" casilla="C5" simbolo="0" pan="6" pri="183" prd="102" pt="19" pvem="4" convergencia="12" na="2" noreg="1" coalicion="0" nulos="14" total="343" />
  <resultado seccion="0047" casilla="ESMR" simbolo="0" pan="3" pri="110" prd="58" pt="11" pvem="0" convergencia="19" na="5" noreg="0" coalicion="1" nulos="4" total="211" />
  <resultado seccion="0047" casilla="ESRP" simbolo="0" pan="0" pri="0" prd="0" pt="0" pvem="0" convergencia="0" na="0" noreg="0" coalicion="0" nulos="0" total="0" />
  <resultado seccion="0090" casilla="BA" simbolo="0" pan="5" pri="121" prd="176" pt="16" pvem="0" convergencia="40" na="1" noreg="0" coalicion="0" nulos="3" total="362" />
  <resultado seccion="0090" casilla="C1" simbolo="0" pan="9" pri="113" prd="151" pt="22" pvem="2" convergencia="28" na="0" noreg="0" coalicion="0" nulos="8" total="333" />
  <resultado seccion="0091" casilla="BA" simbolo="0" pan="12" pri="192" prd="157" pt="5" pvem="1" convergencia="5" na="1" noreg="0" coalicion="0" nulos="3" total="376" />
  <resultado seccion="0091" casilla="C1" simbolo="0" pan="20" pri="221" prd="111" pt="3" pvem="0" convergencia="15" na="3" noreg="0" coalicion="0" nulos="5" total="378" />
  <resultado seccion="0092" casilla="BA" simbolo="0" pan="2" pri="127" prd="138" pt="27" pvem="0" convergencia="26" na="3" noreg="0" coalicion="2" nulos="3" total="328" />
  <resultado seccion="0092" casilla="C1" simbolo="0" pan="4" pri="119" prd="123" pt="24" pvem="2" convergencia="27" na="6" noreg="0" coalicion="0" nulos="0" total="305" />
  <resultado seccion="0092" casilla="C2" simbolo="0" pan="8" pri="138" prd="118" pt="23" pvem="5" convergencia="23" na="4" noreg="0" coalicion="0" nulos="4" total="323" />
  <resultado seccion="0093" casilla="BA" simbolo="0" pan="16" pri="156" prd="145" pt="40" pvem="5" convergencia="3" na="10" noreg="0" coalicion="0" nulos="3" total="378" />
  <resultado seccion="0093" casilla="C1" simbolo="0" pan="12" pri="186" prd="111" pt="35" pvem="2" convergencia="16" na="11" noreg="0" coalicion="0" nulos="3" total="376" />
  <resultado seccion="0094" casilla="BA" simbolo="0" pan="5" pri="150" prd="86" pt="28" pvem="2" convergencia="10" na="5" noreg="0" coalicion="0" nulos="6" total="292" />
  <resultado seccion="0094" casilla="C1" simbolo="0" pan="4" pri="122" prd="88" pt="33" pvem="0" convergencia="8" na="3" noreg="0" coalicion="0" nulos="2" total="260" />
  <resultado seccion="0095" casilla="BA" simbolo="0" pan="5" pri="155" prd="165" pt="59" pvem="2" convergencia="17" na="2" noreg="0" coalicion="0" nulos="3" total="408" />
  <resultado seccion="0095" casilla="C1" simbolo="0" pan="9" pri="149" prd="134" pt="51" pvem="2" convergencia="20" na="9" noreg="0" coalicion="0" nulos="3" total="377" />
  <resultado seccion="0096" casilla="BA" simbolo="0" pan="37" pri="198" prd="105" pt="20" pvem="1" convergencia="17" na="0" noreg="0" coalicion="2" nulos="10" total="390" />
  <resultado seccion="0097" casilla="BA" simbolo="0" pan="5" pri="139" prd="91" pt="0" pvem="1" convergencia="12" na="1" noreg="0" coalicion="0" nulos="4" total="253" />
  <resultado seccion="0097" casilla="C1" simbolo="0" pan="4" pri="145" prd="101" pt="3" pvem="1" convergencia="13" na="2" noreg="0" coalicion="0" nulos="2" total="271" />
  <resultado seccion="0098" casilla="BA" simbolo="0" pan="12" pri="200" prd="140" pt="2" pvem="8" convergencia="14" na="3" noreg="7" coalicion="0" nulos="7" total="393" />
  <resultado seccion="0098" casilla="C1" simbolo="0" pan="14" pri="181" prd="174" pt="5" pvem="2" convergencia="20" na="3" noreg="0" coalicion="0" nulos="5" total="404" />
  <resultado seccion="0099" casilla="BA" simbolo="0" pan="19" pri="212" prd="117" pt="3" pvem="7" convergencia="2" na="0" noreg="0" coalicion="1" nulos="8" total="369" />
  <resultado seccion="0099" casilla="C1" simbolo="0" pan="14" pri="195" prd="122" pt="6" pvem="6" convergencia="4" na="2" noreg="0" coalicion="0" nulos="7" total="356" />
  <resultado seccion="0100" casilla="BA" simbolo="0" pan="20" pri="185" prd="67" pt="6" pvem="1" convergencia="10" na="2" noreg="0" coalicion="1" nulos="12" total="304" />
  <resultado seccion="0100" casilla="C1" simbolo="0" pan="32" pri="157" prd="106" pt="7" pvem="3" convergencia="19" na="1" noreg="0" coalicion="0" nulos="7" total="332" />
  <resultado seccion="0100" casilla="C2" simbolo="0" pan="17" pri="227" prd="96" pt="8" pvem="1" convergencia="5" na="2" noreg="0" coalicion="0" nulos="3" total="359" />
  <resultado seccion="0101" casilla="BA" simbolo="0" pan="2" pri="95" prd="119" pt="37" pvem="4" convergencia="32" na="2" noreg="0" coalicion="1" nulos="7" total="299" />
  <resultado seccion="0101" casilla="C1" simbolo="0" pan="8" pri="93" prd="104" pt="29" pvem="3" convergencia="39" na="5" noreg="0" coalicion="1" nulos="3" total="285" />
  <resultado seccion="0102" casilla="BA" simbolo="0" pan="0" pri="48" prd="94" pt="23" pvem="1" convergencia="55" na="2" noreg="0" coalicion="0" nulos="8" total="231" />
  <resultado seccion="0102" casilla="C1" simbolo="0" pan="1" pri="56" prd="104" pt="19" pvem="1" convergencia="45" na="1" noreg="0" coalicion="2" nulos="4" total="233" />
  <resultado seccion="0103" casilla="BA" simbolo="0" pan="47" pri="204" prd="99" pt="38" pvem="2" convergencia="5" na="3" noreg="0" coalicion="1" nulos="5" total="404" />
  <resultado seccion="0103" casilla="C1" simbolo="0" pan="53" pri="143" prd="112" pt="33" pvem="3" convergencia="17" na="6" noreg="1" coalicion="2" nulos="2" total="372" />
  <resultado seccion="0104" casilla="BA" simbolo="0" pan="5" pri="95" prd="99" pt="2" pvem="4" convergencia="40" na="4" noreg="0" coalicion="0" nulos="7" total="256" />
  <resultado seccion="0104" casilla="C1" simbolo="0" pan="10" pri="142" prd="75" pt="2" pvem="0" convergencia="20" na="1" noreg="0" coalicion="0" nulos="8" total="258" />
  <resultado seccion="0105" casilla="BA" simbolo="0" pan="12" pri="205" prd="109" pt="1" pvem="3" convergencia="5" na="5" noreg="0" coalicion="0" nulos="8" total="348" />
  <resultado seccion="0105" casilla="C1" simbolo="0" pan="10" pri="222" prd="107" pt="2" pvem="3" convergencia="14" na="0" noreg="0" coalicion="0" nulos="7" total="365" />
  <resultado seccion="0106" casilla="BA" simbolo="0" pan="9" pri="114" prd="109" pt="6" pvem="1" convergencia="4" na="1" noreg="0" coalicion="0" nulos="4" total="248" />
  <resultado seccion="0106" casilla="C1" simbolo="0" pan="8" pri="80" prd="166" pt="4" pvem="2" convergencia="0" na="0" noreg="0" coalicion="0" nulos="3" total="263" />
  <resultado seccion="0106" casilla="EX" simbolo="0" pan="0" pri="52" prd="49" pt="1" pvem="0" convergencia="2" na="8" noreg="0" coalicion="0" nulos="2" total="114" />
  <resultado seccion="0107" casilla="BA" simbolo="0" pan="6" pri="131" prd="102" pt="1" pvem="4" convergencia="53" na="11" noreg="0" coalicion="2" nulos="2" total="312" />
  <resultado seccion="0107" casilla="C1" simbolo="0" pan="7" pri="125" prd="115" pt="3" pvem="10" convergencia="37" na="13" noreg="0" coalicion="1" nulos="5" total="316" />
  <resultado seccion="0108" casilla="BA" simbolo="0" pan="14" pri="171" prd="143" pt="20" pvem="0" convergencia="0" na="2" noreg="0" coalicion="0" nulos="0" total="350" />
  <resultado seccion="0109" casilla="BA" simbolo="0" pan="3" pri="98" prd="159" pt="4" pvem="0" convergencia="11" na="5" noreg="0" coalicion="0" nulos="7" total="287" />
  <resultado seccion="0109" casilla="C1" simbolo="0" pan="3" pri="105" prd="148" pt="7" pvem="1" convergencia="14" na="1" noreg="0" coalicion="1" nulos="6" total="286" />
  <resultado seccion="0110" casilla="BA" simbolo="0" pan="8" pri="170" prd="159" pt="8" pvem="1" convergencia="12" na="4" noreg="0" coalicion="1" nulos="7" total="370" />
  <resultado seccion="0110" casilla="C1" simbolo="0" pan="12" pri="183" prd="141" pt="10" pvem="0" convergencia="21" na="3" noreg="1" coalicion="0" nulos="12" total="383" />
  <resultado seccion="0110" casilla="C2" simbolo="0" pan="8" pri="204" prd="142" pt="9" pvem="1" convergencia="23" na="1" noreg="0" coalicion="0" nulos="9" total="397" />
  <resultado seccion="0111" casilla="BA" simbolo="0" pan="0" pri="150" prd="274" pt="34" pvem="0" convergencia="2" na="0" noreg="0" coalicion="0" nulos="2" total="462" />
  <resultado seccion="0112" casilla="BA" simbolo="0" pan="0" pri="75" prd="97" pt="51" pvem="0" convergencia="56" na="9" noreg="0" coalicion="0" nulos="1" total="289" />
  <resultado seccion="0112" casilla="C1" simbolo="0" pan="5" pri="86" prd="75" pt="50" pvem="0" convergencia="56" na="3" noreg="0" coalicion="0" nulos="6" total="281" />
  <resultado seccion="0113" casilla="BA" simbolo="0" pan="0" pri="114" prd="108" pt="4" pvem="2" convergencia="41" na="10" noreg="0" coalicion="0" nulos="3" total="282" />
  <resultado seccion="0113" casilla="C1" simbolo="0" pan="0" pri="113" prd="92" pt="7" pvem="2" convergencia="40" na="17" noreg="0" coalicion="4" nulos="4" total="279" />
  <resultado seccion="0114" casilla="BA" simbolo="0" pan="0" pri="133" prd="117" pt="7" pvem="1" convergencia="54" na="20" noreg="0" coalicion="1" nulos="1" total="334" />
  <resultado seccion="0114" casilla="C1" simbolo="0" pan="4" pri="133" prd="108" pt="6" pvem="1" convergencia="45" na="17" noreg="0" coalicion="1" nulos="0" total="315" />
  <resultado seccion="0115" casilla="BA" simbolo="0" pan="1" pri="83" prd="79" pt="2" pvem="1" convergencia="39" na="6" noreg="0" coalicion="1" nulos="7" total="219" />
  <resultado seccion="0115" casilla="C1" simbolo="0" pan="1" pri="87" prd="76" pt="4" pvem="1" convergencia="40" na="5" noreg="0" coalicion="1" nulos="5" total="220" />
  <resultado seccion="0116" casilla="BA" simbolo="0" pan="0" pri="110" prd="73" pt="6" pvem="0" convergencia="34" na="12" noreg="0" coalicion="2" nulos="7" total="244" />
  <resultado seccion="0116" casilla="C1" simbolo="0" pan="1" pri="98" prd="73" pt="1" pvem="4" convergencia="32" na="23" noreg="0" coalicion="2" nulos="4" total="238" />
  <resultado seccion="0117" casilla="BA" simbolo="0" pan="0" pri="142" prd="122" pt="9" pvem="2" convergencia="2" na="3" noreg="0" coalicion="1" nulos="0" total="281" />
  <resultado seccion="0118" casilla="BA" simbolo="0" pan="5" pri="81" prd="126" pt="19" pvem="4" convergencia="12" na="6" noreg="0" coalicion="0" nulos="0" total="253" />
  <resultado seccion="0118" casilla="C1" simbolo="0" pan="5" pri="122" prd="105" pt="18" pvem="1" convergencia="10" na="6" noreg="0" coalicion="0" nulos="4" total="271" />
  <resultado seccion="0119" casilla="BA" simbolo="0" pan="3" pri="112" prd="144" pt="36" pvem="5" convergencia="7" na="2" noreg="5" coalicion="2" nulos="3" total="319" />
  <resultado seccion="0119" casilla="C1" simbolo="0" pan="7" pri="123" prd="145" pt="48" pvem="2" convergencia="9" na="0" noreg="0" coalicion="0" nulos="0" total="334" />
  <resultado seccion="0120" casilla="BA" simbolo="0" pan="1" pri="154" prd="205" pt="5" pvem="3" convergencia="6" na="9" noreg="0" coalicion="0" nulos="0" total="383" />
  <resultado seccion="0120" casilla="C1" simbolo="0" pan="3" pri="151" prd="161" pt="4" pvem="3" convergencia="14" na="3" noreg="0" coalicion="0" nulos="0" total="339" />
  <resultado seccion="0121" casilla="BA" simbolo="0" pan="5" pri="163" prd="173" pt="13" pvem="1" convergencia="16" na="14" noreg="0" coalicion="2" nulos="13" total="400" />
  <resultado seccion="0121" casilla="C1" simbolo="0" pan="2" pri="203" prd="158" pt="10" pvem="2" convergencia="23" na="9" noreg="0" coalicion="0" nulos="11" total="418" />
  <resultado seccion="0122" casilla="BA" simbolo="0" pan="1" pri="171" prd="169" pt="1" pvem="0" convergencia="4" na="1" noreg="0" coalicion="0" nulos="2" total="349" />
  <resultado seccion="0122" casilla="C1" simbolo="0" pan="3" pri="159" prd="154" pt="1" pvem="1" convergencia="3" na="1" noreg="0" coalicion="0" nulos="0" total="322" />
  <resultado seccion="0122" casilla="C2" simbolo="0" pan="3" pri="161" prd="194" pt="1" pvem="0" convergencia="1" na="0" noreg="0" coalicion="0" nulos="4" total="364" />
  <resultado seccion="0123" casilla="BA" simbolo="0" pan="0" pri="185" prd="154" pt="1" pvem="0" convergencia="2" na="3" noreg="0" coalicion="1" nulos="1" total="347" />
  <resultado seccion="0123" casilla="C1" simbolo="0" pan="1" pri="152" prd="153" pt="2" pvem="0" convergencia="2" na="0" noreg="0" coalicion="4" nulos="7" total="321" />
  <resultado seccion="0124" casilla="BA" simbolo="0" pan="4" pri="145" prd="132" pt="1" pvem="0" convergencia="13" na="1" noreg="1" coalicion="0" nulos="1" total="298" />
  <resultado seccion="0124" casilla="C1" simbolo="0" pan="4" pri="161" prd="104" pt="1" pvem="0" convergencia="7" na="0" noreg="2" coalicion="0" nulos="0" total="279" />
  <resultado seccion="0125" casilla="BA" simbolo="0" pan="1" pri="241" prd="252" pt="3" pvem="8" convergencia="5" na="4" noreg="0" coalicion="2" nulos="4" total="520" />
  <resultado seccion="0125" casilla="C1" simbolo="0" pan="0" pri="249" prd="256" pt="1" pvem="1" convergencia="2" na="2" noreg="0" coalicion="1" nulos="7" total="519" />
  <resultado seccion="0126" casilla="BA" simbolo="0" pan="1" pri="134" prd="112" pt="3" pvem="4" convergencia="0" na="1" noreg="0" coalicion="0" nulos="6" total="261" />
  <resultado seccion="0126" casilla="C1" simbolo="0" pan="5" pri="122" prd="113" pt="3" pvem="1" convergencia="2" na="2" noreg="0" coalicion="0" nulos="9" total="257" />
  <resultado seccion="0127" casilla="BA" simbolo="0" pan="2" pri="133" prd="139" pt="10" pvem="11" convergencia="10" na="5" noreg="0" coalicion="0" nulos="3" total="313" />
  <resultado seccion="0127" casilla="C1" simbolo="0" pan="1" pri="119" prd="165" pt="5" pvem="4" convergencia="7" na="8" noreg="0" coalicion="2" nulos="2" total="313" />
  <resultado seccion="0128" casilla="BA" simbolo="0" pan="2" pri="147" prd="174" pt="8" pvem="11" convergencia="2" na="6" noreg="0" coalicion="0" nulos="0" total="350" />
  <resultado seccion="0128" casilla="C1" simbolo="0" pan="5" pri="133" prd="140" pt="13" pvem="13" convergencia="3" na="10" noreg="0" coalicion="0" nulos="0" total="317" />
  <resultado seccion="0129" casilla="BA" simbolo="0" pan="17" pri="223" prd="128" pt="15" pvem="5" convergencia="29" na="4" noreg="1" coalicion="1" nulos="7" total="430" />
  <resultado seccion="0129" casilla="C1" simbolo="0" pan="23" pri="160" prd="179" pt="21" pvem="5" convergencia="29" na="10" noreg="0" coalicion="2" nulos="9" total="438" />
  <resultado seccion="0130" casilla="BA" simbolo="0" pan="11" pri="206" prd="102" pt="2" pvem="5" convergencia="14" na="3" noreg="1" coalicion="2" nulos="10" total="356" />
  <resultado seccion="0130" casilla="C1" simbolo="0" pan="5" pri="190" prd="114" pt="4" pvem="3" convergencia="18" na="4" noreg="0" coalicion="2" nulos="7" total="347" />
  <resultado seccion="0130" casilla="C2" simbolo="0" pan="9" pri="221" prd="74" pt="7" pvem="6" convergencia="8" na="1" noreg="0" coalicion="0" nulos="10" total="336" />
  <resultado seccion="0131" casilla="BA" simbolo="0" pan="2" pri="195" prd="166" pt="6" pvem="0" convergencia="12" na="0" noreg="0" coalicion="0" nulos="7" total="388" />
  <resultado seccion="0131" casilla="C1" simbolo="0" pan="8" pri="178" prd="138" pt="2" pvem="0" convergencia="13" na="2" noreg="0" coalicion="0" nulos="2" total="343" />
  <resultado seccion="0132" casilla="BA" simbolo="0" pan="50" pri="197" prd="261" pt="0" pvem="2" convergencia="0" na="1" noreg="0" coalicion="1" nulos="1" total="513" />
  <resultado seccion="0132" casilla="C1" simbolo="0" pan="25" pri="207" prd="299" pt="1" pvem="1" convergencia="3" na="0" noreg="0" coalicion="0" nulos="4" total="540" />
  <resultado seccion="0133" casilla="BA" simbolo="0" pan="14" pri="204" prd="190" pt="0" pvem="0" convergencia="4" na="5" noreg="0" coalicion="0" nulos="0" total="417" />
  <resultado seccion="0133" casilla="C1" simbolo="0" pan="13" pri="193" prd="190" pt="1" pvem="0" convergencia="9" na="4" noreg="0" coalicion="1" nulos="4" total="415" />
  <resultado seccion="0134" casilla="BA" simbolo="0" pan="40" pri="147" prd="81" pt="7" pvem="1" convergencia="4" na="4" noreg="1" coalicion="3" nulos="6" total="294" />
  <resultado seccion="0134" casilla="C1" simbolo="0" pan="44" pri="183" prd="64" pt="10" pvem="2" convergencia="3" na="7" noreg="1" coalicion="2" nulos="6" total="322" />
  <resultado seccion="0134" casilla="C2" simbolo="0" pan="28" pri="155" prd="91" pt="7" pvem="3" convergencia="10" na="5" noreg="1" coalicion="0" nulos="4" total="304" />
  <resultado seccion="0135" casilla="BA" simbolo="0" pan="1" pri="139" prd="114" pt="7" pvem="0" convergencia="20" na="6" noreg="0" coalicion="0" nulos="9" total="296" />
  <resultado seccion="0136" casilla="BA" simbolo="0" pan="2" pri="191" prd="65" pt="4" pvem="3" convergencia="1" na="3" noreg="0" coalicion="0" nulos="6" total="275" />
  <resultado seccion="0136" casilla="C1" simbolo="0" pan="6" pri="203" prd="60" pt="0" pvem="0" convergencia="5" na="0" noreg="0" coalicion="0" nulos="6" total="280" />
  <resultado seccion="0140" casilla="BA" simbolo="0" pan="0" pri="95" prd="91" pt="5" pvem="3" convergencia="9" na="2" noreg="0" coalicion="1" nulos="4" total="210" />
  <resultado seccion="0140" casilla="C1" simbolo="0" pan="2" pri="83" prd="133" pt="7" pvem="2" convergencia="12" na="1" noreg="0" coalicion="1" nulos="10" total="251" />
  <resultado seccion="0141" casilla="BA" simbolo="0" pan="24" pri="124" prd="125" pt="2" pvem="3" convergencia="7" na="1" noreg="0" coalicion="0" nulos="6" total="292" />
  <resultado seccion="0141" casilla="C1" simbolo="0" pan="21" pri="120" prd="116" pt="3" pvem="5" convergencia="2" na="1" noreg="0" coalicion="0" nulos="7" total="275" />
  <resultado seccion="0142" casilla="BA" simbolo="0" pan="11" pri="107" prd="144" pt="5" pvem="1" convergencia="6" na="4" noreg="0" coalicion="3" nulos="5" total="286" />
  <resultado seccion="0142" casilla="C1" simbolo="0" pan="14" pri="130" prd="97" pt="5" pvem="5" convergencia="8" na="4" noreg="0" coalicion="1" nulos="3" total="267" />
  <resultado seccion="0143" casilla="BA" simbolo="0" pan="8" pri="147" prd="131" pt="122" pvem="0" convergencia="11" na="8" noreg="0" coalicion="0" nulos="7" total="434" />
  <resultado seccion="0143" casilla="C1" simbolo="0" pan="11" pri="177" prd="138" pt="123" pvem="2" convergencia="10" na="6" noreg="1" coalicion="1" nulos="7" total="476" />
  <resultado seccion="0144" casilla="BA" simbolo="0" pan="28" pri="188" prd="124" pt="16" pvem="5" convergencia="3" na="1" noreg="0" coalicion="5" nulos="14" total="384" />
  <resultado seccion="0144" casilla="C1" simbolo="0" pan="24" pri="202" prd="138" pt="19" pvem="2" convergencia="3" na="1" noreg="0" coalicion="5" nulos="4" total="398" />
  <resultado seccion="0144" casilla="C2" simbolo="0" pan="21" pri="184" prd="154" pt="18" pvem="2" convergencia="4" na="2" noreg="0" coalicion="4" nulos="5" total="394" />
  <resultado seccion="0145" casilla="BA" simbolo="0" pan="2" pri="181" prd="124" pt="7" pvem="1" convergencia="53" na="2" noreg="0" coalicion="0" nulos="0" total="370" />
  <resultado seccion="0145" casilla="C1" simbolo="0" pan="7" pri="148" prd="134" pt="15" pvem="2" convergencia="39" na="4" noreg="0" coalicion="0" nulos="4" total="353" />
  <resultado seccion="0146" casilla="BA" simbolo="0" pan="4" pri="167" prd="120" pt="10" pvem="0" convergencia="16" na="0" noreg="0" coalicion="0" nulos="0" total="317" />
  <resultado seccion="0146" casilla="C1" simbolo="0" pan="4" pri="175" prd="98" pt="4" pvem="2" convergencia="7" na="1" noreg="0" coalicion="2" nulos="4" total="297" />
  <resultado seccion="0146" casilla="C2" simbolo="0" pan="3" pri="178" prd="113" pt="0" pvem="6" convergencia="7" na="0" noreg="0" coalicion="0" nulos="4" total="311" />
  <resultado seccion="0148" casilla="BA" simbolo="0" pan="7" pri="164" prd="106" pt="7" pvem="1" convergencia="34" na="12" noreg="0" coalicion="0" nulos="4" total="335" />
  <resultado seccion="0148" casilla="C1" simbolo="0" pan="6" pri="186" prd="108" pt="8" pvem="5" convergencia="22" na="5" noreg="0" coalicion="1" nulos="2" total="343" />
  <resultado seccion="0148" casilla="C2" simbolo="0" pan="8" pri="197" prd="127" pt="13" pvem="4" convergencia="38" na="3" noreg="0" coalicion="0" nulos="0" total="390" />
  <resultado seccion="0153" casilla="BA" simbolo="0" pan="3" pri="69" prd="68" pt="3" pvem="1" convergencia="29" na="2" noreg="0" coalicion="2" nulos="4" total="181" />
  <resultado seccion="0154" casilla="BA" simbolo="0" pan="3" pri="155" prd="160" pt="2" pvem="1" convergencia="11" na="2" noreg="0" coalicion="0" nulos="5" total="339" />
  <resultado seccion="0154" casilla="C1" simbolo="0" pan="6" pri="181" prd="138" pt="5" pvem="2" convergencia="27" na="4" noreg="0" coalicion="0" nulos="0" total="363" />
  <resultado seccion="0154" casilla="C2" simbolo="0" pan="5" pri="122" prd="164" pt="12" pvem="1" convergencia="14" na="1" noreg="0" coalicion="0" nulos="10" total="329" />
  <resultado seccion="0155" casilla="BA" simbolo="0" pan="17" pri="242" prd="177" pt="4" pvem="2" convergencia="6" na="6" noreg="0" coalicion="0" nulos="6" total="460" />
  <resultado seccion="0155" casilla="C1" simbolo="0" pan="12" pri="264" prd="194" pt="3" pvem="2" convergencia="12" na="16" noreg="0" coalicion="2" nulos="11" total="516" />
  <resultado seccion="0155" casilla="C2" simbolo="0" pan="22" pri="272" prd="175" pt="6" pvem="2" convergencia="13" na="3" noreg="0" coalicion="1" nulos="6" total="500" />
  <resultado seccion="0156" casilla="BA" simbolo="0" pan="12" pri="204" prd="161" pt="17" pvem="2" convergencia="11" na="7" noreg="0" coalicion="0" nulos="3" total="417" />
  <resultado seccion="0156" casilla="C1" simbolo="0" pan="9" pri="213" prd="186" pt="6" pvem="1" convergencia="7" na="10" noreg="0" coalicion="0" nulos="0" total="432" />
  <resultado seccion="0157" casilla="BA" simbolo="0" pan="2" pri="128" prd="170" pt="7" pvem="6" convergencia="6" na="2" noreg="0" coalicion="1" nulos="3" total="325" />
  <resultado seccion="0157" casilla="C1" simbolo="0" pan="9" pri="121" prd="180" pt="5" pvem="4" convergencia="5" na="2" noreg="0" coalicion="1" nulos="2" total="329" />
  <resultado seccion="0157" casilla="C2" simbolo="0" pan="1" pri="163" prd="155" pt="5" pvem="4" convergencia="15" na="3" noreg="0" coalicion="0" nulos="5" total="351" />
  <resultado seccion="0158" casilla="BA" simbolo="0" pan="8" pri="83" prd="91" pt="7" pvem="2" convergencia="14" na="2" noreg="1" coalicion="0" nulos="2" total="210" />
  <resultado seccion="0158" casilla="C1" simbolo="0" pan="4" pri="81" prd="112" pt="10" pvem="1" convergencia="7" na="4" noreg="0" coalicion="0" nulos="4" total="223" />
  <resultado seccion="0159" casilla="BA" simbolo="0" pan="4" pri="95" prd="132" pt="8" pvem="2" convergencia="9" na="2" noreg="0" coalicion="0" nulos="0" total="252" />
  <resultado seccion="0159" casilla="C1" simbolo="0" pan="3" pri="114" prd="135" pt="6" pvem="4" convergencia="19" na="6" noreg="0" coalicion="0" nulos="5" total="292" />
  <resultado seccion="0163" casilla="BA" simbolo="0" pan="4" pri="161" prd="149" pt="4" pvem="2" convergencia="6" na="0" noreg="0" coalicion="2" nulos="6" total="334" />
  <resultado seccion="0163" casilla="C1" simbolo="0" pan="4" pri="155" prd="170" pt="2" pvem="1" convergencia="11" na="2" noreg="0" coalicion="0" nulos="5" total="350" />
  <resultado seccion="0163" casilla="C2" simbolo="0" pan="2" pri="128" prd="156" pt="5" pvem="5" convergencia="20" na="4" noreg="0" coalicion="1" nulos="8" total="329" />
  <resultado seccion="0167" casilla="BA" simbolo="0" pan="8" pri="117" prd="92" pt="2" pvem="4" convergencia="14" na="1" noreg="2" coalicion="0" nulos="8" total="248" />
</detallado>