﻿<detallado distrito="III" nombre="CENTLA" listanominal="63,583" pan="10,732" pri="16,574" prd="9,762" pt="758" pvem="1,224" convergencia="179" na="833" noreg="30" coalicion="216" nulos="1,154" votaciontotal="41,462">
  <resultado seccion="0168" casilla="BA" simbolo="0" pan="78" pri="117" prd="55" pt="4" pvem="4" convergencia="1" na="5" noreg="0" coalicion="1" nulos="7" total="272" />
  <resultado seccion="0168" casilla="C1" simbolo="0" pan="96" pri="103" prd="48" pt="12" pvem="9" convergencia="1" na="3" noreg="0" coalicion="0" nulos="0" total="272" />
  <resultado seccion="0169" casilla="BA" simbolo="0" pan="57" pri="204" prd="71" pt="5" pvem="4" convergencia="4" na="13" noreg="0" coalicion="0" nulos="0" total="358" />
  <resultado seccion="0169" casilla="C1" simbolo="0" pan="86" pri="200" prd="73" pt="6" pvem="4" convergencia="1" na="7" noreg="0" coalicion="0" nulos="0" total="377" />
  <resultado seccion="0169" casilla="C2" simbolo="0" pan="86" pri="167" prd="63" pt="6" pvem="11" convergencia="0" na="9" noreg="0" coalicion="3" nulos="10" total="355" />
  <resultado seccion="0170" casilla="BA" simbolo="0" pan="51" pri="140" prd="54" pt="17" pvem="11" convergencia="3" na="2" noreg="0" coalicion="0" nulos="14" total="292" />
  <resultado seccion="0170" casilla="C1" simbolo="0" pan="59" pri="140" prd="34" pt="13" pvem="4" convergencia="0" na="7" noreg="1" coalicion="2" nulos="6" total="266" />
  <resultado seccion="0171" casilla="BA" simbolo="0" pan="76" pri="156" prd="60" pt="11" pvem="7" convergencia="3" na="4" noreg="0" coalicion="5" nulos="10" total="332" />
  <resultado seccion="0171" casilla="C1" simbolo="0" pan="70" pri="157" prd="57" pt="17" pvem="9" convergencia="5" na="1" noreg="0" coalicion="1" nulos="10" total="327" />
  <resultado seccion="0172" casilla="BA" simbolo="0" pan="58" pri="201" prd="57" pt="44" pvem="10" convergencia="2" na="9" noreg="0" coalicion="3" nulos="15" total="399" />
  <resultado seccion="0173" casilla="BA" simbolo="0" pan="77" pri="177" prd="51" pt="45" pvem="24" convergencia="6" na="16" noreg="0" coalicion="2" nulos="12" total="410" />
  <resultado seccion="0173" casilla="ESMR" simbolo="0" pan="70" pri="169" prd="61" pt="9" pvem="12" convergencia="0" na="12" noreg="0" coalicion="1" nulos="16" total="350" />
  <resultado seccion="0173" casilla="ESRP" simbolo="0" pan="2" pri="13" prd="8" pt="2" pvem="1" convergencia="0" na="0" noreg="0" coalicion="0" nulos="0" total="26" />
  <resultado seccion="0174" casilla="BA" simbolo="0" pan="104" pri="183" prd="57" pt="34" pvem="22" convergencia="2" na="6" noreg="0" coalicion="0" nulos="8" total="416" />
  <resultado seccion="0175" casilla="BA" simbolo="0" pan="64" pri="139" prd="46" pt="21" pvem="10" convergencia="7" na="2" noreg="0" coalicion="2" nulos="9" total="300" />
  <resultado seccion="0175" casilla="C1" simbolo="0" pan="52" pri="143" prd="35" pt="25" pvem="6" convergencia="5" na="2" noreg="1" coalicion="2" nulos="9" total="280" />
  <resultado seccion="0176" casilla="BA" simbolo="0" pan="81" pri="171" prd="72" pt="10" pvem="6" convergencia="1" na="8" noreg="0" coalicion="3" nulos="9" total="361" />
  <resultado seccion="0176" casilla="C1" simbolo="0" pan="74" pri="179" prd="88" pt="10" pvem="6" convergencia="1" na="6" noreg="1" coalicion="3" nulos="7" total="375" />
  <resultado seccion="0177" casilla="BA" simbolo="0" pan="61" pri="133" prd="72" pt="16" pvem="10" convergencia="1" na="6" noreg="0" coalicion="0" nulos="16" total="315" />
  <resultado seccion="0177" casilla="C1" simbolo="0" pan="60" pri="137" prd="53" pt="6" pvem="6" convergencia="2" na="4" noreg="0" coalicion="2" nulos="17" total="287" />
  <resultado seccion="0177" casilla="C2" simbolo="0" pan="73" pri="150" prd="44" pt="9" pvem="6" convergencia="0" na="14" noreg="1" coalicion="1" nulos="11" total="309" />
  <resultado seccion="0178" casilla="BA" simbolo="0" pan="39" pri="133" prd="38" pt="11" pvem="9" convergencia="3" na="6" noreg="0" coalicion="1" nulos="7" total="247" />
  <resultado seccion="0178" casilla="C1" simbolo="0" pan="46" pri="115" prd="34" pt="8" pvem="6" convergencia="4" na="4" noreg="0" coalicion="0" nulos="2" total="219" />
  <resultado seccion="0179" casilla="BA" simbolo="0" pan="51" pri="137" prd="66" pt="5" pvem="7" convergencia="2" na="6" noreg="1" coalicion="3" nulos="12" total="290" />
  <resultado seccion="0179" casilla="C1" simbolo="0" pan="64" pri="146" prd="72" pt="8" pvem="4" convergencia="2" na="4" noreg="0" coalicion="0" nulos="10" total="310" />
  <resultado seccion="0179" casilla="C2" simbolo="0" pan="45" pri="122" prd="71" pt="3" pvem="8" convergencia="0" na="5" noreg="0" coalicion="3" nulos="5" total="262" />
  <resultado seccion="0180" casilla="BA" simbolo="0" pan="65" pri="191" prd="62" pt="22" pvem="20" convergencia="5" na="9" noreg="0" coalicion="1" nulos="0" total="375" />
  <resultado seccion="0180" casilla="C1" simbolo="0" pan="76" pri="177" prd="55" pt="28" pvem="22" convergencia="0" na="9" noreg="1" coalicion="1" nulos="17" total="386" />
  <resultado seccion="0181" casilla="BA" simbolo="0" pan="110" pri="164" prd="82" pt="6" pvem="16" convergencia="1" na="7" noreg="0" coalicion="2" nulos="13" total="401" />
  <resultado seccion="0181" casilla="C1" simbolo="0" pan="168" pri="176" prd="71" pt="12" pvem="16" convergencia="3" na="6" noreg="0" coalicion="0" nulos="13" total="465" />
  <resultado seccion="0182" casilla="BA" simbolo="0" pan="53" pri="97" prd="85" pt="1" pvem="4" convergencia="0" na="7" noreg="0" coalicion="2" nulos="12" total="261" />
  <resultado seccion="0183" casilla="BA" simbolo="0" pan="108" pri="263" prd="106" pt="2" pvem="5" convergencia="2" na="0" noreg="0" coalicion="0" nulos="5" total="491" />
  <resultado seccion="0184" casilla="BA" simbolo="0" pan="45" pri="147" prd="65" pt="2" pvem="9" convergencia="1" na="6" noreg="0" coalicion="0" nulos="8" total="283" />
  <resultado seccion="0184" casilla="C1" simbolo="0" pan="69" pri="135" prd="56" pt="0" pvem="2" convergencia="0" na="10" noreg="0" coalicion="0" nulos="3" total="275" />
  <resultado seccion="0185" casilla="BA" simbolo="0" pan="40" pri="84" prd="83" pt="2" pvem="9" convergencia="0" na="2" noreg="0" coalicion="1" nulos="2" total="223" />
  <resultado seccion="0186" casilla="BA" simbolo="0" pan="54" pri="166" prd="105" pt="4" pvem="3" convergencia="0" na="7" noreg="0" coalicion="1" nulos="60" total="400" />
  <resultado seccion="0187" casilla="BA" simbolo="0" pan="18" pri="58" prd="30" pt="1" pvem="3" convergencia="0" na="6" noreg="0" coalicion="1" nulos="1" total="118" />
  <resultado seccion="0188" casilla="BA" simbolo="0" pan="33" pri="27" prd="19" pt="1" pvem="2" convergencia="0" na="4" noreg="0" coalicion="0" nulos="0" total="86" />
  <resultado seccion="0188" casilla="EX" simbolo="0" pan="2" pri="51" prd="36" pt="0" pvem="0" convergencia="0" na="0" noreg="0" coalicion="0" nulos="3" total="92" />
  <resultado seccion="0189" casilla="BA" simbolo="0" pan="100" pri="126" prd="91" pt="6" pvem="12" convergencia="0" na="7" noreg="14" coalicion="1" nulos="14" total="371" />
  <resultado seccion="0189" casilla="C1" simbolo="0" pan="86" pri="125" prd="91" pt="1" pvem="12" convergencia="2" na="9" noreg="0" coalicion="0" nulos="10" total="336" />
  <resultado seccion="0190" casilla="BA" simbolo="0" pan="203" pri="164" prd="110" pt="3" pvem="11" convergencia="0" na="3" noreg="0" coalicion="0" nulos="4" total="498" />
  <resultado seccion="0191" casilla="BA" simbolo="0" pan="33" pri="157" prd="83" pt="3" pvem="14" convergencia="0" na="1" noreg="0" coalicion="0" nulos="0" total="291" />
  <resultado seccion="0192" casilla="BA" simbolo="0" pan="64" pri="133" prd="110" pt="7" pvem="17" convergencia="2" na="7" noreg="0" coalicion="0" nulos="9" total="349" />
  <resultado seccion="0192" casilla="C1" simbolo="0" pan="73" pri="149" prd="99" pt="6" pvem="13" convergencia="1" na="1" noreg="0" coalicion="0" nulos="5" total="347" />
  <resultado seccion="0192" casilla="C2" simbolo="0" pan="66" pri="145" prd="105" pt="8" pvem="21" convergencia="0" na="5" noreg="0" coalicion="1" nulos="8" total="359" />
  <resultado seccion="0193" casilla="BA" simbolo="0" pan="54" pri="141" prd="54" pt="6" pvem="2" convergencia="0" na="2" noreg="0" coalicion="1" nulos="14" total="274" />
  <resultado seccion="0194" casilla="BA" simbolo="0" pan="114" pri="119" prd="95" pt="4" pvem="5" convergencia="0" na="0" noreg="0" coalicion="7" nulos="6" total="350" />
  <resultado seccion="0195" casilla="BA" simbolo="0" pan="129" pri="175" prd="44" pt="0" pvem="0" convergencia="1" na="16" noreg="0" coalicion="0" nulos="8" total="373" />
  <resultado seccion="0196" casilla="BA" simbolo="0" pan="83" pri="141" prd="80" pt="7" pvem="19" convergencia="0" na="1" noreg="0" coalicion="2" nulos="13" total="346" />
  <resultado seccion="0196" casilla="C1" simbolo="0" pan="104" pri="158" prd="59" pt="12" pvem="16" convergencia="0" na="0" noreg="0" coalicion="0" nulos="18" total="367" />
  <resultado seccion="0196" casilla="C2" simbolo="0" pan="91" pri="131" prd="102" pt="14" pvem="12" convergencia="0" na="2" noreg="0" coalicion="0" nulos="29" total="381" />
  <resultado seccion="0197" casilla="BA" simbolo="0" pan="95" pri="199" prd="106" pt="3" pvem="16" convergencia="2" na="0" noreg="1" coalicion="0" nulos="21" total="443" />
  <resultado seccion="0197" casilla="C1" simbolo="0" pan="101" pri="159" prd="125" pt="1" pvem="15" convergencia="0" na="0" noreg="0" coalicion="0" nulos="19" total="420" />
  <resultado seccion="0198" casilla="BA" simbolo="0" pan="117" pri="123" prd="121" pt="2" pvem="3" convergencia="1" na="0" noreg="0" coalicion="0" nulos="12" total="379" />
  <resultado seccion="0198" casilla="C1" simbolo="0" pan="136" pri="133" prd="96" pt="3" pvem="1" convergencia="1" na="0" noreg="0" coalicion="0" nulos="0" total="370" />
  <resultado seccion="0199" casilla="BA" simbolo="0" pan="215" pri="175" prd="57" pt="0" pvem="19" convergencia="4" na="3" noreg="0" coalicion="0" nulos="6" total="479" />
  <resultado seccion="0200" casilla="BA" simbolo="0" pan="149" pri="185" prd="90" pt="6" pvem="8" convergencia="12" na="12" noreg="0" coalicion="1" nulos="7" total="470" />
  <resultado seccion="0200" casilla="C1" simbolo="0" pan="145" pri="180" prd="120" pt="1" pvem="7" convergencia="0" na="5" noreg="0" coalicion="2" nulos="12" total="472" />
  <resultado seccion="0201" casilla="BA" simbolo="0" pan="125" pri="150" prd="100" pt="29" pvem="26" convergencia="0" na="10" noreg="1" coalicion="0" nulos="14" total="455" />
  <resultado seccion="0201" casilla="C1" simbolo="0" pan="73" pri="75" prd="111" pt="1" pvem="20" convergencia="0" na="5" noreg="0" coalicion="0" nulos="0" total="285" />
  <resultado seccion="0202" casilla="BA" simbolo="0" pan="57" pri="96" prd="137" pt="2" pvem="8" convergencia="0" na="8" noreg="0" coalicion="0" nulos="11" total="319" />
  <resultado seccion="0202" casilla="C1" simbolo="0" pan="73" pri="75" prd="111" pt="1" pvem="20" convergencia="0" na="5" noreg="0" coalicion="0" nulos="8" total="293" />
  <resultado seccion="0202" casilla="C2" simbolo="0" pan="92" pri="97" prd="101" pt="2" pvem="7" convergencia="0" na="8" noreg="0" coalicion="0" nulos="12" total="319" />
  <resultado seccion="0203" casilla="BA" simbolo="0" pan="147" pri="113" prd="91" pt="0" pvem="7" convergencia="0" na="18" noreg="0" coalicion="0" nulos="4" total="380" />
  <resultado seccion="0203" casilla="C1" simbolo="0" pan="108" pri="122" prd="104" pt="1" pvem="7" convergencia="0" na="6" noreg="0" coalicion="128" nulos="5" total="481" />
  <resultado seccion="0203" casilla="C2" simbolo="0" pan="131" pri="125" prd="63" pt="1" pvem="8" convergencia="1" na="9" noreg="0" coalicion="1" nulos="8" total="347" />
  <resultado seccion="0204" casilla="BA" simbolo="0" pan="181" pri="158" prd="81" pt="8" pvem="13" convergencia="1" na="9" noreg="0" coalicion="0" nulos="3" total="454" />
  <resultado seccion="0204" casilla="C1" simbolo="0" pan="181" pri="137" prd="74" pt="2" pvem="6" convergencia="0" na="20" noreg="0" coalicion="0" nulos="11" total="431" />
  <resultado seccion="0204" casilla="C2" simbolo="0" pan="197" pri="157" prd="84" pt="2" pvem="7" convergencia="0" na="8" noreg="0" coalicion="3" nulos="7" total="465" />
  <resultado seccion="0205" casilla="BA" simbolo="0" pan="162" pri="150" prd="55" pt="8" pvem="2" convergencia="0" na="6" noreg="0" coalicion="2" nulos="4" total="389" />
  <resultado seccion="0205" casilla="C1" simbolo="2" pan="144" pri="149" prd="66" pt="9" pvem="2" convergencia="0" na="10" noreg="5" coalicion="0" nulos="5" total="390" />
  <resultado seccion="0206" casilla="BA" simbolo="0" pan="184" pri="197" prd="93" pt="2" pvem="7" convergencia="1" na="8" noreg="0" coalicion="0" nulos="10" total="502" />
  <resultado seccion="0206" casilla="C1" simbolo="0" pan="214" pri="159" prd="92" pt="5" pvem="7" convergencia="1" na="7" noreg="0" coalicion="1" nulos="21" total="507" />
  <resultado seccion="0207" casilla="BA" simbolo="0" pan="164" pri="182" prd="94" pt="4" pvem="21" convergencia="3" na="27" noreg="0" coalicion="3" nulos="9" total="507" />
  <resultado seccion="0207" casilla="C1" simbolo="0" pan="151" pri="199" prd="101" pt="6" pvem="13" convergencia="2" na="24" noreg="2" coalicion="0" nulos="0" total="498" />
  <resultado seccion="0208" casilla="BA" simbolo="0" pan="136" pri="125" prd="59" pt="7" pvem="21" convergencia="1" na="9" noreg="0" coalicion="1" nulos="11" total="370" />
  <resultado seccion="0208" casilla="C1" simbolo="0" pan="136" pri="148" prd="56" pt="4" pvem="27" convergencia="0" na="15" noreg="0" coalicion="0" nulos="12" total="398" />
  <resultado seccion="0209" casilla="BA" simbolo="0" pan="62" pri="132" prd="155" pt="1" pvem="3" convergencia="0" na="16" noreg="0" coalicion="0" nulos="8" total="377" />
  <resultado seccion="0209" casilla="C1" simbolo="0" pan="97" pri="126" prd="123" pt="2" pvem="8" convergencia="0" na="15" noreg="0" coalicion="1" nulos="2" total="374" />
  <resultado seccion="0209" casilla="C2" simbolo="0" pan="70" pri="176" prd="151" pt="3" pvem="7" convergencia="1" na="0" noreg="1" coalicion="0" nulos="15" total="424" />
  <resultado seccion="0210" casilla="BA" simbolo="0" pan="118" pri="162" prd="89" pt="6" pvem="8" convergencia="0" na="10" noreg="0" coalicion="0" nulos="4" total="397" />
  <resultado seccion="0210" casilla="C1" simbolo="0" pan="78" pri="157" prd="123" pt="2" pvem="5" convergencia="0" na="3" noreg="0" coalicion="0" nulos="10" total="378" />
  <resultado seccion="0210" casilla="C2" simbolo="0" pan="83" pri="166" prd="95" pt="0" pvem="11" convergencia="0" na="13" noreg="0" coalicion="2" nulos="9" total="379" />
  <resultado seccion="0211" casilla="BA" simbolo="0" pan="88" pri="146" prd="70" pt="1" pvem="4" convergencia="1" na="8" noreg="0" coalicion="0" nulos="8" total="326" />
  <resultado seccion="0211" casilla="C1" simbolo="0" pan="87" pri="163" prd="48" pt="1" pvem="9" convergencia="0" na="20" noreg="0" coalicion="1" nulos="9" total="338" />
  <resultado seccion="0211" casilla="C2" simbolo="0" pan="81" pri="137" prd="63" pt="2" pvem="11" convergencia="0" na="24" noreg="0" coalicion="0" nulos="7" total="325" />
  <resultado seccion="0212" casilla="BA" simbolo="0" pan="71" pri="146" prd="78" pt="4" pvem="18" convergencia="0" na="6" noreg="0" coalicion="0" nulos="8" total="331" />
  <resultado seccion="0212" casilla="C1" simbolo="0" pan="62" pri="141" prd="82" pt="6" pvem="12" convergencia="0" na="10" noreg="0" coalicion="1" nulos="9" total="323" />
  <resultado seccion="0213" casilla="BA" simbolo="0" pan="73" pri="177" prd="115" pt="4" pvem="8" convergencia="2" na="5" noreg="0" coalicion="0" nulos="2" total="386" />
  <resultado seccion="0213" casilla="C1" simbolo="0" pan="66" pri="188" prd="95" pt="17" pvem="10" convergencia="2" na="11" noreg="0" coalicion="0" nulos="9" total="398" />
  <resultado seccion="0214" casilla="BA" simbolo="0" pan="60" pri="163" prd="181" pt="8" pvem="24" convergencia="0" na="6" noreg="0" coalicion="0" nulos="15" total="457" />
  <resultado seccion="0214" casilla="C1" simbolo="0" pan="39" pri="149" prd="175" pt="3" pvem="27" convergencia="1" na="9" noreg="0" coalicion="0" nulos="14" total="417" />
  <resultado seccion="0215" casilla="BA" simbolo="0" pan="3" pri="58" prd="40" pt="2" pvem="10" convergencia="0" na="1" noreg="0" coalicion="0" nulos="0" total="114" />
  <resultado seccion="0216" casilla="BA" simbolo="0" pan="79" pri="134" prd="150" pt="10" pvem="27" convergencia="9" na="7" noreg="0" coalicion="1" nulos="11" total="428" />
  <resultado seccion="0216" casilla="C1" simbolo="0" pan="71" pri="141" prd="122" pt="4" pvem="17" convergencia="9" na="2" noreg="0" coalicion="0" nulos="30" total="396" />
  <resultado seccion="0217" casilla="BA" simbolo="0" pan="151" pri="90" prd="52" pt="2" pvem="7" convergencia="1" na="2" noreg="0" coalicion="0" nulos="5" total="310" />
  <resultado seccion="0217" casilla="C1" simbolo="2" pan="99" pri="122" prd="63" pt="2" pvem="13" convergencia="0" na="1" noreg="0" coalicion="0" nulos="2" total="302" />
  <resultado seccion="0218" casilla="BA" simbolo="0" pan="74" pri="60" prd="63" pt="0" pvem="6" convergencia="0" na="4" noreg="0" coalicion="0" nulos="5" total="212" />
  <resultado seccion="0219" casilla="BA" simbolo="0" pan="59" pri="42" prd="64" pt="0" pvem="2" convergencia="1" na="4" noreg="0" coalicion="0" nulos="4" total="176" />
  <resultado seccion="0220" casilla="BA" simbolo="0" pan="158" pri="118" prd="55" pt="0" pvem="6" convergencia="0" na="17" noreg="0" coalicion="1" nulos="3" total="358" />
  <resultado seccion="0220" casilla="C1" simbolo="0" pan="158" pri="139" prd="64" pt="0" pvem="2" convergencia="0" na="12" noreg="0" coalicion="0" nulos="9" total="384" />
  <resultado seccion="0221" casilla="BA" simbolo="0" pan="162" pri="166" prd="61" pt="3" pvem="2" convergencia="3" na="14" noreg="0" coalicion="0" nulos="26" total="437" />
  <resultado seccion="0222" casilla="BA" simbolo="0" pan="153" pri="209" prd="54" pt="7" pvem="3" convergencia="1" na="12" noreg="0" coalicion="0" nulos="14" total="453" />
  <resultado seccion="0222" casilla="C1" simbolo="0" pan="166" pri="191" prd="78" pt="2" pvem="6" convergencia="0" na="18" noreg="0" coalicion="1" nulos="25" total="487" />
  <resultado seccion="0223" casilla="BA" simbolo="0" pan="69" pri="152" prd="146" pt="2" pvem="12" convergencia="5" na="4" noreg="0" coalicion="1" nulos="12" total="403" />
  <resultado seccion="0223" casilla="C1" simbolo="0" pan="60" pri="146" prd="110" pt="2" pvem="17" convergencia="1" na="7" noreg="0" coalicion="0" nulos="14" total="357" />
  <resultado seccion="0223" casilla="C2" simbolo="0" pan="65" pri="164" prd="119" pt="5" pvem="8" convergencia="6" na="3" noreg="0" coalicion="0" nulos="16" total="386" />
  <resultado seccion="0224" casilla="BA" simbolo="0" pan="83" pri="198" prd="143" pt="2" pvem="12" convergencia="19" na="3" noreg="0" coalicion="0" nulos="29" total="489" />
  <resultado seccion="0224" casilla="C1" simbolo="0" pan="92" pri="250" prd="127" pt="1" pvem="17" convergencia="7" na="0" noreg="0" coalicion="0" nulos="0" total="494" />
  <resultado seccion="0225" casilla="BA" simbolo="0" pan="42" pri="269" prd="163" pt="2" pvem="27" convergencia="3" na="9" noreg="0" coalicion="0" nulos="7" total="522" />
  <resultado seccion="0226" casilla="BA" simbolo="0" pan="63" pri="62" prd="64" pt="4" pvem="12" convergencia="0" na="4" noreg="0" coalicion="4" nulos="2" total="215" />
  <resultado seccion="0227" casilla="BA" simbolo="0" pan="91" pri="71" prd="130" pt="10" pvem="17" convergencia="1" na="15" noreg="0" coalicion="2" nulos="25" total="362" />
  <resultado seccion="0227" casilla="C1" simbolo="0" pan="93" pri="85" prd="138" pt="6" pvem="15" convergencia="2" na="5" noreg="0" coalicion="0" nulos="9" total="353" />
  <resultado seccion="0228" casilla="BA" simbolo="0" pan="98" pri="88" prd="87" pt="1" pvem="13" convergencia="0" na="4" noreg="0" coalicion="0" nulos="15" total="306" />
  <resultado seccion="0228" casilla="C1" simbolo="0" pan="78" pri="86" prd="69" pt="2" pvem="30" convergencia="0" na="8" noreg="0" coalicion="0" nulos="17" total="290" />
  <resultado seccion="0229" casilla="BA" simbolo="0" pan="5" pri="28" prd="17" pt="2" pvem="0" convergencia="0" na="0" noreg="0" coalicion="0" nulos="2" total="54" />
  <resultado seccion="0230" casilla="BA" simbolo="0" pan="15" pri="7" prd="31" pt="0" pvem="0" convergencia="0" na="1" noreg="0" coalicion="0" nulos="2" total="56" />
  <resultado seccion="0230" casilla="EX" simbolo="0" pan="15" pri="24" prd="24" pt="3" pvem="0" convergencia="0" na="0" noreg="0" coalicion="0" nulos="1" total="67" />
  <resultado seccion="0231" casilla="BA" simbolo="0" pan="86" pri="80" prd="87" pt="1" pvem="0" convergencia="0" na="0" noreg="0" coalicion="0" nulos="11" total="265" />
</detallado>