﻿<detallado distrito="IV" nombre="CENTRO NORTE" listanominal="93,735" pan="1,553" pri="19,611" prd="15,770" pt="340" pvem="1,398" convergencia="369" na="700" noreg="61" coalicion="169" nulos="1,249" votaciontotal="41,220">
  <resultado seccion="0237" casilla="BA" simbolo="0" pan="4" pri="159" prd="102" pt="2" pvem="12" convergencia="3" na="5" noreg="0" coalicion="0" nulos="5" total="292" />
  <resultado seccion="0237" casilla="C1" simbolo="0" pan="7" pri="133" prd="124" pt="3" pvem="9" convergencia="3" na="1" noreg="0" coalicion="0" nulos="0" total="280" />
  <resultado seccion="0237" casilla="C2" simbolo="0" pan="5" pri="153" prd="112" pt="0" pvem="13" convergencia="1" na="1" noreg="11" coalicion="0" nulos="0" total="296" />
  <resultado seccion="0237" casilla="C3" simbolo="0" pan="7" pri="158" prd="97" pt="4" pvem="5" convergencia="3" na="2" noreg="0" coalicion="2" nulos="7" total="285" />
  <resultado seccion="0238" casilla="BA" simbolo="0" pan="4" pri="128" prd="105" pt="3" pvem="6" convergencia="2" na="1" noreg="1" coalicion="1" nulos="6" total="257" />
  <resultado seccion="0238" casilla="C1" simbolo="0" pan="7" pri="133" prd="102" pt="1" pvem="7" convergencia="1" na="5" noreg="0" coalicion="0" nulos="0" total="256" />
  <resultado seccion="0238" casilla="C2" simbolo="0" pan="5" pri="138" prd="133" pt="2" pvem="4" convergencia="1" na="7" noreg="0" coalicion="0" nulos="5" total="295" />
  <resultado seccion="0245" casilla="BA" simbolo="0" pan="6" pri="168" prd="115" pt="3" pvem="7" convergencia="7" na="5" noreg="0" coalicion="0" nulos="7" total="318" />
  <resultado seccion="0245" casilla="C1" simbolo="0" pan="8" pri="149" prd="127" pt="3" pvem="5" convergencia="8" na="0" noreg="0" coalicion="0" nulos="22" total="322" />
  <resultado seccion="0245" casilla="C2" simbolo="0" pan="11" pri="130" prd="140" pt="1" pvem="10" convergencia="6" na="6" noreg="1" coalicion="1" nulos="5" total="311" />
  <resultado seccion="0246" casilla="BA" simbolo="0" pan="6" pri="137" prd="122" pt="0" pvem="3" convergencia="4" na="6" noreg="0" coalicion="0" nulos="10" total="288" />
  <resultado seccion="0246" casilla="C1" simbolo="0" pan="4" pri="149" prd="104" pt="5" pvem="3" convergencia="6" na="12" noreg="1" coalicion="0" nulos="5" total="289" />
  <resultado seccion="0247" casilla="BA" simbolo="0" pan="5" pri="141" prd="61" pt="1" pvem="5" convergencia="0" na="4" noreg="0" coalicion="2" nulos="5" total="224" />
  <resultado seccion="0247" casilla="C1" simbolo="0" pan="5" pri="126" prd="78" pt="1" pvem="9" convergencia="4" na="3" noreg="0" coalicion="1" nulos="6" total="233" />
  <resultado seccion="0249" casilla="BA" simbolo="0" pan="16" pri="126" prd="93" pt="3" pvem="8" convergencia="1" na="3" noreg="0" coalicion="1" nulos="9" total="260" />
  <resultado seccion="0249" casilla="C1" simbolo="0" pan="9" pri="117" prd="96" pt="3" pvem="9" convergencia="5" na="2" noreg="0" coalicion="2" nulos="10" total="253" />
  <resultado seccion="0249" casilla="C2" simbolo="0" pan="4" pri="120" prd="92" pt="1" pvem="9" convergencia="0" na="4" noreg="0" coalicion="0" nulos="8" total="238" />
  <resultado seccion="0249" casilla="C3" simbolo="0" pan="11" pri="123" prd="122" pt="8" pvem="8" convergencia="1" na="4" noreg="0" coalicion="0" nulos="9" total="286" />
  <resultado seccion="0249" casilla="C4" simbolo="0" pan="10" pri="143" prd="102" pt="1" pvem="9" convergencia="3" na="3" noreg="0" coalicion="0" nulos="0" total="271" />
  <resultado seccion="0249" casilla="C5" simbolo="0" pan="5" pri="129" prd="114" pt="8" pvem="7" convergencia="0" na="0" noreg="0" coalicion="0" nulos="10" total="273" />
  <resultado seccion="0249" casilla="C6" simbolo="0" pan="17" pri="136" prd="107" pt="3" pvem="11" convergencia="2" na="4" noreg="1" coalicion="1" nulos="4" total="286" />
  <resultado seccion="0250" casilla="BA" simbolo="0" pan="27" pri="166" prd="92" pt="3" pvem="14" convergencia="2" na="2" noreg="1" coalicion="1" nulos="8" total="316" />
  <resultado seccion="0250" casilla="C1" simbolo="0" pan="21" pri="186" prd="98" pt="0" pvem="10" convergencia="2" na="8" noreg="0" coalicion="4" nulos="12" total="341" />
  <resultado seccion="0255" casilla="BA" simbolo="0" pan="19" pri="161" prd="102" pt="1" pvem="5" convergencia="2" na="6" noreg="0" coalicion="1" nulos="8" total="305" />
  <resultado seccion="0255" casilla="C1" simbolo="0" pan="21" pri="166" prd="110" pt="4" pvem="6" convergencia="4" na="3" noreg="0" coalicion="0" nulos="9" total="323" />
  <resultado seccion="0258" casilla="BA" simbolo="0" pan="12" pri="150" prd="122" pt="3" pvem="20" convergencia="1" na="11" noreg="0" coalicion="1" nulos="14" total="334" />
  <resultado seccion="0259" casilla="BA" simbolo="0" pan="16" pri="152" prd="63" pt="1" pvem="7" convergencia="4" na="3" noreg="0" coalicion="1" nulos="12" total="259" />
  <resultado seccion="0259" casilla="C1" simbolo="0" pan="23" pri="135" prd="74" pt="4" pvem="13" convergencia="3" na="6" noreg="0" coalicion="2" nulos="13" total="273" />
  <resultado seccion="0261" casilla="BA" simbolo="0" pan="25" pri="174" prd="113" pt="0" pvem="5" convergencia="2" na="4" noreg="0" coalicion="0" nulos="21" total="344" />
  <resultado seccion="0261" casilla="C1" simbolo="0" pan="20" pri="170" prd="124" pt="1" pvem="8" convergencia="2" na="4" noreg="1" coalicion="0" nulos="8" total="338" />
  <resultado seccion="0262" casilla="BA" simbolo="0" pan="6" pri="151" prd="102" pt="5" pvem="15" convergencia="2" na="7" noreg="1" coalicion="3" nulos="5" total="297" />
  <resultado seccion="0262" casilla="C1" simbolo="0" pan="14" pri="147" prd="90" pt="0" pvem="20" convergencia="2" na="7" noreg="3" coalicion="2" nulos="8" total="293" />
  <resultado seccion="0263" casilla="BA" simbolo="0" pan="13" pri="121" prd="59" pt="2" pvem="8" convergencia="3" na="3" noreg="0" coalicion="1" nulos="0" total="210" />
  <resultado seccion="0264" casilla="BA" simbolo="0" pan="13" pri="151" prd="103" pt="0" pvem="2" convergencia="1" na="9" noreg="0" coalicion="4" nulos="6" total="289" />
  <resultado seccion="0264" casilla="C1" simbolo="0" pan="5" pri="149" prd="101" pt="3" pvem="5" convergencia="5" na="9" noreg="0" coalicion="3" nulos="5" total="285" />
  <resultado seccion="0265" casilla="BA" simbolo="0" pan="11" pri="116" prd="67" pt="5" pvem="4" convergencia="5" na="2" noreg="0" coalicion="0" nulos="8" total="218" />
  <resultado seccion="0265" casilla="C1" simbolo="0" pan="16" pri="102" prd="80" pt="0" pvem="6" convergencia="2" na="5" noreg="2" coalicion="1" nulos="9" total="223" />
  <resultado seccion="0266" casilla="BA" simbolo="0" pan="15" pri="113" prd="87" pt="3" pvem="13" convergencia="1" na="3" noreg="0" coalicion="0" nulos="4" total="239" />
  <resultado seccion="0269" casilla="BA" simbolo="0" pan="11" pri="136" prd="167" pt="1" pvem="12" convergencia="3" na="4" noreg="0" coalicion="0" nulos="14" total="348" />
  <resultado seccion="0269" casilla="C1" simbolo="0" pan="16" pri="124" prd="163" pt="0" pvem="9" convergencia="6" na="5" noreg="0" coalicion="1" nulos="8" total="332" />
  <resultado seccion="0270" casilla="BA" simbolo="0" pan="8" pri="156" prd="148" pt="1" pvem="16" convergencia="1" na="3" noreg="1" coalicion="0" nulos="11" total="345" />
  <resultado seccion="0270" casilla="C1" simbolo="0" pan="9" pri="161" prd="118" pt="1" pvem="1" convergencia="1" na="1" noreg="0" coalicion="1" nulos="17" total="310" />
  <resultado seccion="0271" casilla="BA" simbolo="0" pan="7" pri="67" prd="99" pt="0" pvem="5" convergencia="1" na="2" noreg="0" coalicion="0" nulos="6" total="187" />
  <resultado seccion="0271" casilla="C1" simbolo="0" pan="6" pri="77" prd="91" pt="3" pvem="7" convergencia="0" na="1" noreg="0" coalicion="0" nulos="5" total="190" />
  <resultado seccion="0272" casilla="BA" simbolo="0" pan="3" pri="95" prd="55" pt="0" pvem="6" convergencia="0" na="6" noreg="0" coalicion="0" nulos="5" total="170" />
  <resultado seccion="0272" casilla="C1" simbolo="0" pan="6" pri="71" prd="82" pt="0" pvem="0" convergencia="0" na="3" noreg="0" coalicion="2" nulos="6" total="170" />
  <resultado seccion="0277" casilla="BA" simbolo="0" pan="22" pri="149" prd="115" pt="1" pvem="12" convergencia="3" na="2" noreg="0" coalicion="0" nulos="14" total="318" />
  <resultado seccion="0277" casilla="C1" simbolo="0" pan="19" pri="115" prd="109" pt="0" pvem="14" convergencia="3" na="1" noreg="0" coalicion="2" nulos="8" total="271" />
  <resultado seccion="0278" casilla="BA" simbolo="0" pan="21" pri="114" prd="84" pt="2" pvem="6" convergencia="2" na="3" noreg="0" coalicion="0" nulos="10" total="242" />
  <resultado seccion="0278" casilla="C1" simbolo="0" pan="19" pri="138" prd="80" pt="0" pvem="16" convergencia="3" na="0" noreg="1" coalicion="3" nulos="8" total="268" />
  <resultado seccion="0279" casilla="BA" simbolo="0" pan="30" pri="150" prd="74" pt="3" pvem="8" convergencia="0" na="14" noreg="1" coalicion="4" nulos="12" total="296" />
  <resultado seccion="0280" casilla="BA" simbolo="0" pan="5" pri="148" prd="107" pt="0" pvem="9" convergencia="3" na="5" noreg="0" coalicion="0" nulos="0" total="277" />
  <resultado seccion="0280" casilla="C1" simbolo="0" pan="5" pri="150" prd="121" pt="2" pvem="14" convergencia="3" na="6" noreg="0" coalicion="1" nulos="9" total="311" />
  <resultado seccion="0282" casilla="BA" simbolo="0" pan="10" pri="113" prd="113" pt="3" pvem="11" convergencia="5" na="4" noreg="0" coalicion="0" nulos="8" total="267" />
  <resultado seccion="0282" casilla="C1" simbolo="0" pan="8" pri="126" prd="104" pt="2" pvem="13" convergencia="3" na="4" noreg="0" coalicion="0" nulos="7" total="267" />
  <resultado seccion="0283" casilla="BA" simbolo="0" pan="6" pri="143" prd="109" pt="4" pvem="11" convergencia="4" na="4" noreg="0" coalicion="0" nulos="0" total="281" />
  <resultado seccion="0283" casilla="C1" simbolo="0" pan="4" pri="129" prd="109" pt="6" pvem="10" convergencia="3" na="4" noreg="1" coalicion="1" nulos="12" total="279" />
  <resultado seccion="0284" casilla="BA" simbolo="0" pan="4" pri="61" prd="72" pt="2" pvem="3" convergencia="0" na="7" noreg="1" coalicion="0" nulos="0" total="150" />
  <resultado seccion="0284" casilla="C1" simbolo="0" pan="8" pri="88" prd="65" pt="0" pvem="6" convergencia="2" na="2" noreg="0" coalicion="1" nulos="4" total="176" />
  <resultado seccion="0285" casilla="BA" simbolo="0" pan="14" pri="150" prd="109" pt="0" pvem="7" convergencia="1" na="4" noreg="1" coalicion="5" nulos="13" total="304" />
  <resultado seccion="0286" casilla="BA" simbolo="0" pan="15" pri="108" prd="91" pt="2" pvem="4" convergencia="2" na="4" noreg="0" coalicion="0" nulos="10" total="236" />
  <resultado seccion="0286" casilla="C1" simbolo="0" pan="6" pri="98" prd="117" pt="2" pvem="7" convergencia="5" na="4" noreg="1" coalicion="1" nulos="6" total="247" />
  <resultado seccion="0287" casilla="BA" simbolo="0" pan="11" pri="94" prd="61" pt="0" pvem="3" convergencia="0" na="5" noreg="1" coalicion="0" nulos="0" total="175" />
  <resultado seccion="0287" casilla="C1" simbolo="0" pan="14" pri="104" prd="75" pt="2" pvem="2" convergencia="0" na="4" noreg="0" coalicion="0" nulos="6" total="207" />
  <resultado seccion="0288" casilla="BA" simbolo="0" pan="9" pri="96" prd="93" pt="1" pvem="14" convergencia="2" na="0" noreg="2" coalicion="0" nulos="11" total="228" />
  <resultado seccion="0288" casilla="C1" simbolo="0" pan="12" pri="91" prd="85" pt="2" pvem="9" convergencia="1" na="5" noreg="1" coalicion="2" nulos="9" total="217" />
  <resultado seccion="0288" casilla="ESMR" simbolo="0" pan="4" pri="66" prd="48" pt="1" pvem="2" convergencia="1" na="2" noreg="0" coalicion="0" nulos="4" total="128" />
  <resultado seccion="0288" casilla="ESRP" simbolo="0" pan="3" pri="26" prd="17" pt="1" pvem="0" convergencia="1" na="2" noreg="0" coalicion="0" nulos="5" total="55" />
  <resultado seccion="0289" casilla="BA" simbolo="0" pan="20" pri="93" prd="74" pt="0" pvem="5" convergencia="1" na="3" noreg="0" coalicion="2" nulos="8" total="206" />
  <resultado seccion="0289" casilla="C1" simbolo="0" pan="8" pri="91" prd="81" pt="1" pvem="7" convergencia="2" na="4" noreg="1" coalicion="2" nulos="11" total="208" />
  <resultado seccion="0291" casilla="BA" simbolo="0" pan="13" pri="104" prd="70" pt="1" pvem="8" convergencia="1" na="6" noreg="0" coalicion="1" nulos="0" total="204" />
  <resultado seccion="0291" casilla="C1" simbolo="0" pan="7" pri="129" prd="84" pt="4" pvem="6" convergencia="0" na="3" noreg="0" coalicion="0" nulos="0" total="233" />
  <resultado seccion="0291" casilla="C2" simbolo="0" pan="10" pri="106" prd="73" pt="3" pvem="11" convergencia="2" na="5" noreg="0" coalicion="0" nulos="6" total="216" />
  <resultado seccion="0293" casilla="BA" simbolo="0" pan="11" pri="112" prd="60" pt="2" pvem="8" convergencia="1" na="4" noreg="0" coalicion="1" nulos="3" total="202" />
  <resultado seccion="0293" casilla="C1" simbolo="0" pan="9" pri="84" prd="60" pt="3" pvem="6" convergencia="0" na="5" noreg="0" coalicion="1" nulos="7" total="175" />
  <resultado seccion="0294" casilla="BA" simbolo="0" pan="10" pri="109" prd="78" pt="2" pvem="5" convergencia="1" na="6" noreg="1" coalicion="2" nulos="6" total="220" />
  <resultado seccion="0294" casilla="C1" simbolo="0" pan="12" pri="112" prd="70" pt="1" pvem="0" convergencia="0" na="8" noreg="0" coalicion="1" nulos="2" total="206" />
  <resultado seccion="0295" casilla="BA" simbolo="0" pan="11" pri="68" prd="63" pt="3" pvem="6" convergencia="2" na="3" noreg="0" coalicion="1" nulos="5" total="162" />
  <resultado seccion="0295" casilla="C1" simbolo="0" pan="3" pri="72" prd="71" pt="6" pvem="9" convergencia="0" na="2" noreg="2" coalicion="1" nulos="8" total="174" />
  <resultado seccion="0296" casilla="BA" simbolo="0" pan="6" pri="101" prd="84" pt="0" pvem="4" convergencia="1" na="7" noreg="0" coalicion="2" nulos="9" total="214" />
  <resultado seccion="0296" casilla="C1" simbolo="0" pan="9" pri="120" prd="66" pt="1" pvem="4" convergencia="0" na="2" noreg="2" coalicion="0" nulos="7" total="211" />
  <resultado seccion="0297" casilla="BA" simbolo="0" pan="5" pri="89" prd="67" pt="4" pvem="5" convergencia="1" na="9" noreg="1" coalicion="0" nulos="4" total="185" />
  <resultado seccion="0297" casilla="C1" simbolo="0" pan="6" pri="91" prd="74" pt="5" pvem="6" convergencia="4" na="3" noreg="2" coalicion="0" nulos="5" total="196" />
  <resultado seccion="0298" casilla="BA" simbolo="0" pan="5" pri="88" prd="70" pt="0" pvem="8" convergencia="2" na="3" noreg="0" coalicion="0" nulos="5" total="181" />
  <resultado seccion="0299" casilla="BA" simbolo="0" pan="8" pri="128" prd="100" pt="3" pvem="13" convergencia="2" na="6" noreg="0" coalicion="1" nulos="4" total="265" />
  <resultado seccion="0299" casilla="C1" simbolo="0" pan="5" pri="127" prd="75" pt="2" pvem="7" convergencia="4" na="4" noreg="1" coalicion="3" nulos="0" total="228" />
  <resultado seccion="0300" casilla="BA" simbolo="0" pan="6" pri="88" prd="111" pt="0" pvem="9" convergencia="3" na="2" noreg="0" coalicion="0" nulos="9" total="228" />
  <resultado seccion="0300" casilla="C1" simbolo="0" pan="10" pri="91" prd="106" pt="1" pvem="5" convergencia="0" na="1" noreg="1" coalicion="1" nulos="2" total="218" />
  <resultado seccion="0301" casilla="BA" simbolo="0" pan="8" pri="68" prd="85" pt="0" pvem="13" convergencia="2" na="2" noreg="0" coalicion="0" nulos="8" total="186" />
  <resultado seccion="0301" casilla="C1" simbolo="0" pan="7" pri="81" prd="97" pt="3" pvem="6" convergencia="0" na="1" noreg="0" coalicion="2" nulos="11" total="208" />
  <resultado seccion="0305" casilla="BA" simbolo="0" pan="10" pri="88" prd="173" pt="0" pvem="3" convergencia="1" na="1" noreg="0" coalicion="0" nulos="13" total="289" />
  <resultado seccion="0305" casilla="C1" simbolo="0" pan="8" pri="92" prd="158" pt="2" pvem="6" convergencia="0" na="3" noreg="0" coalicion="0" nulos="13" total="282" />
  <resultado seccion="0306" casilla="BA" simbolo="0" pan="7" pri="135" prd="87" pt="2" pvem="8" convergencia="3" na="5" noreg="0" coalicion="11" nulos="11" total="269" />
  <resultado seccion="0306" casilla="C1" simbolo="0" pan="13" pri="106" prd="92" pt="1" pvem="10" convergencia="1" na="6" noreg="0" coalicion="1" nulos="5" total="235" />
  <resultado seccion="0307" casilla="BA" simbolo="0" pan="12" pri="119" prd="83" pt="4" pvem="11" convergencia="2" na="4" noreg="0" coalicion="2" nulos="5" total="242" />
  <resultado seccion="0307" casilla="C1" simbolo="0" pan="8" pri="135" prd="90" pt="3" pvem="7" convergencia="4" na="4" noreg="0" coalicion="1" nulos="11" total="263" />
  <resultado seccion="0308" casilla="BA" simbolo="0" pan="11" pri="233" prd="114" pt="0" pvem="18" convergencia="1" na="6" noreg="0" coalicion="3" nulos="6" total="392" />
  <resultado seccion="0310" casilla="BA" simbolo="0" pan="8" pri="108" prd="70" pt="4" pvem="4" convergencia="6" na="5" noreg="0" coalicion="3" nulos="12" total="220" />
  <resultado seccion="0310" casilla="C1" simbolo="0" pan="7" pri="114" prd="56" pt="6" pvem="11" convergencia="0" na="2" noreg="0" coalicion="1" nulos="9" total="206" />
  <resultado seccion="0311" casilla="BA" simbolo="0" pan="6" pri="87" prd="76" pt="3" pvem="5" convergencia="0" na="3" noreg="0" coalicion="1" nulos="15" total="196" />
  <resultado seccion="0311" casilla="C1" simbolo="0" pan="7" pri="100" prd="74" pt="2" pvem="8" convergencia="5" na="2" noreg="0" coalicion="0" nulos="3" total="201" />
  <resultado seccion="0312" casilla="BA" simbolo="0" pan="22" pri="84" prd="123" pt="0" pvem="13" convergencia="3" na="8" noreg="0" coalicion="0" nulos="9" total="262" />
  <resultado seccion="0312" casilla="C1" simbolo="0" pan="17" pri="114" prd="119" pt="6" pvem="10" convergencia="1" na="4" noreg="1" coalicion="0" nulos="10" total="282" />
  <resultado seccion="0313" casilla="BA" simbolo="0" pan="11" pri="70" prd="61" pt="2" pvem="5" convergencia="2" na="3" noreg="1" coalicion="3" nulos="4" total="162" />
  <resultado seccion="0313" casilla="C1" simbolo="0" pan="17" pri="84" prd="54" pt="1" pvem="6" convergencia="1" na="1" noreg="0" coalicion="0" nulos="9" total="173" />
  <resultado seccion="0316" casilla="BA" simbolo="0" pan="4" pri="87" prd="98" pt="1" pvem="4" convergencia="0" na="3" noreg="0" coalicion="0" nulos="6" total="203" />
  <resultado seccion="0316" casilla="C1" simbolo="0" pan="4" pri="99" prd="104" pt="2" pvem="6" convergencia="2" na="2" noreg="1" coalicion="3" nulos="15" total="238" />
  <resultado seccion="0317" casilla="BA" simbolo="0" pan="4" pri="92" prd="72" pt="2" pvem="6" convergencia="1" na="2" noreg="0" coalicion="0" nulos="6" total="185" />
  <resultado seccion="0317" casilla="C1" simbolo="0" pan="5" pri="95" prd="64" pt="4" pvem="12" convergencia="0" na="3" noreg="0" coalicion="1" nulos="0" total="184" />
  <resultado seccion="0318" casilla="BA" simbolo="0" pan="11" pri="113" prd="89" pt="1" pvem="8" convergencia="9" na="6" noreg="0" coalicion="0" nulos="7" total="244" />
  <resultado seccion="0324" casilla="BA" simbolo="0" pan="7" pri="142" prd="95" pt="2" pvem="6" convergencia="1" na="4" noreg="0" coalicion="0" nulos="7" total="264" />
  <resultado seccion="0324" casilla="C1" simbolo="0" pan="4" pri="129" prd="74" pt="1" pvem="5" convergencia="1" na="2" noreg="0" coalicion="0" nulos="8" total="224" />
  <resultado seccion="0325" casilla="BA" simbolo="0" pan="3" pri="94" prd="79" pt="3" pvem="18" convergencia="1" na="5" noreg="1" coalicion="0" nulos="2" total="206" />
  <resultado seccion="0325" casilla="C1" simbolo="0" pan="6" pri="86" prd="76" pt="1" pvem="15" convergencia="1" na="6" noreg="0" coalicion="0" nulos="7" total="198" />
  <resultado seccion="0326" casilla="BA" simbolo="0" pan="10" pri="87" prd="71" pt="1" pvem="5" convergencia="1" na="3" noreg="1" coalicion="0" nulos="1" total="180" />
  <resultado seccion="0326" casilla="C1" simbolo="0" pan="9" pri="83" prd="80" pt="2" pvem="2" convergencia="7" na="2" noreg="2" coalicion="0" nulos="8" total="195" />
  <resultado seccion="0327" casilla="BA" simbolo="0" pan="2" pri="72" prd="127" pt="1" pvem="7" convergencia="6" na="0" noreg="0" coalicion="0" nulos="0" total="215" />
  <resultado seccion="0327" casilla="C1" simbolo="0" pan="5" pri="75" prd="121" pt="0" pvem="7" convergencia="4" na="1" noreg="1" coalicion="1" nulos="7" total="222" />
  <resultado seccion="0328" casilla="BA" simbolo="0" pan="7" pri="103" prd="124" pt="5" pvem="5" convergencia="2" na="2" noreg="1" coalicion="0" nulos="7" total="256" />
  <resultado seccion="0328" casilla="C1" simbolo="0" pan="8" pri="105" prd="142" pt="4" pvem="5" convergencia="8" na="4" noreg="0" coalicion="2" nulos="8" total="286" />
  <resultado seccion="0329" casilla="BA" simbolo="0" pan="6" pri="112" prd="125" pt="1" pvem="17" convergencia="1" na="14" noreg="0" coalicion="0" nulos="10" total="286" />
  <resultado seccion="0329" casilla="C1" simbolo="0" pan="6" pri="120" prd="105" pt="0" pvem="15" convergencia="1" na="8" noreg="0" coalicion="2" nulos="4" total="261" />
  <resultado seccion="0330" casilla="BA" simbolo="0" pan="5" pri="102" prd="97" pt="1" pvem="13" convergencia="0" na="2" noreg="0" coalicion="2" nulos="6" total="228" />
  <resultado seccion="0330" casilla="C1" simbolo="0" pan="4" pri="95" prd="106" pt="0" pvem="17" convergencia="1" na="3" noreg="0" coalicion="1" nulos="7" total="234" />
  <resultado seccion="0331" casilla="BA" simbolo="0" pan="11" pri="182" prd="126" pt="1" pvem="34" convergencia="3" na="10" noreg="0" coalicion="1" nulos="18" total="386" />
  <resultado seccion="0336" casilla="BA" simbolo="0" pan="4" pri="177" prd="136" pt="1" pvem="6" convergencia="7" na="4" noreg="0" coalicion="2" nulos="11" total="348" />
  <resultado seccion="0338" casilla="BA" simbolo="0" pan="6" pri="125" prd="88" pt="1" pvem="9" convergencia="2" na="6" noreg="0" coalicion="1" nulos="11" total="249" />
  <resultado seccion="0338" casilla="C1" simbolo="0" pan="8" pri="153" prd="73" pt="3" pvem="12" convergencia="1" na="5" noreg="2" coalicion="2" nulos="7" total="266" />
  <resultado seccion="0339" casilla="BA" simbolo="0" pan="8" pri="133" prd="123" pt="4" pvem="14" convergencia="0" na="2" noreg="0" coalicion="0" nulos="6" total="290" />
  <resultado seccion="0340" casilla="BA" simbolo="0" pan="13" pri="130" prd="108" pt="2" pvem="7" convergencia="1" na="7" noreg="0" coalicion="1" nulos="13" total="282" />
  <resultado seccion="0340" casilla="C1" simbolo="0" pan="8" pri="113" prd="111" pt="2" pvem="23" convergencia="3" na="5" noreg="0" coalicion="1" nulos="14" total="280" />
  <resultado seccion="0341" casilla="BA" simbolo="0" pan="5" pri="97" prd="58" pt="0" pvem="7" convergencia="2" na="3" noreg="0" coalicion="1" nulos="5" total="178" />
  <resultado seccion="0341" casilla="C1" simbolo="0" pan="4" pri="81" prd="79" pt="2" pvem="9" convergencia="1" na="4" noreg="0" coalicion="3" nulos="3" total="186" />
  <resultado seccion="0342" casilla="BA" simbolo="0" pan="13" pri="80" prd="89" pt="4" pvem="6" convergencia="3" na="5" noreg="1" coalicion="0" nulos="2" total="203" />
  <resultado seccion="0342" casilla="C1" simbolo="0" pan="5" pri="112" prd="75" pt="1" pvem="11" convergencia="1" na="4" noreg="0" coalicion="2" nulos="8" total="219" />
  <resultado seccion="0343" casilla="BA" simbolo="0" pan="7" pri="127" prd="94" pt="0" pvem="19" convergencia="2" na="2" noreg="0" coalicion="2" nulos="11" total="264" />
  <resultado seccion="0343" casilla="C1" simbolo="0" pan="12" pri="114" prd="112" pt="0" pvem="15" convergencia="0" na="4" noreg="1" coalicion="1" nulos="7" total="266" />
  <resultado seccion="0348" casilla="BA" simbolo="0" pan="2" pri="114" prd="81" pt="3" pvem="8" convergencia="4" na="4" noreg="0" coalicion="1" nulos="7" total="224" />
  <resultado seccion="0348" casilla="C1" simbolo="0" pan="6" pri="112" prd="71" pt="4" pvem="6" convergencia="2" na="1" noreg="0" coalicion="0" nulos="7" total="209" />
  <resultado seccion="0349" casilla="BA" simbolo="0" pan="11" pri="92" prd="78" pt="1" pvem="5" convergencia="3" na="4" noreg="0" coalicion="0" nulos="9" total="203" />
  <resultado seccion="0349" casilla="C1" simbolo="0" pan="12" pri="104" prd="79" pt="0" pvem="9" convergencia="2" na="3" noreg="1" coalicion="1" nulos="2" total="213" />
  <resultado seccion="0353" casilla="BA" simbolo="0" pan="9" pri="117" prd="78" pt="5" pvem="6" convergencia="1" na="5" noreg="0" coalicion="0" nulos="9" total="230" />
  <resultado seccion="0353" casilla="C1" simbolo="0" pan="9" pri="134" prd="77" pt="2" pvem="7" convergencia="2" na="13" noreg="0" coalicion="0" nulos="12" total="256" />
  <resultado seccion="0365" casilla="BA" simbolo="0" pan="3" pri="109" prd="61" pt="1" pvem="10" convergencia="2" na="12" noreg="0" coalicion="2" nulos="2" total="202" />
  <resultado seccion="0365" casilla="C1" simbolo="0" pan="16" pri="99" prd="82" pt="2" pvem="5" convergencia="2" na="6" noreg="0" coalicion="2" nulos="9" total="223" />
  <resultado seccion="0366" casilla="BA" simbolo="0" pan="6" pri="119" prd="84" pt="4" pvem="10" convergencia="3" na="11" noreg="0" coalicion="2" nulos="6" total="245" />
  <resultado seccion="0366" casilla="C1" simbolo="0" pan="8" pri="113" prd="83" pt="1" pvem="12" convergencia="3" na="5" noreg="0" coalicion="0" nulos="6" total="231" />
  <resultado seccion="0367" casilla="BA" simbolo="0" pan="4" pri="137" prd="79" pt="3" pvem="9" convergencia="2" na="5" noreg="0" coalicion="2" nulos="7" total="248" />
  <resultado seccion="0367" casilla="C1" simbolo="0" pan="14" pri="111" prd="79" pt="1" pvem="6" convergencia="0" na="2" noreg="0" coalicion="3" nulos="11" total="227" />
  <resultado seccion="0368" casilla="BA" simbolo="0" pan="6" pri="155" prd="125" pt="6" pvem="18" convergencia="6" na="7" noreg="0" coalicion="1" nulos="22" total="346" />
  <resultado seccion="0368" casilla="C1" simbolo="0" pan="17" pri="134" prd="129" pt="4" pvem="17" convergencia="1" na="6" noreg="0" coalicion="1" nulos="11" total="320" />
  <resultado seccion="0375" casilla="BA" simbolo="0" pan="4" pri="104" prd="89" pt="1" pvem="6" convergencia="6" na="5" noreg="0" coalicion="0" nulos="8" total="223" />
  <resultado seccion="0375" casilla="C1" simbolo="0" pan="4" pri="103" prd="92" pt="2" pvem="4" convergencia="4" na="4" noreg="0" coalicion="1" nulos="7" total="221" />
  <resultado seccion="0376" casilla="BA" simbolo="0" pan="9" pri="152" prd="83" pt="4" pvem="5" convergencia="2" na="4" noreg="0" coalicion="1" nulos="7" total="267" />
  <resultado seccion="0376" casilla="C1" simbolo="0" pan="5" pri="128" prd="105" pt="0" pvem="9" convergencia="2" na="5" noreg="1" coalicion="1" nulos="12" total="268" />
  <resultado seccion="0392" casilla="BA" simbolo="0" pan="17" pri="119" prd="113" pt="4" pvem="3" convergencia="4" na="3" noreg="0" coalicion="0" nulos="9" total="272" />
  <resultado seccion="0392" casilla="C1" simbolo="0" pan="10" pri="97" prd="82" pt="1" pvem="4" convergencia="2" na="6" noreg="0" coalicion="1" nulos="9" total="212" />
  <resultado seccion="0393" casilla="BA" simbolo="0" pan="7" pri="116" prd="79" pt="3" pvem="0" convergencia="3" na="4" noreg="0" coalicion="0" nulos="4" total="216" />
  <resultado seccion="0393" casilla="C1" simbolo="0" pan="9" pri="115" prd="87" pt="0" pvem="3" convergencia="1" na="1" noreg="0" coalicion="1" nulos="5" total="222" />
  <resultado seccion="0393" casilla="C2" simbolo="0" pan="3" pri="98" prd="110" pt="3" pvem="13" convergencia="1" na="3" noreg="0" coalicion="1" nulos="3" total="235" />
  <resultado seccion="0394" casilla="BA" simbolo="0" pan="4" pri="112" prd="111" pt="2" pvem="6" convergencia="1" na="2" noreg="0" coalicion="4" nulos="7" total="249" />
  <resultado seccion="0394" casilla="C1" simbolo="0" pan="7" pri="105" prd="100" pt="2" pvem="4" convergencia="3" na="2" noreg="0" coalicion="6" nulos="11" total="240" />
  <resultado seccion="0400" casilla="BA" simbolo="0" pan="8" pri="118" prd="93" pt="5" pvem="4" convergencia="1" na="2" noreg="0" coalicion="0" nulos="7" total="238" />
  <resultado seccion="0400" casilla="C1" simbolo="0" pan="4" pri="127" prd="104" pt="2" pvem="8" convergencia="1" na="1" noreg="0" coalicion="2" nulos="7" total="256" />
  <resultado seccion="0407" casilla="BA" simbolo="0" pan="5" pri="129" prd="89" pt="2" pvem="6" convergencia="3" na="4" noreg="0" coalicion="1" nulos="9" total="248" />
  <resultado seccion="0407" casilla="C1" simbolo="0" pan="4" pri="134" prd="77" pt="4" pvem="8" convergencia="3" na="8" noreg="1" coalicion="0" nulos="10" total="249" />
  <resultado seccion="0412" casilla="BA" simbolo="0" pan="3" pri="92" prd="102" pt="0" pvem="3" convergencia="3" na="0" noreg="0" coalicion="0" nulos="8" total="211" />
  <resultado seccion="0412" casilla="C1" simbolo="0" pan="6" pri="122" prd="88" pt="2" pvem="6" convergencia="2" na="1" noreg="0" coalicion="0" nulos="8" total="235" />
  <resultado seccion="0511" casilla="BA" simbolo="0" pan="6" pri="12" prd="4" pt="0" pvem="0" convergencia="0" na="1" noreg="0" coalicion="0" nulos="0" total="23" />
</detallado>