﻿<detallado distrito="XXI" nombre="CENTRO PONIENTE" listanominal="117,868" pan="2,518" pri="24,458" prd="20,194" pt="569" pvem="1,589" convergencia="638" na="714" noreg="50" coalicion="246" nulos="1,431" votaciontotal="52,407">
  <resultado seccion="0251" casilla="BA" simbolo="0" pan="22" pri="149" prd="145" pt="2" pvem="12" convergencia="0" na="6" noreg="1" coalicion="1" nulos="8" total="346" />
  <resultado seccion="0251" casilla="C1" simbolo="0" pan="16" pri="125" prd="103" pt="1" pvem="17" convergencia="3" na="5" noreg="0" coalicion="2" nulos="8" total="280" />
  <resultado seccion="0251" casilla="C2" simbolo="0" pan="17" pri="144" prd="105" pt="1" pvem="9" convergencia="1" na="4" noreg="0" coalicion="0" nulos="8" total="289" />
  <resultado seccion="0251" casilla="C3" simbolo="0" pan="15" pri="118" prd="104" pt="1" pvem="9" convergencia="1" na="6" noreg="0" coalicion="0" nulos="6" total="260" />
  <resultado seccion="0252" casilla="BA" simbolo="0" pan="17" pri="124" prd="77" pt="2" pvem="11" convergencia="0" na="7" noreg="0" coalicion="0" nulos="11" total="249" />
  <resultado seccion="0252" casilla="C1" simbolo="0" pan="11" pri="121" prd="61" pt="2" pvem="10" convergencia="2" na="12" noreg="0" coalicion="0" nulos="4" total="223" />
  <resultado seccion="0256" casilla="BA" simbolo="0" pan="31" pri="168" prd="124" pt="1" pvem="32" convergencia="3" na="5" noreg="2" coalicion="0" nulos="22" total="388" />
  <resultado seccion="0256" casilla="C1" simbolo="0" pan="23" pri="139" prd="111" pt="1" pvem="37" convergencia="9" na="3" noreg="2" coalicion="2" nulos="7" total="334" />
  <resultado seccion="0257" casilla="BA" simbolo="0" pan="39" pri="137" prd="81" pt="1" pvem="14" convergencia="5" na="4" noreg="1" coalicion="0" nulos="6" total="288" />
  <resultado seccion="0257" casilla="C1" simbolo="0" pan="34" pri="170" prd="83" pt="2" pvem="9" convergencia="6" na="1" noreg="0" coalicion="1" nulos="0" total="306" />
  <resultado seccion="0267" casilla="BA" simbolo="0" pan="20" pri="164" prd="99" pt="2" pvem="28" convergencia="5" na="10" noreg="0" coalicion="2" nulos="15" total="345" />
  <resultado seccion="0267" casilla="C1" simbolo="0" pan="20" pri="164" prd="85" pt="0" pvem="21" convergencia="2" na="4" noreg="1" coalicion="0" nulos="14" total="311" />
  <resultado seccion="0267" casilla="C2" simbolo="0" pan="22" pri="130" prd="87" pt="1" pvem="25" convergencia="5" na="4" noreg="0" coalicion="0" nulos="13" total="287" />
  <resultado seccion="0268" casilla="BA" simbolo="0" pan="17" pri="111" prd="69" pt="2" pvem="11" convergencia="1" na="7" noreg="1" coalicion="1" nulos="7" total="227" />
  <resultado seccion="0268" casilla="C1" simbolo="0" pan="14" pri="111" prd="87" pt="4" pvem="14" convergencia="1" na="4" noreg="0" coalicion="0" nulos="10" total="245" />
  <resultado seccion="0273" casilla="BA" simbolo="0" pan="15" pri="135" prd="90" pt="2" pvem="11" convergencia="3" na="7" noreg="2" coalicion="1" nulos="11" total="277" />
  <resultado seccion="0273" casilla="C1" simbolo="0" pan="17" pri="113" prd="97" pt="1" pvem="13" convergencia="3" na="3" noreg="0" coalicion="0" nulos="6" total="253" />
  <resultado seccion="0273" casilla="C2" simbolo="0" pan="13" pri="111" prd="101" pt="0" pvem="12" convergencia="3" na="14" noreg="0" coalicion="0" nulos="4" total="258" />
  <resultado seccion="0274" casilla="BA" simbolo="0" pan="6" pri="160" prd="103" pt="2" pvem="14" convergencia="6" na="6" noreg="0" coalicion="0" nulos="14" total="311" />
  <resultado seccion="0274" casilla="C1" simbolo="0" pan="18" pri="149" prd="127" pt="4" pvem="9" convergencia="8" na="8" noreg="0" coalicion="1" nulos="7" total="331" />
  <resultado seccion="0275" casilla="BA" simbolo="0" pan="21" pri="108" prd="80" pt="1" pvem="7" convergencia="6" na="9" noreg="2" coalicion="0" nulos="9" total="243" />
  <resultado seccion="0275" casilla="C1" simbolo="0" pan="23" pri="110" prd="76" pt="1" pvem="6" convergencia="0" na="4" noreg="1" coalicion="1" nulos="10" total="232" />
  <resultado seccion="0275" casilla="C2" simbolo="0" pan="33" pri="106" prd="85" pt="0" pvem="17" convergencia="0" na="8" noreg="0" coalicion="1" nulos="13" total="263" />
  <resultado seccion="0276" casilla="BA" simbolo="0" pan="14" pri="121" prd="52" pt="1" pvem="12" convergencia="9" na="4" noreg="1" coalicion="1" nulos="14" total="229" />
  <resultado seccion="0276" casilla="C1" simbolo="0" pan="18" pri="116" prd="55" pt="4" pvem="12" convergencia="2" na="2" noreg="1" coalicion="0" nulos="7" total="217" />
  <resultado seccion="0276" casilla="ESMR" simbolo="0" pan="3" pri="14" prd="5" pt="0" pvem="0" convergencia="1" na="1" noreg="1" coalicion="1" nulos="2" total="28" />
  <resultado seccion="0276" casilla="ESRP" simbolo="0" pan="2" pri="26" prd="16" pt="8" pvem="0" convergencia="2" na="1" noreg="0" coalicion="1" nulos="0" total="56" />
  <resultado seccion="0302" casilla="BA" simbolo="0" pan="7" pri="123" prd="74" pt="0" pvem="15" convergencia="0" na="5" noreg="0" coalicion="0" nulos="7" total="231" />
  <resultado seccion="0302" casilla="C1" simbolo="0" pan="7" pri="94" prd="98" pt="2" pvem="8" convergencia="5" na="3" noreg="0" coalicion="1" nulos="10" total="228" />
  <resultado seccion="0303" casilla="BA" simbolo="0" pan="9" pri="119" prd="115" pt="1" pvem="10" convergencia="4" na="8" noreg="0" coalicion="0" nulos="0" total="266" />
  <resultado seccion="0303" casilla="C1" simbolo="0" pan="3" pri="146" prd="80" pt="3" pvem="6" convergencia="3" na="11" noreg="0" coalicion="0" nulos="6" total="258" />
  <resultado seccion="0304" casilla="BA" simbolo="0" pan="15" pri="84" prd="90" pt="2" pvem="7" convergencia="2" na="3" noreg="1" coalicion="2" nulos="7" total="213" />
  <resultado seccion="0304" casilla="C1" simbolo="0" pan="6" pri="114" prd="91" pt="3" pvem="10" convergencia="4" na="7" noreg="0" coalicion="1" nulos="4" total="240" />
  <resultado seccion="0304" casilla="C2" simbolo="0" pan="11" pri="105" prd="99" pt="0" pvem="5" convergencia="0" na="4" noreg="0" coalicion="1" nulos="1" total="226" />
  <resultado seccion="0314" casilla="BA" simbolo="0" pan="14" pri="92" prd="77" pt="1" pvem="12" convergencia="6" na="6" noreg="1" coalicion="1" nulos="6" total="216" />
  <resultado seccion="0314" casilla="C1" simbolo="0" pan="8" pri="112" prd="77" pt="2" pvem="3" convergencia="1" na="8" noreg="1" coalicion="0" nulos="5" total="217" />
  <resultado seccion="0314" casilla="C2" simbolo="0" pan="8" pri="109" prd="85" pt="1" pvem="8" convergencia="2" na="2" noreg="0" coalicion="0" nulos="0" total="215" />
  <resultado seccion="0314" casilla="C3" simbolo="0" pan="10" pri="90" prd="97" pt="1" pvem="16" convergencia="1" na="7" noreg="1" coalicion="4" nulos="6" total="233" />
  <resultado seccion="0314" casilla="C4" simbolo="0" pan="5" pri="100" prd="92" pt="0" pvem="12" convergencia="1" na="6" noreg="0" coalicion="1" nulos="3" total="220" />
  <resultado seccion="0315" casilla="BA" simbolo="0" pan="16" pri="134" prd="112" pt="2" pvem="21" convergencia="5" na="2" noreg="0" coalicion="0" nulos="8" total="300" />
  <resultado seccion="0315" casilla="C1" simbolo="0" pan="11" pri="136" prd="118" pt="0" pvem="17" convergencia="4" na="5" noreg="0" coalicion="0" nulos="5" total="296" />
  <resultado seccion="0344" casilla="BA" simbolo="0" pan="5" pri="114" prd="100" pt="5" pvem="13" convergencia="6" na="3" noreg="0" coalicion="1" nulos="17" total="264" />
  <resultado seccion="0344" casilla="C1" simbolo="0" pan="8" pri="107" prd="120" pt="0" pvem="12" convergencia="6" na="6" noreg="0" coalicion="2" nulos="8" total="269" />
  <resultado seccion="0345" casilla="BA" simbolo="0" pan="16" pri="97" prd="105" pt="4" pvem="8" convergencia="3" na="3" noreg="1" coalicion="1" nulos="7" total="245" />
  <resultado seccion="0345" casilla="C1" simbolo="0" pan="13" pri="104" prd="97" pt="3" pvem="4" convergencia="6" na="4" noreg="0" coalicion="3" nulos="9" total="243" />
  <resultado seccion="0345" casilla="C2" simbolo="0" pan="7" pri="98" prd="86" pt="3" pvem="12" convergencia="3" na="4" noreg="0" coalicion="0" nulos="11" total="224" />
  <resultado seccion="0346" casilla="BA" simbolo="0" pan="3" pri="118" prd="100" pt="0" pvem="6" convergencia="1" na="2" noreg="0" coalicion="2" nulos="3" total="235" />
  <resultado seccion="0346" casilla="C1" simbolo="0" pan="3" pri="129" prd="84" pt="1" pvem="6" convergencia="4" na="1" noreg="0" coalicion="0" nulos="5" total="233" />
  <resultado seccion="0347" casilla="BA" simbolo="0" pan="2" pri="77" prd="83" pt="3" pvem="4" convergencia="8" na="2" noreg="0" coalicion="3" nulos="6" total="188" />
  <resultado seccion="0347" casilla="C1" simbolo="0" pan="11" pri="92" prd="82" pt="2" pvem="5" convergencia="3" na="2" noreg="0" coalicion="0" nulos="4" total="201" />
  <resultado seccion="0369" casilla="BA" simbolo="0" pan="20" pri="205" prd="93" pt="5" pvem="14" convergencia="3" na="9" noreg="0" coalicion="0" nulos="11" total="360" />
  <resultado seccion="0369" casilla="C1" simbolo="0" pan="23" pri="195" prd="114" pt="0" pvem="12" convergencia="4" na="3" noreg="1" coalicion="0" nulos="10" total="362" />
  <resultado seccion="0370" casilla="BA" simbolo="0" pan="13" pri="91" prd="71" pt="1" pvem="11" convergencia="20" na="0" noreg="0" coalicion="0" nulos="6" total="213" />
  <resultado seccion="0370" casilla="C1" simbolo="0" pan="7" pri="114" prd="66" pt="0" pvem="15" convergencia="20" na="2" noreg="0" coalicion="0" nulos="8" total="232" />
  <resultado seccion="0371" casilla="BA" simbolo="0" pan="6" pri="166" prd="81" pt="1" pvem="6" convergencia="9" na="3" noreg="0" coalicion="0" nulos="3" total="275" />
  <resultado seccion="0371" casilla="C1" simbolo="0" pan="11" pri="146" prd="86" pt="1" pvem="11" convergencia="10" na="2" noreg="0" coalicion="0" nulos="10" total="277" />
  <resultado seccion="0372" casilla="BA" simbolo="0" pan="15" pri="123" prd="101" pt="1" pvem="14" convergencia="4" na="7" noreg="0" coalicion="1" nulos="8" total="274" />
  <resultado seccion="0372" casilla="C1" simbolo="0" pan="10" pri="133" prd="105" pt="1" pvem="10" convergencia="1" na="2" noreg="1" coalicion="0" nulos="9" total="272" />
  <resultado seccion="0372" casilla="C2" simbolo="0" pan="7" pri="133" prd="111" pt="0" pvem="9" convergencia="2" na="11" noreg="0" coalicion="0" nulos="8" total="281" />
  <resultado seccion="0372" casilla="C3" simbolo="0" pan="12" pri="127" prd="99" pt="2" pvem="10" convergencia="5" na="2" noreg="0" coalicion="0" nulos="5" total="262" />
  <resultado seccion="0372" casilla="C4" simbolo="0" pan="14" pri="116" prd="110" pt="3" pvem="15" convergencia="3" na="6" noreg="0" coalicion="0" nulos="11" total="278" />
  <resultado seccion="0372" casilla="C5" simbolo="0" pan="11" pri="147" prd="99" pt="1" pvem="5" convergencia="3" na="3" noreg="1" coalicion="2" nulos="3" total="275" />
  <resultado seccion="0372" casilla="C6" simbolo="0" pan="14" pri="125" prd="107" pt="0" pvem="12" convergencia="2" na="7" noreg="0" coalicion="3" nulos="9" total="279" />
  <resultado seccion="0372" casilla="C7" simbolo="0" pan="16" pri="146" prd="66" pt="0" pvem="14" convergencia="1" na="4" noreg="0" coalicion="2" nulos="11" total="260" />
  <resultado seccion="0372" casilla="C8" simbolo="0" pan="13" pri="165" prd="100" pt="5" pvem="8" convergencia="1" na="9" noreg="0" coalicion="3" nulos="11" total="315" />
  <resultado seccion="0372" casilla="C9" simbolo="0" pan="12" pri="150" prd="116" pt="1" pvem="12" convergencia="2" na="3" noreg="1" coalicion="0" nulos="3" total="300" />
  <resultado seccion="0373" casilla="BA" simbolo="0" pan="12" pri="122" prd="116" pt="5" pvem="3" convergencia="2" na="4" noreg="0" coalicion="0" nulos="9" total="273" />
  <resultado seccion="0373" casilla="C1" simbolo="0" pan="6" pri="141" prd="114" pt="4" pvem="3" convergencia="2" na="14" noreg="0" coalicion="2" nulos="0" total="286" />
  <resultado seccion="0374" casilla="BA" simbolo="0" pan="1" pri="80" prd="104" pt="1" pvem="11" convergencia="4" na="1" noreg="0" coalicion="0" nulos="8" total="210" />
  <resultado seccion="0374" casilla="C1" simbolo="0" pan="6" pri="101" prd="87" pt="1" pvem="5" convergencia="2" na="4" noreg="0" coalicion="0" nulos="6" total="212" />
  <resultado seccion="0395" casilla="BA" simbolo="0" pan="4" pri="115" prd="94" pt="2" pvem="8" convergencia="1" na="1" noreg="0" coalicion="0" nulos="0" total="225" />
  <resultado seccion="0395" casilla="C1" simbolo="0" pan="5" pri="105" prd="97" pt="0" pvem="7" convergencia="1" na="2" noreg="1" coalicion="0" nulos="10" total="228" />
  <resultado seccion="0396" casilla="BA" simbolo="0" pan="10" pri="83" prd="93" pt="2" pvem="11" convergencia="4" na="5" noreg="1" coalicion="0" nulos="7" total="216" />
  <resultado seccion="0396" casilla="C1" simbolo="0" pan="5" pri="109" prd="64" pt="2" pvem="10" convergencia="4" na="4" noreg="0" coalicion="0" nulos="6" total="204" />
  <resultado seccion="0397" casilla="BA" simbolo="0" pan="8" pri="88" prd="60" pt="2" pvem="4" convergencia="2" na="3" noreg="0" coalicion="0" nulos="3" total="170" />
  <resultado seccion="0397" casilla="C1" simbolo="0" pan="13" pri="94" prd="73" pt="1" pvem="6" convergencia="4" na="5" noreg="0" coalicion="2" nulos="6" total="204" />
  <resultado seccion="0397" casilla="C2" simbolo="0" pan="0" pri="129" prd="85" pt="6" pvem="8" convergencia="4" na="5" noreg="0" coalicion="0" nulos="10" total="247" />
  <resultado seccion="0398" casilla="BA" simbolo="0" pan="27" pri="128" prd="115" pt="1" pvem="18" convergencia="8" na="8" noreg="0" coalicion="0" nulos="5" total="310" />
  <resultado seccion="0398" casilla="C1" simbolo="0" pan="25" pri="134" prd="120" pt="2" pvem="20" convergencia="6" na="3" noreg="0" coalicion="1" nulos="5" total="316" />
  <resultado seccion="0398" casilla="C2" simbolo="0" pan="16" pri="114" prd="117" pt="3" pvem="20" convergencia="6" na="5" noreg="0" coalicion="0" nulos="8" total="289" />
  <resultado seccion="0398" casilla="C3" simbolo="0" pan="26" pri="126" prd="107" pt="4" pvem="19" convergencia="8" na="5" noreg="0" coalicion="0" nulos="10" total="305" />
  <resultado seccion="0398" casilla="C4" simbolo="0" pan="15" pri="119" prd="115" pt="1" pvem="13" convergencia="9" na="6" noreg="0" coalicion="0" nulos="5" total="283" />
  <resultado seccion="0399" casilla="BA" simbolo="0" pan="13" pri="161" prd="123" pt="4" pvem="7" convergencia="4" na="6" noreg="2" coalicion="2" nulos="9" total="331" />
  <resultado seccion="0399" casilla="C1" simbolo="0" pan="6" pri="170" prd="88" pt="7" pvem="10" convergencia="3" na="8" noreg="1" coalicion="0" nulos="2" total="295" />
  <resultado seccion="0408" casilla="BA" simbolo="0" pan="4" pri="125" prd="121" pt="6" pvem="10" convergencia="8" na="8" noreg="0" coalicion="0" nulos="3" total="285" />
  <resultado seccion="0408" casilla="C1" simbolo="0" pan="10" pri="151" prd="112" pt="7" pvem="8" convergencia="4" na="2" noreg="0" coalicion="0" nulos="12" total="306" />
  <resultado seccion="0409" casilla="BA" simbolo="0" pan="17" pri="128" prd="90" pt="6" pvem="11" convergencia="1" na="5" noreg="0" coalicion="0" nulos="0" total="258" />
  <resultado seccion="0409" casilla="C1" simbolo="0" pan="10" pri="126" prd="87" pt="10" pvem="11" convergencia="3" na="7" noreg="0" coalicion="1" nulos="4" total="259" />
  <resultado seccion="0410" casilla="BA" simbolo="0" pan="27" pri="94" prd="73" pt="3" pvem="8" convergencia="8" na="2" noreg="0" coalicion="0" nulos="9" total="224" />
  <resultado seccion="0410" casilla="C1" simbolo="0" pan="20" pri="93" prd="103" pt="3" pvem="5" convergencia="15" na="4" noreg="0" coalicion="0" nulos="7" total="250" />
  <resultado seccion="0410" casilla="C2" simbolo="0" pan="24" pri="92" prd="74" pt="1" pvem="8" convergencia="19" na="3" noreg="0" coalicion="1" nulos="10" total="232" />
  <resultado seccion="0410" casilla="C3" simbolo="0" pan="14" pri="100" prd="78" pt="3" pvem="3" convergencia="9" na="3" noreg="0" coalicion="0" nulos="11" total="221" />
  <resultado seccion="0411" casilla="BA" simbolo="0" pan="4" pri="127" prd="69" pt="4" pvem="12" convergencia="2" na="1" noreg="0" coalicion="3" nulos="9" total="231" />
  <resultado seccion="0411" casilla="C1" simbolo="0" pan="8" pri="117" prd="75" pt="2" pvem="9" convergencia="2" na="5" noreg="0" coalicion="1" nulos="5" total="224" />
  <resultado seccion="0411" casilla="C2" simbolo="0" pan="9" pri="121" prd="67" pt="1" pvem="10" convergencia="3" na="4" noreg="0" coalicion="0" nulos="8" total="223" />
  <resultado seccion="0452" casilla="BA" simbolo="0" pan="38" pri="135" prd="117" pt="3" pvem="5" convergencia="0" na="0" noreg="0" coalicion="0" nulos="6" total="304" />
  <resultado seccion="0452" casilla="C1" simbolo="0" pan="27" pri="119" prd="120" pt="4" pvem="2" convergencia="0" na="2" noreg="0" coalicion="1" nulos="8" total="283" />
  <resultado seccion="0452" casilla="C2" simbolo="0" pan="33" pri="124" prd="108" pt="1" pvem="3" convergencia="2" na="1" noreg="0" coalicion="1" nulos="6" total="279" />
  <resultado seccion="0452" casilla="C3" simbolo="0" pan="36" pri="137" prd="89" pt="4" pvem="6" convergencia="0" na="0" noreg="0" coalicion="0" nulos="9" total="281" />
  <resultado seccion="0452" casilla="EX" simbolo="0" pan="4" pri="122" prd="94" pt="1" pvem="0" convergencia="0" na="0" noreg="0" coalicion="0" nulos="6" total="227" />
  <resultado seccion="0453" casilla="BA" simbolo="0" pan="26" pri="68" prd="81" pt="3" pvem="3" convergencia="2" na="1" noreg="0" coalicion="1" nulos="6" total="191" />
  <resultado seccion="0453" casilla="C1" simbolo="0" pan="22" pri="71" prd="81" pt="1" pvem="4" convergencia="1" na="3" noreg="0" coalicion="1" nulos="5" total="189" />
  <resultado seccion="0453" casilla="C2" simbolo="0" pan="18" pri="76" prd="84" pt="1" pvem="11" convergencia="2" na="0" noreg="0" coalicion="1" nulos="13" total="206" />
  <resultado seccion="0458" casilla="BA" simbolo="0" pan="15" pri="157" prd="122" pt="3" pvem="7" convergencia="0" na="0" noreg="0" coalicion="2" nulos="2" total="308" />
  <resultado seccion="0458" casilla="C1" simbolo="0" pan="12" pri="144" prd="109" pt="1" pvem="0" convergencia="0" na="0" noreg="0" coalicion="0" nulos="6" total="272" />
  <resultado seccion="0458" casilla="C2" simbolo="0" pan="8" pri="157" prd="104" pt="0" pvem="9" convergencia="0" na="2" noreg="1" coalicion="1" nulos="5" total="287" />
  <resultado seccion="0459" casilla="BA" simbolo="0" pan="1" pri="59" prd="15" pt="0" pvem="0" convergencia="0" na="2" noreg="0" coalicion="0" nulos="0" total="77" />
  <resultado seccion="0460" casilla="BA" simbolo="0" pan="9" pri="130" prd="119" pt="4" pvem="6" convergencia="1" na="1" noreg="0" coalicion="0" nulos="13" total="283" />
  <resultado seccion="0460" casilla="C1" simbolo="0" pan="7" pri="136" prd="129" pt="4" pvem="6" convergencia="0" na="1" noreg="0" coalicion="0" nulos="7" total="290" />
  <resultado seccion="0460" casilla="C2" simbolo="0" pan="5" pri="114" prd="148" pt="2" pvem="4" convergencia="1" na="3" noreg="0" coalicion="0" nulos="9" total="286" />
  <resultado seccion="0461" casilla="BA" simbolo="0" pan="6" pri="174" prd="63" pt="1" pvem="4" convergencia="3" na="4" noreg="0" coalicion="3" nulos="0" total="258" />
  <resultado seccion="0461" casilla="C1" simbolo="0" pan="5" pri="145" prd="77" pt="0" pvem="8" convergencia="1" na="2" noreg="0" coalicion="0" nulos="0" total="238" />
  <resultado seccion="0462" casilla="BA" simbolo="0" pan="24" pri="137" prd="144" pt="1" pvem="5" convergencia="0" na="1" noreg="0" coalicion="1" nulos="6" total="319" />
  <resultado seccion="0462" casilla="C1" simbolo="0" pan="21" pri="133" prd="132" pt="0" pvem="13" convergencia="4" na="1" noreg="0" coalicion="0" nulos="5" total="309" />
  <resultado seccion="0462" casilla="C2" simbolo="0" pan="21" pri="158" prd="141" pt="2" pvem="4" convergencia="2" na="1" noreg="0" coalicion="0" nulos="10" total="339" />
  <resultado seccion="0463" casilla="BA" simbolo="0" pan="11" pri="109" prd="178" pt="4" pvem="14" convergencia="5" na="0" noreg="0" coalicion="0" nulos="8" total="329" />
  <resultado seccion="0463" casilla="C1" simbolo="0" pan="17" pri="163" prd="179" pt="3" pvem="5" convergencia="7" na="2" noreg="0" coalicion="1" nulos="4" total="381" />
  <resultado seccion="0463" casilla="C2" simbolo="0" pan="12" pri="185" prd="165" pt="3" pvem="4" convergencia="3" na="0" noreg="2" coalicion="0" nulos="0" total="374" />
  <resultado seccion="0463" casilla="C3" simbolo="0" pan="11" pri="170" prd="167" pt="0" pvem="9" convergencia="2" na="2" noreg="0" coalicion="0" nulos="0" total="361" />
  <resultado seccion="0464" casilla="BA" simbolo="0" pan="13" pri="118" prd="147" pt="1" pvem="5" convergencia="2" na="3" noreg="0" coalicion="0" nulos="5" total="294" />
  <resultado seccion="0464" casilla="C1" simbolo="0" pan="24" pri="133" prd="111" pt="1" pvem="8" convergencia="1" na="2" noreg="2" coalicion="0" nulos="15" total="297" />
  <resultado seccion="0464" casilla="C2" simbolo="0" pan="23" pri="129" prd="133" pt="0" pvem="8" convergencia="3" na="3" noreg="1" coalicion="0" nulos="8" total="308" />
  <resultado seccion="0464" casilla="C3" simbolo="0" pan="11" pri="134" prd="127" pt="4" pvem="1" convergencia="2" na="2" noreg="0" coalicion="0" nulos="16" total="297" />
  <resultado seccion="0465" casilla="BA" simbolo="0" pan="7" pri="143" prd="132" pt="2" pvem="3" convergencia="1" na="1" noreg="0" coalicion="0" nulos="10" total="299" />
  <resultado seccion="0465" casilla="C1" simbolo="0" pan="10" pri="130" prd="120" pt="1" pvem="4" convergencia="0" na="2" noreg="1" coalicion="0" nulos="10" total="278" />
  <resultado seccion="0465" casilla="C2" simbolo="0" pan="13" pri="130" prd="112" pt="0" pvem="8" convergencia="0" na="6" noreg="0" coalicion="0" nulos="7" total="276" />
  <resultado seccion="0465" casilla="C3" simbolo="0" pan="19" pri="156" prd="109" pt="1" pvem="2" convergencia="0" na="5" noreg="1" coalicion="1" nulos="8" total="302" />
  <resultado seccion="0467" casilla="BA" simbolo="0" pan="13" pri="124" prd="110" pt="2" pvem="8" convergencia="10" na="2" noreg="0" coalicion="1" nulos="10" total="280" />
  <resultado seccion="0467" casilla="C1" simbolo="0" pan="15" pri="149" prd="100" pt="3" pvem="10" convergencia="7" na="4" noreg="0" coalicion="2" nulos="6" total="296" />
  <resultado seccion="0467" casilla="C2" simbolo="0" pan="18" pri="124" prd="126" pt="1" pvem="8" convergencia="11" na="7" noreg="0" coalicion="0" nulos="4" total="299" />
  <resultado seccion="0467" casilla="C3" simbolo="0" pan="20" pri="119" prd="97" pt="2" pvem="6" convergencia="8" na="0" noreg="0" coalicion="0" nulos="0" total="252" />
  <resultado seccion="0467" casilla="C4" simbolo="0" pan="10" pri="137" prd="101" pt="0" pvem="10" convergencia="11" na="3" noreg="0" coalicion="0" nulos="10" total="282" />
  <resultado seccion="0467" casilla="C5" simbolo="0" pan="7" pri="125" prd="87" pt="1" pvem="8" convergencia="8" na="2" noreg="0" coalicion="0" nulos="13" total="251" />
  <resultado seccion="0467" casilla="C6" simbolo="0" pan="9" pri="120" prd="93" pt="3" pvem="7" convergencia="13" na="3" noreg="0" coalicion="0" nulos="25" total="273" />
  <resultado seccion="0467" casilla="C7" simbolo="0" pan="13" pri="123" prd="129" pt="2" pvem="11" convergencia="5" na="1" noreg="0" coalicion="0" nulos="12" total="296" />
  <resultado seccion="0467" casilla="C8" simbolo="0" pan="10" pri="141" prd="113" pt="0" pvem="9" convergencia="6" na="2" noreg="0" coalicion="0" nulos="7" total="288" />
  <resultado seccion="0468" casilla="BA" simbolo="0" pan="6" pri="175" prd="154" pt="3" pvem="5" convergencia="4" na="8" noreg="0" coalicion="0" nulos="9" total="364" />
  <resultado seccion="0468" casilla="C1" simbolo="0" pan="6" pri="196" prd="131" pt="5" pvem="7" convergencia="3" na="3" noreg="0" coalicion="0" nulos="0" total="351" />
  <resultado seccion="0469" casilla="BA" simbolo="0" pan="8" pri="151" prd="96" pt="0" pvem="6" convergencia="8" na="2" noreg="0" coalicion="6" nulos="9" total="286" />
  <resultado seccion="0469" casilla="C1" simbolo="0" pan="9" pri="143" prd="118" pt="2" pvem="3" convergencia="7" na="0" noreg="1" coalicion="0" nulos="17" total="300" />
  <resultado seccion="0469" casilla="C2" simbolo="0" pan="11" pri="174" prd="122" pt="4" pvem="3" convergencia="6" na="0" noreg="0" coalicion="1" nulos="7" total="328" />
  <resultado seccion="0470" casilla="BA" simbolo="0" pan="12" pri="143" prd="121" pt="2" pvem="5" convergencia="2" na="4" noreg="1" coalicion="1" nulos="22" total="313" />
  <resultado seccion="0470" casilla="C1" simbolo="0" pan="10" pri="107" prd="124" pt="1" pvem="9" convergencia="0" na="1" noreg="0" coalicion="0" nulos="0" total="252" />
  <resultado seccion="0470" casilla="C2" simbolo="0" pan="7" pri="123" prd="120" pt="0" pvem="10" convergencia="7" na="1" noreg="0" coalicion="1" nulos="3" total="272" />
  <resultado seccion="0470" casilla="C3" simbolo="0" pan="9" pri="130" prd="144" pt="2" pvem="11" convergencia="5" na="8" noreg="0" coalicion="0" nulos="11" total="320" />
  <resultado seccion="0470" casilla="C4" simbolo="0" pan="6" pri="153" prd="117" pt="2" pvem="7" convergencia="3" na="2" noreg="0" coalicion="1" nulos="8" total="299" />
  <resultado seccion="0470" casilla="C5" simbolo="0" pan="15" pri="138" prd="148" pt="3" pvem="10" convergencia="3" na="4" noreg="0" coalicion="0" nulos="10" total="331" />
  <resultado seccion="0475" casilla="BA" simbolo="0" pan="2" pri="121" prd="150" pt="1" pvem="2" convergencia="2" na="8" noreg="0" coalicion="121" nulos="1" total="408" />
  <resultado seccion="0475" casilla="C1" simbolo="0" pan="3" pri="155" prd="138" pt="3" pvem="4" convergencia="0" na="2" noreg="0" coalicion="2" nulos="5" total="312" />
  <resultado seccion="0475" casilla="C2" simbolo="0" pan="5" pri="140" prd="123" pt="0" pvem="0" convergencia="6" na="0" noreg="0" coalicion="0" nulos="3" total="277" />
  <resultado seccion="0476" casilla="BA" simbolo="0" pan="23" pri="152" prd="115" pt="1" pvem="5" convergencia="1" na="10" noreg="0" coalicion="2" nulos="8" total="317" />
  <resultado seccion="0476" casilla="C1" simbolo="0" pan="15" pri="162" prd="129" pt="1" pvem="6" convergencia="0" na="3" noreg="0" coalicion="7" nulos="7" total="330" />
  <resultado seccion="0476" casilla="C2" simbolo="0" pan="13" pri="140" prd="124" pt="0" pvem="5" convergencia="1" na="2" noreg="0" coalicion="0" nulos="5" total="290" />
  <resultado seccion="0476" casilla="C3" simbolo="0" pan="14" pri="150" prd="118" pt="5" pvem="5" convergencia="0" na="3" noreg="0" coalicion="0" nulos="7" total="302" />
  <resultado seccion="0477" casilla="BA" simbolo="0" pan="8" pri="137" prd="164" pt="1" pvem="2" convergencia="2" na="0" noreg="0" coalicion="0" nulos="11" total="325" />
  <resultado seccion="0477" casilla="C1" simbolo="0" pan="8" pri="156" prd="106" pt="1" pvem="2" convergencia="1" na="4" noreg="0" coalicion="0" nulos="8" total="286" />
  <resultado seccion="0477" casilla="C2" simbolo="0" pan="9" pri="185" prd="170" pt="1" pvem="6" convergencia="1" na="0" noreg="0" coalicion="0" nulos="8" total="380" />
  <resultado seccion="0477" casilla="C3" simbolo="0" pan="5" pri="152" prd="127" pt="2" pvem="3" convergencia="3" na="2" noreg="0" coalicion="0" nulos="7" total="301" />
  <resultado seccion="0479" casilla="BA" simbolo="0" pan="7" pri="127" prd="178" pt="5" pvem="6" convergencia="0" na="3" noreg="0" coalicion="0" nulos="0" total="326" />
  <resultado seccion="0479" casilla="C1" simbolo="0" pan="5" pri="125" prd="191" pt="9" pvem="7" convergencia="3" na="3" noreg="0" coalicion="1" nulos="34" total="378" />
  <resultado seccion="0479" casilla="C2" simbolo="0" pan="13" pri="118" prd="161" pt="10" pvem="8" convergencia="6" na="2" noreg="0" coalicion="1" nulos="25" total="344" />
  <resultado seccion="0480" casilla="BA" simbolo="0" pan="19" pri="156" prd="83" pt="5" pvem="3" convergencia="1" na="4" noreg="0" coalicion="1" nulos="14" total="286" />
  <resultado seccion="0480" casilla="C1" simbolo="0" pan="25" pri="127" prd="104" pt="2" pvem="6" convergencia="2" na="3" noreg="0" coalicion="2" nulos="10" total="281" />
  <resultado seccion="0480" casilla="C2" simbolo="0" pan="15" pri="122" prd="96" pt="2" pvem="14" convergencia="0" na="3" noreg="1" coalicion="0" nulos="12" total="265" />
  <resultado seccion="0480" casilla="C3" simbolo="0" pan="18" pri="108" prd="81" pt="2" pvem="14" convergencia="5" na="5" noreg="1" coalicion="0" nulos="0" total="234" />
  <resultado seccion="0480" casilla="C4" simbolo="0" pan="13" pri="115" prd="113" pt="3" pvem="10" convergencia="3" na="3" noreg="0" coalicion="3" nulos="6" total="269" />
  <resultado seccion="0480" casilla="C5" simbolo="0" pan="22" pri="130" prd="77" pt="3" pvem="9" convergencia="0" na="2" noreg="0" coalicion="4" nulos="6" total="253" />
  <resultado seccion="0481" casilla="BA" simbolo="0" pan="14" pri="121" prd="132" pt="4" pvem="5" convergencia="1" na="3" noreg="7" coalicion="0" nulos="0" total="287" />
  <resultado seccion="0481" casilla="C1" simbolo="0" pan="31" pri="145" prd="172" pt="4" pvem="6" convergencia="1" na="26" noreg="0" coalicion="0" nulos="14" total="399" />
  <resultado seccion="0481" casilla="C2" simbolo="0" pan="20" pri="147" prd="132" pt="0" pvem="4" convergencia="0" na="1" noreg="0" coalicion="0" nulos="11" total="315" />
  <resultado seccion="0481" casilla="C3" simbolo="0" pan="5" pri="138" prd="157" pt="3" pvem="6" convergencia="0" na="4" noreg="0" coalicion="1" nulos="9" total="323" />
  <resultado seccion="0482" casilla="BA" simbolo="0" pan="13" pri="197" prd="129" pt="4" pvem="4" convergencia="0" na="2" noreg="0" coalicion="0" nulos="9" total="358" />
  <resultado seccion="0482" casilla="C1" simbolo="0" pan="6" pri="178" prd="121" pt="1" pvem="4" convergencia="6" na="7" noreg="0" coalicion="0" nulos="6" total="329" />
  <resultado seccion="0490" casilla="BA" simbolo="0" pan="5" pri="172" prd="109" pt="3" pvem="5" convergencia="1" na="2" noreg="0" coalicion="0" nulos="10" total="307" />
  <resultado seccion="0490" casilla="C1" simbolo="0" pan="8" pri="169" prd="99" pt="5" pvem="4" convergencia="0" na="2" noreg="0" coalicion="1" nulos="10" total="298" />
  <resultado seccion="0491" casilla="BA" simbolo="0" pan="2" pri="140" prd="122" pt="2" pvem="5" convergencia="0" na="5" noreg="0" coalicion="2" nulos="7" total="285" />
  <resultado seccion="0491" casilla="C1" simbolo="0" pan="8" pri="160" prd="128" pt="0" pvem="7" convergencia="3" na="4" noreg="0" coalicion="4" nulos="4" total="318" />
  <resultado seccion="0491" casilla="C2" simbolo="0" pan="4" pri="143" prd="152" pt="4" pvem="3" convergencia="0" na="4" noreg="0" coalicion="2" nulos="3" total="315" />
  <resultado seccion="0492" casilla="BA" simbolo="0" pan="7" pri="127" prd="98" pt="16" pvem="4" convergencia="0" na="0" noreg="0" coalicion="1" nulos="0" total="253" />
  <resultado seccion="0492" casilla="C1" simbolo="0" pan="12" pri="142" prd="100" pt="14" pvem="6" convergencia="1" na="0" noreg="0" coalicion="1" nulos="14" total="290" />
  <resultado seccion="0492" casilla="C2" simbolo="0" pan="19" pri="140" prd="95" pt="15" pvem="5" convergencia="0" na="3" noreg="0" coalicion="0" nulos="9" total="286" />
  <resultado seccion="0494" casilla="BA" simbolo="0" pan="23" pri="106" prd="104" pt="25" pvem="2" convergencia="2" na="8" noreg="0" coalicion="0" nulos="7" total="277" />
  <resultado seccion="0494" casilla="C1" simbolo="0" pan="24" pri="134" prd="102" pt="29" pvem="7" convergencia="1" na="5" noreg="0" coalicion="0" nulos="5" total="307" />
  <resultado seccion="0494" casilla="C2" simbolo="0" pan="16" pri="125" prd="135" pt="16" pvem="6" convergencia="3" na="1" noreg="0" coalicion="0" nulos="7" total="309" />
  <resultado seccion="0494" casilla="C3" simbolo="0" pan="19" pri="92" prd="124" pt="36" pvem="3" convergencia="2" na="3" noreg="1" coalicion="0" nulos="10" total="290" />
  <resultado seccion="0494" casilla="C4" simbolo="0" pan="19" pri="121" prd="109" pt="29" pvem="4" convergencia="1" na="1" noreg="0" coalicion="1" nulos="12" total="297" />
  <resultado seccion="0495" casilla="BA" simbolo="0" pan="13" pri="139" prd="131" pt="6" pvem="0" convergencia="3" na="0" noreg="0" coalicion="0" nulos="8" total="300" />
  <resultado seccion="0495" casilla="C1" simbolo="0" pan="14" pri="110" prd="125" pt="4" pvem="3" convergencia="1" na="2" noreg="0" coalicion="0" nulos="9" total="268" />
  <resultado seccion="0495" casilla="C2" simbolo="0" pan="12" pri="119" prd="143" pt="1" pvem="3" convergencia="0" na="0" noreg="0" coalicion="0" nulos="1" total="279" />
  <resultado seccion="0495" casilla="C3" simbolo="0" pan="13" pri="137" prd="119" pt="3" pvem="4" convergencia="2" na="1" noreg="0" coalicion="0" nulos="5" total="284" />
</detallado>