﻿<detallado distrito="XVI" nombre="TACOTALPA" listanominal="28,458" pan="3,643" pri="6,329" prd="6,869" pt="768" pvem="150" convergencia="30" na="185" noreg="2" coalicion="25" nulos="476" votaciontotal="18,477">
  <resultado seccion="1036" casilla="BA" simbolo="0" pan="25" pri="118" prd="147" pt="42" pvem="10" convergencia="0" na="2" noreg="0" coalicion="1" nulos="13" total="358" />
  <resultado seccion="1036" casilla="C1" simbolo="0" pan="16" pri="148" prd="133" pt="34" pvem="7" convergencia="1" na="3" noreg="0" coalicion="1" nulos="7" total="350" />
  <resultado seccion="1036" casilla="C2" simbolo="0" pan="21" pri="139" prd="126" pt="28" pvem="10" convergencia="2" na="2" noreg="0" coalicion="1" nulos="4" total="333" />
  <resultado seccion="1037" casilla="BA" simbolo="0" pan="27" pri="126" prd="141" pt="26" pvem="5" convergencia="1" na="5" noreg="0" coalicion="2" nulos="3" total="336" />
  <resultado seccion="1037" casilla="C1" simbolo="0" pan="15" pri="118" prd="158" pt="41" pvem="3" convergencia="0" na="2" noreg="0" coalicion="1" nulos="8" total="346" />
  <resultado seccion="1038" casilla="BA" simbolo="0" pan="23" pri="124" prd="153" pt="55" pvem="2" convergencia="1" na="5" noreg="0" coalicion="0" nulos="7" total="370" />
  <resultado seccion="1038" casilla="C1" simbolo="0" pan="26" pri="110" prd="146" pt="67" pvem="7" convergencia="1" na="5" noreg="0" coalicion="1" nulos="14" total="377" />
  <resultado seccion="1038" casilla="C2" simbolo="0" pan="17" pri="116" prd="164" pt="61" pvem="5" convergencia="2" na="5" noreg="0" coalicion="0" nulos="15" total="385" />
  <resultado seccion="1039" casilla="BA" simbolo="0" pan="24" pri="124" prd="158" pt="38" pvem="10" convergencia="0" na="13" noreg="0" coalicion="1" nulos="3" total="371" />
  <resultado seccion="1039" casilla="C1" simbolo="0" pan="24" pri="169" prd="159" pt="38" pvem="5" convergencia="2" na="6" noreg="0" coalicion="0" nulos="5" total="408" />
  <resultado seccion="1040" casilla="BA" simbolo="0" pan="37" pri="148" prd="149" pt="35" pvem="7" convergencia="0" na="3" noreg="0" coalicion="0" nulos="9" total="388" />
  <resultado seccion="1040" casilla="C1" simbolo="0" pan="51" pri="144" prd="126" pt="41" pvem="0" convergencia="1" na="3" noreg="0" coalicion="1" nulos="8" total="375" />
  <resultado seccion="1040" casilla="ESMR" simbolo="0" pan="36" pri="57" prd="85" pt="13" pvem="2" convergencia="0" na="4" noreg="0" coalicion="0" nulos="11" total="208" />
  <resultado seccion="1040" casilla="ESRP" simbolo="0" pan="4" pri="22" prd="16" pt="1" pvem="0" convergencia="0" na="4" noreg="0" coalicion="0" nulos="0" total="47" />
  <resultado seccion="1041" casilla="BA" simbolo="0" pan="123" pri="228" prd="66" pt="13" pvem="2" convergencia="1" na="4" noreg="0" coalicion="0" nulos="19" total="456" />
  <resultado seccion="1042" casilla="BA" simbolo="0" pan="110" pri="83" prd="59" pt="5" pvem="1" convergencia="1" na="0" noreg="0" coalicion="0" nulos="2" total="261" />
  <resultado seccion="1042" casilla="C1" simbolo="0" pan="114" pri="91" prd="28" pt="2" pvem="2" convergencia="0" na="1" noreg="0" coalicion="0" nulos="6" total="244" />
  <resultado seccion="1043" casilla="BA" simbolo="0" pan="34" pri="27" prd="16" pt="8" pvem="2" convergencia="0" na="1" noreg="0" coalicion="0" nulos="2" total="90" />
  <resultado seccion="1044" casilla="BA" simbolo="0" pan="134" pri="167" prd="70" pt="2" pvem="1" convergencia="0" na="1" noreg="0" coalicion="0" nulos="9" total="384" />
  <resultado seccion="1044" casilla="C1" simbolo="0" pan="160" pri="121" prd="84" pt="3" pvem="1" convergencia="1" na="1" noreg="0" coalicion="0" nulos="5" total="376" />
  <resultado seccion="1045" casilla="BA" simbolo="0" pan="139" pri="91" prd="76" pt="0" pvem="2" convergencia="0" na="2" noreg="0" coalicion="0" nulos="5" total="315" />
  <resultado seccion="1046" casilla="BA" simbolo="0" pan="75" pri="95" prd="103" pt="11" pvem="3" convergencia="0" na="2" noreg="0" coalicion="0" nulos="6" total="295" />
  <resultado seccion="1046" casilla="C1" simbolo="0" pan="64" pri="108" prd="102" pt="9" pvem="1" convergencia="1" na="3" noreg="1" coalicion="1" nulos="10" total="300" />
  <resultado seccion="1047" casilla="BA" simbolo="0" pan="54" pri="66" prd="97" pt="3" pvem="1" convergencia="0" na="0" noreg="0" coalicion="2" nulos="12" total="235" />
  <resultado seccion="1048" casilla="BA" simbolo="0" pan="34" pri="29" prd="41" pt="15" pvem="3" convergencia="0" na="3" noreg="0" coalicion="0" nulos="0" total="125" />
  <resultado seccion="1049" casilla="BA" simbolo="0" pan="59" pri="219" prd="160" pt="5" pvem="1" convergencia="1" na="4" noreg="0" coalicion="0" nulos="14" total="463" />
  <resultado seccion="1049" casilla="C1" simbolo="0" pan="97" pri="172" prd="181" pt="3" pvem="3" convergencia="0" na="3" noreg="0" coalicion="1" nulos="10" total="470" />
  <resultado seccion="1050" casilla="BA" simbolo="0" pan="89" pri="80" prd="180" pt="6" pvem="2" convergencia="0" na="5" noreg="0" coalicion="1" nulos="10" total="373" />
  <resultado seccion="1050" casilla="C1" simbolo="0" pan="105" pri="75" prd="171" pt="3" pvem="2" convergencia="0" na="3" noreg="0" coalicion="0" nulos="0" total="359" />
  <resultado seccion="1050" casilla="EX" simbolo="0" pan="30" pri="128" prd="104" pt="4" pvem="0" convergencia="1" na="7" noreg="0" coalicion="2" nulos="12" total="288" />
  <resultado seccion="1051" casilla="BA" simbolo="0" pan="70" pri="72" prd="301" pt="16" pvem="5" convergencia="2" na="17" noreg="0" coalicion="0" nulos="11" total="494" />
  <resultado seccion="1051" casilla="EX" simbolo="0" pan="8" pri="58" prd="199" pt="3" pvem="0" convergencia="0" na="11" noreg="0" coalicion="0" nulos="5" total="284" />
  <resultado seccion="1051" casilla="X2" simbolo="0" pan="50" pri="43" prd="71" pt="4" pvem="2" convergencia="0" na="4" noreg="0" coalicion="0" nulos="2" total="176" />
  <resultado seccion="1051" casilla="X3" simbolo="0" pan="110" pri="44" prd="55" pt="7" pvem="2" convergencia="0" na="2" noreg="0" coalicion="0" nulos="5" total="225" />
  <resultado seccion="1052" casilla="BA" simbolo="0" pan="89" pri="132" prd="145" pt="9" pvem="6" convergencia="1" na="5" noreg="0" coalicion="1" nulos="6" total="394" />
  <resultado seccion="1052" casilla="C1" simbolo="0" pan="77" pri="165" prd="121" pt="11" pvem="2" convergencia="3" na="10" noreg="0" coalicion="1" nulos="10" total="400" />
  <resultado seccion="1053" casilla="BA" simbolo="0" pan="77" pri="121" prd="107" pt="13" pvem="4" convergencia="1" na="2" noreg="0" coalicion="2" nulos="15" total="342" />
  <resultado seccion="1053" casilla="C1" simbolo="0" pan="83" pri="120" prd="91" pt="8" pvem="3" convergencia="1" na="4" noreg="0" coalicion="1" nulos="18" total="329" />
  <resultado seccion="1053" casilla="C2" simbolo="0" pan="75" pri="114" prd="96" pt="8" pvem="0" convergencia="0" na="11" noreg="0" coalicion="1" nulos="16" total="321" />
  <resultado seccion="1054" casilla="BA" simbolo="0" pan="128" pri="191" prd="138" pt="9" pvem="1" convergencia="0" na="1" noreg="0" coalicion="0" nulos="15" total="483" />
  <resultado seccion="1054" casilla="EX" simbolo="0" pan="50" pri="30" prd="31" pt="0" pvem="1" convergencia="0" na="0" noreg="0" coalicion="0" nulos="7" total="119" />
  <resultado seccion="1055" casilla="BA" simbolo="0" pan="134" pri="109" prd="120" pt="5" pvem="4" convergencia="0" na="3" noreg="0" coalicion="0" nulos="11" total="386" />
  <resultado seccion="1055" casilla="C1" simbolo="0" pan="130" pri="94" prd="128" pt="19" pvem="3" convergencia="0" na="5" noreg="0" coalicion="0" nulos="7" total="386" />
  <resultado seccion="1056" casilla="BA" simbolo="0" pan="42" pri="70" prd="150" pt="0" pvem="0" convergencia="0" na="0" noreg="0" coalicion="1" nulos="12" total="275" />
  <resultado seccion="1056" casilla="C1" simbolo="0" pan="35" pri="69" prd="151" pt="0" pvem="0" convergencia="0" na="0" noreg="0" coalicion="1" nulos="12" total="268" />
  <resultado seccion="1056" casilla="EX" simbolo="0" pan="66" pri="49" prd="190" pt="1" pvem="0" convergencia="0" na="0" noreg="0" coalicion="0" nulos="10" total="316" />
  <resultado seccion="1057" casilla="BA" simbolo="0" pan="98" pri="164" prd="197" pt="8" pvem="1" convergencia="0" na="0" noreg="0" coalicion="0" nulos="10" total="478" />
  <resultado seccion="1058" casilla="BA" simbolo="0" pan="65" pri="76" prd="119" pt="4" pvem="0" convergencia="0" na="1" noreg="0" coalicion="0" nulos="5" total="270" />
  <resultado seccion="1058" casilla="C1" simbolo="0" pan="38" pri="106" prd="89" pt="1" pvem="2" convergencia="0" na="2" noreg="0" coalicion="0" nulos="9" total="247" />
  <resultado seccion="1059" casilla="BA" simbolo="0" pan="119" pri="187" prd="58" pt="4" pvem="1" convergencia="0" na="1" noreg="0" coalicion="0" nulos="5" total="375" />
  <resultado seccion="1060" casilla="BA" simbolo="0" pan="36" pri="182" prd="133" pt="2" pvem="1" convergencia="1" na="1" noreg="1" coalicion="1" nulos="8" total="366" />
  <resultado seccion="1060" casilla="C1" simbolo="0" pan="29" pri="225" prd="103" pt="0" pvem="2" convergencia="0" na="4" noreg="0" coalicion="0" nulos="5" total="368" />
  <resultado seccion="1060" casilla="EX" simbolo="0" pan="83" pri="40" prd="41" pt="5" pvem="2" convergencia="0" na="0" noreg="0" coalicion="0" nulos="9" total="180" />
  <resultado seccion="1061" casilla="BA" simbolo="0" pan="54" pri="81" prd="267" pt="7" pvem="4" convergencia="0" na="0" noreg="0" coalicion="0" nulos="11" total="424" />
  <resultado seccion="1061" casilla="C1" simbolo="0" pan="61" pri="174" prd="159" pt="5" pvem="4" convergencia="2" na="3" noreg="0" coalicion="0" nulos="11" total="419" />
  <resultado seccion="1061" casilla="EX" simbolo="0" pan="15" pri="41" prd="41" pt="4" pvem="0" convergencia="1" na="0" noreg="0" coalicion="0" nulos="3" total="105" />
  <resultado seccion="1062" casilla="BA" simbolo="0" pan="58" pri="151" prd="185" pt="5" pvem="0" convergencia="1" na="0" noreg="0" coalicion="0" nulos="9" total="409" />
</detallado>