﻿<detallado distrito="X" nombre="JALAPA" listanominal="25,551" pan="464" pri="8,005" prd="9,646" pt="95" pvem="224" convergencia="275" na="91" noreg="8" coalicion="35" nulos="291" votaciontotal="19,134">
  <resultado seccion="0781" casilla="BA" simbolo="0" pan="12" pri="181" prd="255" pt="1" pvem="7" convergencia="6" na="1" noreg="0" coalicion="1" nulos="10" total="474" />
  <resultado seccion="0781" casilla="C1" simbolo="0" pan="10" pri="193" prd="245" pt="0" pvem="4" convergencia="8" na="1" noreg="3" coalicion="1" nulos="9" total="474" />
  <resultado seccion="0781" casilla="C2" simbolo="0" pan="12" pri="169" prd="236" pt="0" pvem="5" convergencia="7" na="2" noreg="0" coalicion="1" nulos="4" total="436" />
  <resultado seccion="0782" casilla="BA" simbolo="0" pan="6" pri="170" prd="195" pt="0" pvem="8" convergencia="6" na="4" noreg="0" coalicion="1" nulos="9" total="399" />
  <resultado seccion="0782" casilla="C1" simbolo="0" pan="12" pri="188" prd="182" pt="2" pvem="6" convergencia="4" na="1" noreg="1" coalicion="2" nulos="6" total="404" />
  <resultado seccion="0782" casilla="ESMR" simbolo="0" pan="3" pri="65" prd="121" pt="1" pvem="0" convergencia="7" na="1" noreg="0" coalicion="0" nulos="5" total="203" />
  <resultado seccion="0782" casilla="ESRP" simbolo="0" pan="3" pri="12" prd="14" pt="0" pvem="2" convergencia="2" na="1" noreg="0" coalicion="0" nulos="12" total="46" />
  <resultado seccion="0783" casilla="BA" simbolo="0" pan="8" pri="189" prd="201" pt="0" pvem="6" convergencia="11" na="6" noreg="0" coalicion="5" nulos="8" total="434" />
  <resultado seccion="0783" casilla="C1" simbolo="0" pan="17" pri="166" prd="205" pt="2" pvem="14" convergencia="5" na="5" noreg="0" coalicion="2" nulos="4" total="420" />
  <resultado seccion="0784" casilla="BA" simbolo="0" pan="1" pri="144" prd="112" pt="1" pvem="9" convergencia="11" na="1" noreg="0" coalicion="0" nulos="3" total="282" />
  <resultado seccion="0785" casilla="BA" simbolo="0" pan="6" pri="227" prd="131" pt="0" pvem="5" convergencia="4" na="1" noreg="0" coalicion="0" nulos="0" total="374" />
  <resultado seccion="0785" casilla="C1" simbolo="0" pan="7" pri="241" prd="132" pt="0" pvem="7" convergencia="4" na="3" noreg="0" coalicion="1" nulos="7" total="402" />
  <resultado seccion="0786" casilla="BA" simbolo="0" pan="2" pri="240" prd="178" pt="1" pvem="27" convergencia="1" na="4" noreg="0" coalicion="0" nulos="9" total="462" />
  <resultado seccion="0786" casilla="C1" simbolo="0" pan="2" pri="247" prd="170" pt="1" pvem="19" convergencia="3" na="2" noreg="0" coalicion="0" nulos="12" total="456" />
  <resultado seccion="0787" casilla="BA" simbolo="0" pan="1" pri="127" prd="107" pt="0" pvem="1" convergencia="6" na="4" noreg="0" coalicion="1" nulos="5" total="252" />
  <resultado seccion="0787" casilla="EX" simbolo="0" pan="5" pri="122" prd="83" pt="3" pvem="2" convergencia="1" na="0" noreg="0" coalicion="2" nulos="6" total="224" />
  <resultado seccion="0788" casilla="BA" simbolo="0" pan="8" pri="168" prd="149" pt="1" pvem="0" convergencia="1" na="0" noreg="0" coalicion="0" nulos="6" total="333" />
  <resultado seccion="0788" casilla="C1" simbolo="0" pan="7" pri="180" prd="140" pt="2" pvem="1" convergencia="2" na="0" noreg="1" coalicion="0" nulos="2" total="335" />
  <resultado seccion="0789" casilla="BA" simbolo="0" pan="7" pri="151" prd="182" pt="0" pvem="2" convergencia="3" na="1" noreg="0" coalicion="0" nulos="6" total="352" />
  <resultado seccion="0789" casilla="C1" simbolo="0" pan="3" pri="159" prd="170" pt="3" pvem="5" convergencia="5" na="1" noreg="0" coalicion="1" nulos="4" total="351" />
  <resultado seccion="0789" casilla="EX" simbolo="0" pan="10" pri="76" prd="191" pt="2" pvem="12" convergencia="6" na="0" noreg="0" coalicion="0" nulos="2" total="299" />
  <resultado seccion="0790" casilla="BA" simbolo="0" pan="2" pri="77" prd="27" pt="1" pvem="1" convergencia="3" na="0" noreg="0" coalicion="0" nulos="3" total="114" />
  <resultado seccion="0791" casilla="BA" simbolo="0" pan="6" pri="143" prd="109" pt="1" pvem="1" convergencia="10" na="1" noreg="0" coalicion="1" nulos="3" total="275" />
  <resultado seccion="0792" casilla="BA" simbolo="0" pan="12" pri="152" prd="202" pt="4" pvem="4" convergencia="8" na="0" noreg="0" coalicion="0" nulos="3" total="385" />
  <resultado seccion="0792" casilla="C1" simbolo="0" pan="22" pri="182" prd="182" pt="0" pvem="10" convergencia="14" na="2" noreg="1" coalicion="0" nulos="6" total="419" />
  <resultado seccion="0792" casilla="EX" simbolo="0" pan="10" pri="77" prd="101" pt="1" pvem="0" convergencia="3" na="0" noreg="0" coalicion="0" nulos="3" total="195" />
  <resultado seccion="0793" casilla="BA" simbolo="0" pan="8" pri="140" prd="165" pt="1" pvem="0" convergencia="3" na="0" noreg="0" coalicion="0" nulos="0" total="317" />
  <resultado seccion="0793" casilla="C1" simbolo="0" pan="18" pri="99" prd="220" pt="1" pvem="1" convergencia="1" na="0" noreg="0" coalicion="0" nulos="0" total="340" />
  <resultado seccion="0794" casilla="BA" simbolo="0" pan="2" pri="137" prd="211" pt="1" pvem="3" convergencia="8" na="0" noreg="0" coalicion="0" nulos="5" total="367" />
  <resultado seccion="0794" casilla="C1" simbolo="0" pan="1" pri="179" prd="147" pt="1" pvem="6" convergencia="2" na="1" noreg="0" coalicion="2" nulos="4" total="343" />
  <resultado seccion="0795" casilla="BA" simbolo="0" pan="1" pri="191" prd="155" pt="6" pvem="3" convergencia="1" na="1" noreg="0" coalicion="0" nulos="9" total="367" />
  <resultado seccion="0795" casilla="C1" simbolo="0" pan="2" pri="175" prd="173" pt="11" pvem="3" convergencia="0" na="1" noreg="0" coalicion="0" nulos="11" total="376" />
  <resultado seccion="0796" casilla="BA" simbolo="0" pan="5" pri="147" prd="223" pt="3" pvem="2" convergencia="1" na="0" noreg="0" coalicion="0" nulos="5" total="386" />
  <resultado seccion="0797" casilla="BA" simbolo="0" pan="1" pri="19" prd="38" pt="0" pvem="0" convergencia="2" na="1" noreg="0" coalicion="0" nulos="0" total="61" />
  <resultado seccion="0798" casilla="BA" simbolo="0" pan="13" pri="191" prd="261" pt="1" pvem="4" convergencia="44" na="16" noreg="0" coalicion="2" nulos="5" total="537" />
  <resultado seccion="0798" casilla="C1" simbolo="0" pan="5" pri="206" prd="264" pt="2" pvem="0" convergencia="25" na="9" noreg="0" coalicion="2" nulos="9" total="522" />
  <resultado seccion="0799" casilla="BA" simbolo="0" pan="8" pri="111" prd="158" pt="0" pvem="0" convergencia="0" na="0" noreg="0" coalicion="0" nulos="10" total="287" />
  <resultado seccion="0799" casilla="C1" simbolo="0" pan="21" pri="67" prd="188" pt="0" pvem="4" convergencia="1" na="0" noreg="0" coalicion="0" nulos="4" total="285" />
  <resultado seccion="0800" casilla="BA" simbolo="0" pan="6" pri="151" prd="182" pt="1" pvem="3" convergencia="0" na="5" noreg="0" coalicion="0" nulos="7" total="355" />
  <resultado seccion="0800" casilla="C1" simbolo="0" pan="6" pri="141" prd="206" pt="3" pvem="1" convergencia="0" na="2" noreg="0" coalicion="0" nulos="4" total="363" />
  <resultado seccion="0800" casilla="C2" simbolo="0" pan="4" pri="152" prd="176" pt="3" pvem="2" convergencia="0" na="1" noreg="2" coalicion="2" nulos="0" total="342" />
  <resultado seccion="0801" casilla="BA" simbolo="0" pan="9" pri="153" prd="207" pt="0" pvem="3" convergencia="2" na="2" noreg="0" coalicion="0" nulos="8" total="384" />
  <resultado seccion="0801" casilla="C1" simbolo="0" pan="18" pri="120" prd="243" pt="0" pvem="4" convergencia="0" na="1" noreg="0" coalicion="0" nulos="9" total="395" />
  <resultado seccion="0802" casilla="BA" simbolo="0" pan="45" pri="113" prd="194" pt="1" pvem="0" convergencia="5" na="0" noreg="0" coalicion="1" nulos="8" total="367" />
  <resultado seccion="0802" casilla="C1" simbolo="0" pan="33" pri="127" prd="216" pt="0" pvem="2" convergencia="7" na="2" noreg="0" coalicion="1" nulos="5" total="393" />
  <resultado seccion="0803" casilla="BA" simbolo="0" pan="4" pri="110" prd="207" pt="5" pvem="1" convergencia="6" na="6" noreg="0" coalicion="0" nulos="11" total="350" />
  <resultado seccion="0803" casilla="C1" simbolo="0" pan="7" pri="119" prd="191" pt="12" pvem="2" convergencia="8" na="0" noreg="0" coalicion="4" nulos="0" total="343" />
  <resultado seccion="0804" casilla="BA" simbolo="0" pan="8" pri="137" prd="190" pt="6" pvem="5" convergencia="1" na="1" noreg="0" coalicion="1" nulos="5" total="354" />
  <resultado seccion="0804" casilla="C1" simbolo="0" pan="5" pri="135" prd="201" pt="2" pvem="1" convergencia="4" na="0" noreg="0" coalicion="0" nulos="5" total="353" />
  <resultado seccion="0805" casilla="BA" simbolo="0" pan="4" pri="78" prd="109" pt="2" pvem="4" convergencia="7" na="0" noreg="0" coalicion="0" nulos="3" total="207" />
  <resultado seccion="0806" casilla="BA" simbolo="0" pan="4" pri="123" prd="193" pt="3" pvem="2" convergencia="1" na="1" noreg="0" coalicion="1" nulos="3" total="331" />
  <resultado seccion="0806" casilla="C1" simbolo="0" pan="1" pri="123" prd="190" pt="3" pvem="2" convergencia="3" na="0" noreg="0" coalicion="0" nulos="4" total="326" />
  <resultado seccion="0807" casilla="BA" simbolo="0" pan="20" pri="166" prd="251" pt="0" pvem="3" convergencia="0" na="0" noreg="0" coalicion="0" nulos="12" total="452" />
  <resultado seccion="0808" casilla="BA" simbolo="0" pan="8" pri="205" prd="206" pt="0" pvem="3" convergencia="2" na="0" noreg="0" coalicion="0" nulos="6" total="430" />
  <resultado seccion="0808" casilla="C1" simbolo="0" pan="6" pri="156" prd="275" pt="0" pvem="4" convergencia="2" na="0" noreg="0" coalicion="0" nulos="4" total="447" />
</detallado>