﻿<detallado distrito="XIII" nombre="MACUSPANA" listanominal="103,933" pan="1,851" pri="27,375" prd="16,573" pt="5,545" pvem="572" convergencia="4,676" na="1,319" noreg="13" coalicion="116" nulos="1,093" votaciontotal="59,133">
  <resultado seccion="0872" casilla="BA" simbolo="0" pan="13" pri="184" prd="83" pt="31" pvem="3" convergencia="8" na="11" noreg="0" coalicion="0" nulos="8" total="341" />
  <resultado seccion="0872" casilla="C1" simbolo="0" pan="16" pri="168" prd="79" pt="44" pvem="3" convergencia="12" na="8" noreg="0" coalicion="0" nulos="0" total="330" />
  <resultado seccion="0872" casilla="C2" simbolo="0" pan="15" pri="167" prd="95" pt="22" pvem="5" convergencia="21" na="7" noreg="0" coalicion="0" nulos="8" total="340" />
  <resultado seccion="0873" casilla="BA" simbolo="0" pan="8" pri="191" prd="96" pt="4" pvem="9" convergencia="19" na="3" noreg="0" coalicion="1" nulos="5" total="336" />
  <resultado seccion="0873" casilla="C1" simbolo="0" pan="12" pri="183" prd="79" pt="10" pvem="2" convergencia="25" na="4" noreg="0" coalicion="1" nulos="10" total="326" />
  <resultado seccion="0874" casilla="BA" simbolo="0" pan="22" pri="208" prd="96" pt="7" pvem="1" convergencia="18" na="4" noreg="0" coalicion="1" nulos="3" total="360" />
  <resultado seccion="0874" casilla="C1" simbolo="0" pan="18" pri="198" prd="91" pt="15" pvem="3" convergencia="11" na="12" noreg="0" coalicion="2" nulos="15" total="365" />
  <resultado seccion="0875" casilla="BA" simbolo="0" pan="11" pri="248" prd="103" pt="14" pvem="8" convergencia="12" na="7" noreg="0" coalicion="0" nulos="10" total="413" />
  <resultado seccion="0875" casilla="C1" simbolo="0" pan="16" pri="220" prd="99" pt="7" pvem="8" convergencia="18" na="5" noreg="0" coalicion="0" nulos="8" total="381" />
  <resultado seccion="0876" casilla="BA" simbolo="0" pan="8" pri="237" prd="73" pt="11" pvem="1" convergencia="31" na="5" noreg="0" coalicion="1" nulos="0" total="367" />
  <resultado seccion="0876" casilla="C1" simbolo="0" pan="10" pri="195" prd="85" pt="15" pvem="4" convergencia="23" na="6" noreg="0" coalicion="1" nulos="5" total="344" />
  <resultado seccion="0877" casilla="BA" simbolo="0" pan="12" pri="203" prd="115" pt="16" pvem="5" convergencia="21" na="10" noreg="1" coalicion="0" nulos="6" total="389" />
  <resultado seccion="0877" casilla="C1" simbolo="0" pan="19" pri="217" prd="84" pt="18" pvem="5" convergencia="27" na="5" noreg="0" coalicion="0" nulos="3" total="378" />
  <resultado seccion="0877" casilla="C2" simbolo="0" pan="17" pri="187" prd="99" pt="24" pvem="3" convergencia="21" na="14" noreg="0" coalicion="1" nulos="10" total="376" />
  <resultado seccion="0878" casilla="BA" simbolo="0" pan="10" pri="207" prd="76" pt="14" pvem="2" convergencia="29" na="6" noreg="0" coalicion="0" nulos="8" total="352" />
  <resultado seccion="0878" casilla="C1" simbolo="0" pan="19" pri="187" prd="79" pt="12" pvem="5" convergencia="18" na="6" noreg="0" coalicion="0" nulos="7" total="333" />
  <resultado seccion="0878" casilla="C2" simbolo="0" pan="10" pri="208" prd="66" pt="13" pvem="3" convergencia="18" na="5" noreg="2" coalicion="0" nulos="8" total="333" />
  <resultado seccion="0879" casilla="BA" simbolo="0" pan="11" pri="148" prd="95" pt="23" pvem="2" convergencia="11" na="14" noreg="0" coalicion="0" nulos="9" total="313" />
  <resultado seccion="0879" casilla="C1" simbolo="0" pan="14" pri="170" prd="79" pt="34" pvem="4" convergencia="6" na="9" noreg="0" coalicion="2" nulos="9" total="327" />
  <resultado seccion="0879" casilla="C2" simbolo="0" pan="7" pri="161" prd="114" pt="26" pvem="3" convergencia="12" na="10" noreg="0" coalicion="0" nulos="0" total="333" />
  <resultado seccion="0879" casilla="C3" simbolo="0" pan="11" pri="176" prd="85" pt="31" pvem="6" convergencia="15" na="5" noreg="0" coalicion="2" nulos="6" total="337" />
  <resultado seccion="0880" casilla="BA" simbolo="0" pan="36" pri="222" prd="110" pt="23" pvem="6" convergencia="17" na="9" noreg="0" coalicion="1" nulos="6" total="430" />
  <resultado seccion="0880" casilla="C1" simbolo="0" pan="29" pri="240" prd="102" pt="16" pvem="7" convergencia="21" na="4" noreg="0" coalicion="3" nulos="7" total="429" />
  <resultado seccion="0881" casilla="BA" simbolo="0" pan="14" pri="256" prd="77" pt="9" pvem="8" convergencia="13" na="2" noreg="0" coalicion="0" nulos="9" total="388" />
  <resultado seccion="0881" casilla="C1" simbolo="0" pan="17" pri="214" prd="102" pt="7" pvem="4" convergencia="16" na="3" noreg="0" coalicion="0" nulos="9" total="372" />
  <resultado seccion="0881" casilla="C2" simbolo="0" pan="14" pri="218" prd="92" pt="11" pvem="3" convergencia="12" na="6" noreg="0" coalicion="2" nulos="6" total="364" />
  <resultado seccion="0881" casilla="ESMR" simbolo="0" pan="15" pri="278" prd="315" pt="20" pvem="5" convergencia="45" na="6" noreg="0" coalicion="1" nulos="10" total="695" />
  <resultado seccion="0881" casilla="ESRP" simbolo="1" pan="0" pri="0" prd="0" pt="0" pvem="0" convergencia="0" na="0" noreg="0" coalicion="0" nulos="0" total="0" />
  <resultado seccion="0882" casilla="BA" simbolo="0" pan="11" pri="172" prd="85" pt="14" pvem="1" convergencia="12" na="5" noreg="0" coalicion="0" nulos="0" total="300" />
  <resultado seccion="0882" casilla="C1" simbolo="0" pan="14" pri="191" prd="85" pt="10" pvem="2" convergencia="11" na="4" noreg="0" coalicion="0" nulos="4" total="321" />
  <resultado seccion="0882" casilla="C2" simbolo="0" pan="9" pri="226" prd="60" pt="10" pvem="1" convergencia="12" na="3" noreg="0" coalicion="3" nulos="6" total="330" />
  <resultado seccion="0883" casilla="BA" simbolo="0" pan="11" pri="201" prd="84" pt="16" pvem="2" convergencia="13" na="19" noreg="1" coalicion="1" nulos="3" total="351" />
  <resultado seccion="0883" casilla="C1" simbolo="0" pan="6" pri="205" prd="73" pt="26" pvem="5" convergencia="17" na="24" noreg="0" coalicion="0" nulos="7" total="363" />
  <resultado seccion="0884" casilla="BA" simbolo="0" pan="11" pri="201" prd="76" pt="8" pvem="2" convergencia="30" na="5" noreg="0" coalicion="0" nulos="9" total="342" />
  <resultado seccion="0884" casilla="C1" simbolo="0" pan="10" pri="200" prd="61" pt="12" pvem="2" convergencia="39" na="4" noreg="0" coalicion="0" nulos="5" total="333" />
  <resultado seccion="0884" casilla="C2" simbolo="0" pan="9" pri="208" prd="66" pt="19" pvem="2" convergencia="14" na="3" noreg="0" coalicion="0" nulos="9" total="330" />
  <resultado seccion="0885" casilla="BA" simbolo="0" pan="6" pri="185" prd="113" pt="14" pvem="4" convergencia="12" na="11" noreg="0" coalicion="1" nulos="9" total="355" />
  <resultado seccion="0885" casilla="C1" simbolo="0" pan="8" pri="185" prd="106" pt="18" pvem="5" convergencia="10" na="13" noreg="0" coalicion="0" nulos="5" total="350" />
  <resultado seccion="0885" casilla="C2" simbolo="0" pan="12" pri="153" prd="118" pt="21" pvem="6" convergencia="15" na="9" noreg="0" coalicion="1" nulos="6" total="341" />
  <resultado seccion="0885" casilla="C3" simbolo="0" pan="14" pri="186" prd="104" pt="18" pvem="1" convergencia="13" na="13" noreg="0" coalicion="13" nulos="6" total="368" />
  <resultado seccion="0886" casilla="BA" simbolo="0" pan="44" pri="76" prd="139" pt="30" pvem="0" convergencia="27" na="6" noreg="0" coalicion="0" nulos="3" total="325" />
  <resultado seccion="0886" casilla="C1" simbolo="0" pan="35" pri="75" prd="158" pt="22" pvem="2" convergencia="39" na="7" noreg="0" coalicion="0" nulos="9" total="347" />
  <resultado seccion="0886" casilla="EX" simbolo="0" pan="3" pri="73" prd="99" pt="15" pvem="0" convergencia="11" na="1" noreg="0" coalicion="0" nulos="1" total="203" />
  <resultado seccion="0887" casilla="BA" simbolo="0" pan="3" pri="81" prd="74" pt="7" pvem="0" convergencia="52" na="5" noreg="0" coalicion="0" nulos="2" total="224" />
  <resultado seccion="0888" casilla="BA" simbolo="0" pan="20" pri="69" prd="84" pt="20" pvem="6" convergencia="13" na="2" noreg="0" coalicion="0" nulos="2" total="216" />
  <resultado seccion="0889" casilla="BA" simbolo="0" pan="6" pri="160" prd="128" pt="23" pvem="2" convergencia="27" na="7" noreg="0" coalicion="0" nulos="20" total="373" />
  <resultado seccion="0889" casilla="C1" simbolo="0" pan="2" pri="135" prd="136" pt="24" pvem="4" convergencia="22" na="6" noreg="0" coalicion="1" nulos="11" total="341" />
  <resultado seccion="0890" casilla="BA" simbolo="0" pan="65" pri="164" prd="110" pt="2" pvem="2" convergencia="46" na="1" noreg="0" coalicion="1" nulos="9" total="400" />
  <resultado seccion="0890" casilla="C1" simbolo="0" pan="50" pri="155" prd="102" pt="5" pvem="3" convergencia="34" na="2" noreg="0" coalicion="1" nulos="23" total="375" />
  <resultado seccion="0890" casilla="EX" simbolo="0" pan="48" pri="172" prd="126" pt="13" pvem="3" convergencia="51" na="6" noreg="0" coalicion="0" nulos="9" total="428" />
  <resultado seccion="0891" casilla="BA" simbolo="0" pan="46" pri="177" prd="25" pt="1" pvem="0" convergencia="93" na="2" noreg="0" coalicion="0" nulos="0" total="344" />
  <resultado seccion="0892" casilla="BA" simbolo="0" pan="8" pri="152" prd="92" pt="85" pvem="1" convergencia="21" na="5" noreg="0" coalicion="2" nulos="4" total="370" />
  <resultado seccion="0892" casilla="C1" simbolo="0" pan="2" pri="147" prd="132" pt="57" pvem="1" convergencia="22" na="1" noreg="0" coalicion="0" nulos="8" total="370" />
  <resultado seccion="0892" casilla="C2" simbolo="0" pan="3" pri="151" prd="89" pt="80" pvem="2" convergencia="14" na="3" noreg="0" coalicion="0" nulos="0" total="342" />
  <resultado seccion="0893" casilla="BA" simbolo="0" pan="6" pri="107" prd="88" pt="26" pvem="2" convergencia="45" na="3" noreg="0" coalicion="0" nulos="11" total="288" />
  <resultado seccion="0893" casilla="C1" simbolo="0" pan="3" pri="132" prd="67" pt="20" pvem="6" convergencia="20" na="4" noreg="0" coalicion="0" nulos="9" total="261" />
  <resultado seccion="0894" casilla="BA" simbolo="0" pan="2" pri="85" prd="40" pt="40" pvem="2" convergencia="16" na="0" noreg="0" coalicion="0" nulos="8" total="193" />
  <resultado seccion="0895" casilla="BA" simbolo="0" pan="8" pri="140" prd="102" pt="13" pvem="11" convergencia="25" na="7" noreg="0" coalicion="0" nulos="6" total="312" />
  <resultado seccion="0895" casilla="C1" simbolo="0" pan="4" pri="139" prd="74" pt="10" pvem="8" convergencia="47" na="3" noreg="0" coalicion="0" nulos="6" total="291" />
  <resultado seccion="0896" casilla="BA" simbolo="0" pan="5" pri="96" prd="50" pt="5" pvem="8" convergencia="12" na="5" noreg="0" coalicion="0" nulos="4" total="185" />
  <resultado seccion="0896" casilla="C1" simbolo="0" pan="6" pri="101" prd="38" pt="7" pvem="6" convergencia="14" na="2" noreg="0" coalicion="0" nulos="6" total="180" />
  <resultado seccion="0897" casilla="BA" simbolo="0" pan="4" pri="82" prd="111" pt="19" pvem="2" convergencia="18" na="3" noreg="0" coalicion="1" nulos="8" total="248" />
  <resultado seccion="0897" casilla="C1" simbolo="0" pan="9" pri="138" prd="83" pt="8" pvem="0" convergencia="24" na="2" noreg="0" coalicion="0" nulos="5" total="269" />
  <resultado seccion="0897" casilla="C2" simbolo="0" pan="5" pri="120" prd="92" pt="6" pvem="4" convergencia="29" na="2" noreg="0" coalicion="0" nulos="11" total="269" />
  <resultado seccion="0898" casilla="BA" simbolo="0" pan="15" pri="103" prd="69" pt="4" pvem="4" convergencia="28" na="2" noreg="0" coalicion="0" nulos="9" total="234" />
  <resultado seccion="0898" casilla="C1" simbolo="0" pan="5" pri="125" prd="75" pt="9" pvem="7" convergencia="31" na="3" noreg="0" coalicion="1" nulos="0" total="256" />
  <resultado seccion="0899" casilla="BA" simbolo="0" pan="11" pri="111" prd="77" pt="4" pvem="28" convergencia="14" na="2" noreg="0" coalicion="0" nulos="4" total="251" />
  <resultado seccion="0900" casilla="BA" simbolo="0" pan="8" pri="100" prd="115" pt="45" pvem="2" convergencia="73" na="28" noreg="0" coalicion="0" nulos="0" total="371" />
  <resultado seccion="0900" casilla="C1" simbolo="0" pan="2" pri="98" prd="147" pt="34" pvem="4" convergencia="32" na="12" noreg="0" coalicion="1" nulos="8" total="338" />
  <resultado seccion="0901" casilla="BA" simbolo="0" pan="7" pri="137" prd="135" pt="27" pvem="7" convergencia="29" na="3" noreg="0" coalicion="0" nulos="3" total="348" />
  <resultado seccion="0901" casilla="C1" simbolo="0" pan="4" pri="149" prd="151" pt="31" pvem="6" convergencia="33" na="5" noreg="0" coalicion="0" nulos="0" total="379" />
  <resultado seccion="0902" casilla="BA" simbolo="0" pan="2" pri="97" prd="91" pt="16" pvem="4" convergencia="18" na="0" noreg="0" coalicion="0" nulos="3" total="231" />
  <resultado seccion="0902" casilla="C1" simbolo="0" pan="4" pri="93" prd="110" pt="14" pvem="5" convergencia="13" na="2" noreg="0" coalicion="1" nulos="3" total="245" />
  <resultado seccion="0903" casilla="BA" simbolo="0" pan="2" pri="132" prd="81" pt="35" pvem="7" convergencia="26" na="7" noreg="0" coalicion="0" nulos="8" total="298" />
  <resultado seccion="0903" casilla="C1" simbolo="0" pan="4" pri="110" prd="87" pt="28" pvem="1" convergencia="28" na="10" noreg="0" coalicion="0" nulos="6" total="274" />
  <resultado seccion="0903" casilla="C2" simbolo="0" pan="4" pri="120" prd="75" pt="27" pvem="8" convergencia="30" na="7" noreg="0" coalicion="0" nulos="8" total="279" />
  <resultado seccion="0904" casilla="BA" simbolo="0" pan="40" pri="28" prd="42" pt="5" pvem="1" convergencia="29" na="3" noreg="0" coalicion="0" nulos="1" total="149" />
  <resultado seccion="0904" casilla="EX" simbolo="0" pan="2" pri="62" prd="17" pt="21" pvem="0" convergencia="17" na="5" noreg="0" coalicion="0" nulos="0" total="124" />
  <resultado seccion="0905" casilla="BA" simbolo="0" pan="0" pri="166" prd="138" pt="58" pvem="4" convergencia="8" na="8" noreg="0" coalicion="1" nulos="12" total="395" />
  <resultado seccion="0905" casilla="C1" simbolo="0" pan="4" pri="161" prd="169" pt="48" pvem="6" convergencia="15" na="7" noreg="0" coalicion="0" nulos="1" total="411" />
  <resultado seccion="0906" casilla="BA" simbolo="0" pan="6" pri="51" prd="119" pt="39" pvem="1" convergencia="23" na="4" noreg="0" coalicion="0" nulos="7" total="250" />
  <resultado seccion="0906" casilla="C1" simbolo="0" pan="1" pri="109" prd="89" pt="36" pvem="6" convergencia="28" na="2" noreg="0" coalicion="0" nulos="3" total="274" />
  <resultado seccion="0907" casilla="BA" simbolo="0" pan="5" pri="89" prd="67" pt="24" pvem="2" convergencia="59" na="10" noreg="0" coalicion="1" nulos="7" total="264" />
  <resultado seccion="0907" casilla="C1" simbolo="0" pan="0" pri="91" prd="83" pt="21" pvem="7" convergencia="25" na="5" noreg="0" coalicion="0" nulos="5" total="237" />
  <resultado seccion="0908" casilla="BA" simbolo="0" pan="12" pri="139" prd="88" pt="51" pvem="1" convergencia="8" na="3" noreg="0" coalicion="0" nulos="4" total="306" />
  <resultado seccion="0909" casilla="BA" simbolo="0" pan="5" pri="79" prd="95" pt="62" pvem="0" convergencia="8" na="7" noreg="0" coalicion="0" nulos="8" total="264" />
  <resultado seccion="0909" casilla="C1" simbolo="0" pan="3" pri="82" prd="79" pt="48" pvem="1" convergencia="18" na="2" noreg="0" coalicion="0" nulos="4" total="237" />
  <resultado seccion="0910" casilla="BA" simbolo="0" pan="12" pri="125" prd="171" pt="50" pvem="3" convergencia="29" na="21" noreg="0" coalicion="0" nulos="0" total="411" />
  <resultado seccion="0910" casilla="C1" simbolo="0" pan="4" pri="107" prd="152" pt="63" pvem="9" convergencia="50" na="15" noreg="0" coalicion="1" nulos="0" total="401" />
  <resultado seccion="0911" casilla="BA" simbolo="0" pan="7" pri="92" prd="89" pt="60" pvem="2" convergencia="24" na="10" noreg="0" coalicion="0" nulos="8" total="292" />
  <resultado seccion="0911" casilla="C1" simbolo="0" pan="2" pri="111" prd="102" pt="56" pvem="1" convergencia="22" na="8" noreg="0" coalicion="2" nulos="6" total="310" />
  <resultado seccion="0911" casilla="C2" simbolo="0" pan="3" pri="100" prd="96" pt="67" pvem="1" convergencia="25" na="8" noreg="0" coalicion="3" nulos="10" total="313" />
  <resultado seccion="0912" casilla="BA" simbolo="0" pan="3" pri="169" prd="103" pt="52" pvem="0" convergencia="29" na="26" noreg="0" coalicion="2" nulos="2" total="386" />
  <resultado seccion="0912" casilla="C1" simbolo="0" pan="14" pri="192" prd="110" pt="33" pvem="2" convergencia="45" na="16" noreg="0" coalicion="1" nulos="6" total="419" />
  <resultado seccion="0913" casilla="BA" simbolo="0" pan="2" pri="134" prd="146" pt="60" pvem="4" convergencia="22" na="24" noreg="0" coalicion="0" nulos="0" total="392" />
  <resultado seccion="0913" casilla="C1" simbolo="0" pan="3" pri="143" prd="137" pt="55" pvem="3" convergencia="17" na="22" noreg="0" coalicion="0" nulos="1" total="381" />
  <resultado seccion="0914" casilla="BA" simbolo="0" pan="1" pri="150" prd="153" pt="83" pvem="2" convergencia="26" na="24" noreg="0" coalicion="1" nulos="7" total="447" />
  <resultado seccion="0914" casilla="C1" simbolo="0" pan="2" pri="133" prd="166" pt="57" pvem="0" convergencia="29" na="28" noreg="0" coalicion="1" nulos="0" total="416" />
  <resultado seccion="0915" casilla="BA" simbolo="0" pan="2" pri="118" prd="108" pt="40" pvem="5" convergencia="32" na="10" noreg="0" coalicion="2" nulos="4" total="321" />
  <resultado seccion="0915" casilla="C1" simbolo="0" pan="3" pri="104" prd="87" pt="39" pvem="2" convergencia="46" na="22" noreg="0" coalicion="4" nulos="4" total="311" />
  <resultado seccion="0915" casilla="C2" simbolo="0" pan="5" pri="128" prd="66" pt="53" pvem="3" convergencia="39" na="16" noreg="0" coalicion="3" nulos="6" total="319" />
  <resultado seccion="0916" casilla="BA" simbolo="0" pan="3" pri="134" prd="61" pt="41" pvem="6" convergencia="33" na="17" noreg="0" coalicion="0" nulos="7" total="302" />
  <resultado seccion="0916" casilla="C1" simbolo="0" pan="3" pri="146" prd="59" pt="30" pvem="4" convergencia="35" na="24" noreg="0" coalicion="2" nulos="0" total="303" />
  <resultado seccion="0917" casilla="BA" simbolo="0" pan="1" pri="117" prd="87" pt="39" pvem="5" convergencia="13" na="18" noreg="0" coalicion="1" nulos="6" total="287" />
  <resultado seccion="0917" casilla="C1" simbolo="0" pan="1" pri="103" prd="84" pt="46" pvem="3" convergencia="16" na="14" noreg="0" coalicion="0" nulos="5" total="272" />
  <resultado seccion="0918" casilla="BA" simbolo="0" pan="6" pri="141" prd="107" pt="57" pvem="8" convergencia="13" na="10" noreg="0" coalicion="0" nulos="0" total="342" />
  <resultado seccion="0918" casilla="C1" simbolo="0" pan="1" pri="100" prd="111" pt="63" pvem="0" convergencia="10" na="21" noreg="0" coalicion="2" nulos="3" total="311" />
  <resultado seccion="0918" casilla="C2" simbolo="0" pan="4" pri="114" prd="88" pt="80" pvem="2" convergencia="10" na="9" noreg="0" coalicion="2" nulos="4" total="313" />
  <resultado seccion="0919" casilla="BA" simbolo="0" pan="11" pri="77" prd="118" pt="59" pvem="0" convergencia="63" na="6" noreg="0" coalicion="0" nulos="17" total="351" />
  <resultado seccion="0919" casilla="C1" simbolo="0" pan="5" pri="76" prd="137" pt="57" pvem="4" convergencia="42" na="12" noreg="0" coalicion="0" nulos="0" total="333" />
  <resultado seccion="0920" casilla="BA" simbolo="0" pan="1" pri="74" prd="56" pt="48" pvem="0" convergencia="44" na="2" noreg="0" coalicion="0" nulos="0" total="225" />
  <resultado seccion="0921" casilla="BA" simbolo="0" pan="22" pri="30" prd="30" pt="19" pvem="0" convergencia="10" na="0" noreg="0" coalicion="0" nulos="1" total="112" />
  <resultado seccion="0922" casilla="BA" simbolo="0" pan="3" pri="177" prd="92" pt="41" pvem="3" convergencia="13" na="24" noreg="0" coalicion="0" nulos="19" total="372" />
  <resultado seccion="0922" casilla="C1" simbolo="0" pan="1" pri="137" prd="117" pt="73" pvem="2" convergencia="21" na="39" noreg="0" coalicion="0" nulos="4" total="394" />
  <resultado seccion="0922" casilla="C2" simbolo="0" pan="5" pri="165" prd="113" pt="28" pvem="4" convergencia="16" na="50" noreg="0" coalicion="5" nulos="6" total="392" />
  <resultado seccion="0923" casilla="BA" simbolo="0" pan="2" pri="141" prd="96" pt="56" pvem="1" convergencia="9" na="3" noreg="0" coalicion="0" nulos="7" total="315" />
  <resultado seccion="0923" casilla="C1" simbolo="0" pan="0" pri="139" prd="59" pt="72" pvem="1" convergencia="9" na="4" noreg="0" coalicion="0" nulos="6" total="290" />
  <resultado seccion="0923" casilla="C2" simbolo="0" pan="3" pri="161" prd="80" pt="39" pvem="2" convergencia="10" na="5" noreg="0" coalicion="0" nulos="13" total="313" />
  <resultado seccion="0924" casilla="BA" simbolo="0" pan="3" pri="195" prd="168" pt="38" pvem="4" convergencia="45" na="25" noreg="0" coalicion="2" nulos="4" total="484" />
  <resultado seccion="0924" casilla="C1" simbolo="0" pan="0" pri="199" prd="158" pt="35" pvem="2" convergencia="35" na="32" noreg="0" coalicion="0" nulos="8" total="469" />
  <resultado seccion="0925" casilla="BA" simbolo="0" pan="11" pri="175" prd="149" pt="62" pvem="2" convergencia="55" na="2" noreg="0" coalicion="0" nulos="13" total="469" />
  <resultado seccion="0925" casilla="C1" simbolo="0" pan="21" pri="193" prd="157" pt="39" pvem="1" convergencia="55" na="1" noreg="0" coalicion="0" nulos="0" total="467" />
  <resultado seccion="0926" casilla="BA" simbolo="0" pan="8" pri="101" prd="22" pt="59" pvem="0" convergencia="27" na="2" noreg="0" coalicion="1" nulos="3" total="223" />
  <resultado seccion="0927" casilla="BA" simbolo="0" pan="32" pri="226" prd="100" pt="24" pvem="1" convergencia="24" na="2" noreg="0" coalicion="0" nulos="9" total="418" />
  <resultado seccion="0928" casilla="BA" simbolo="0" pan="10" pri="143" prd="114" pt="49" pvem="3" convergencia="21" na="2" noreg="0" coalicion="0" nulos="0" total="342" />
  <resultado seccion="0928" casilla="C1" simbolo="0" pan="0" pri="141" prd="162" pt="27" pvem="4" convergencia="13" na="3" noreg="0" coalicion="0" nulos="12" total="362" />
  <resultado seccion="0928" casilla="C2" simbolo="0" pan="3" pri="197" prd="87" pt="41" pvem="3" convergencia="15" na="7" noreg="0" coalicion="0" nulos="0" total="353" />
  <resultado seccion="0929" casilla="BA" simbolo="0" pan="9" pri="196" prd="120" pt="38" pvem="3" convergencia="32" na="7" noreg="0" coalicion="0" nulos="0" total="405" />
  <resultado seccion="0929" casilla="C1" simbolo="0" pan="15" pri="210" prd="78" pt="39" pvem="5" convergencia="24" na="8" noreg="0" coalicion="0" nulos="8" total="387" />
  <resultado seccion="0930" casilla="BA" simbolo="0" pan="9" pri="228" prd="85" pt="31" pvem="1" convergencia="40" na="7" noreg="0" coalicion="1" nulos="5" total="407" />
  <resultado seccion="0930" casilla="C1" simbolo="0" pan="14" pri="208" prd="75" pt="50" pvem="2" convergencia="19" na="14" noreg="0" coalicion="2" nulos="5" total="389" />
  <resultado seccion="0931" casilla="BA" simbolo="0" pan="13" pri="203" prd="125" pt="38" pvem="6" convergencia="34" na="14" noreg="0" coalicion="0" nulos="11" total="444" />
  <resultado seccion="0931" casilla="C1" simbolo="0" pan="11" pri="235" prd="86" pt="42" pvem="2" convergencia="28" na="15" noreg="0" coalicion="1" nulos="14" total="434" />
  <resultado seccion="0932" casilla="BA" simbolo="0" pan="23" pri="191" prd="153" pt="23" pvem="3" convergencia="33" na="12" noreg="0" coalicion="0" nulos="16" total="454" />
  <resultado seccion="0933" casilla="BA" simbolo="0" pan="11" pri="143" prd="46" pt="26" pvem="1" convergencia="19" na="0" noreg="0" coalicion="1" nulos="5" total="252" />
  <resultado seccion="0933" casilla="C1" simbolo="0" pan="12" pri="162" prd="46" pt="38" pvem="3" convergencia="13" na="2" noreg="4" coalicion="4" nulos="4" total="288" />
  <resultado seccion="0934" casilla="BA" simbolo="0" pan="5" pri="201" prd="81" pt="44" pvem="6" convergencia="13" na="1" noreg="0" coalicion="0" nulos="11" total="362" />
  <resultado seccion="0934" casilla="C1" simbolo="0" pan="8" pri="174" prd="81" pt="50" pvem="3" convergencia="19" na="1" noreg="0" coalicion="0" nulos="8" total="344" />
  <resultado seccion="0934" casilla="C2" simbolo="0" pan="7" pri="186" prd="71" pt="48" pvem="6" convergencia="25" na="1" noreg="0" coalicion="1" nulos="8" total="353" />
  <resultado seccion="0934" casilla="C3" simbolo="0" pan="19" pri="206" prd="62" pt="56" pvem="0" convergencia="10" na="1" noreg="0" coalicion="0" nulos="6" total="360" />
  <resultado seccion="0935" casilla="BA" simbolo="0" pan="15" pri="188" prd="100" pt="24" pvem="2" convergencia="31" na="7" noreg="0" coalicion="0" nulos="9" total="376" />
  <resultado seccion="0935" casilla="C1" simbolo="0" pan="18" pri="226" prd="86" pt="30" pvem="4" convergencia="16" na="5" noreg="0" coalicion="0" nulos="0" total="385" />
  <resultado seccion="0936" casilla="BA" simbolo="0" pan="2" pri="107" prd="58" pt="11" pvem="2" convergencia="60" na="0" noreg="0" coalicion="4" nulos="5" total="249" />
  <resultado seccion="0937" casilla="BA" simbolo="0" pan="21" pri="129" prd="189" pt="11" pvem="0" convergencia="28" na="1" noreg="0" coalicion="0" nulos="0" total="379" />
  <resultado seccion="0938" casilla="BA" simbolo="0" pan="6" pri="182" prd="85" pt="31" pvem="18" convergencia="18" na="9" noreg="0" coalicion="0" nulos="11" total="360" />
  <resultado seccion="0938" casilla="C1" simbolo="0" pan="10" pri="134" prd="125" pt="39" pvem="1" convergencia="9" na="4" noreg="0" coalicion="0" nulos="11" total="333" />
  <resultado seccion="0938" casilla="C2" simbolo="0" pan="11" pri="160" prd="136" pt="33" pvem="2" convergencia="18" na="3" noreg="0" coalicion="1" nulos="15" total="379" />
  <resultado seccion="0939" casilla="BA" simbolo="0" pan="7" pri="159" prd="103" pt="38" pvem="2" convergencia="7" na="7" noreg="0" coalicion="0" nulos="12" total="335" />
  <resultado seccion="0939" casilla="C1" simbolo="0" pan="17" pri="137" prd="116" pt="42" pvem="1" convergencia="9" na="0" noreg="0" coalicion="0" nulos="0" total="322" />
  <resultado seccion="0939" casilla="C2" simbolo="0" pan="12" pri="189" prd="85" pt="14" pvem="1" convergencia="14" na="2" noreg="0" coalicion="0" nulos="6" total="323" />
  <resultado seccion="0940" casilla="BA" simbolo="0" pan="17" pri="138" prd="67" pt="11" pvem="2" convergencia="20" na="1" noreg="0" coalicion="1" nulos="7" total="264" />
  <resultado seccion="0940" casilla="C1" simbolo="0" pan="8" pri="140" prd="58" pt="25" pvem="1" convergencia="8" na="0" noreg="0" coalicion="0" nulos="4" total="244" />
  <resultado seccion="0941" casilla="BA" simbolo="0" pan="5" pri="141" prd="117" pt="3" pvem="1" convergencia="41" na="2" noreg="0" coalicion="0" nulos="4" total="314" />
  <resultado seccion="0942" casilla="BA" simbolo="0" pan="12" pri="216" prd="78" pt="19" pvem="3" convergencia="48" na="1" noreg="0" coalicion="1" nulos="7" total="385" />
  <resultado seccion="0942" casilla="C1" simbolo="0" pan="9" pri="222" prd="46" pt="31" pvem="7" convergencia="58" na="5" noreg="3" coalicion="1" nulos="3" total="385" />
  <resultado seccion="0943" casilla="BA" simbolo="0" pan="16" pri="109" prd="55" pt="46" pvem="4" convergencia="70" na="1" noreg="0" coalicion="1" nulos="4" total="306" />
  <resultado seccion="0943" casilla="C1" simbolo="0" pan="5" pri="119" prd="98" pt="21" pvem="1" convergencia="36" na="6" noreg="0" coalicion="1" nulos="11" total="298" />
  <resultado seccion="0943" casilla="C2" simbolo="0" pan="6" pri="123" prd="72" pt="14" pvem="1" convergencia="68" na="11" noreg="0" coalicion="0" nulos="9" total="304" />
  <resultado seccion="0944" casilla="BA" simbolo="0" pan="5" pri="176" prd="100" pt="69" pvem="3" convergencia="26" na="4" noreg="0" coalicion="2" nulos="12" total="397" />
  <resultado seccion="0944" casilla="EX" simbolo="0" pan="11" pri="83" prd="21" pt="31" pvem="2" convergencia="11" na="13" noreg="0" coalicion="0" nulos="4" total="176" />
  <resultado seccion="0945" casilla="BA" simbolo="0" pan="13" pri="231" prd="70" pt="20" pvem="1" convergencia="27" na="2" noreg="1" coalicion="0" nulos="7" total="372" />
  <resultado seccion="0945" casilla="C1" simbolo="0" pan="18" pri="266" prd="36" pt="28" pvem="1" convergencia="21" na="2" noreg="0" coalicion="1" nulos="6" total="379" />
  <resultado seccion="0945" casilla="C2" simbolo="0" pan="12" pri="303" prd="36" pt="32" pvem="1" convergencia="3" na="0" noreg="0" coalicion="1" nulos="6" total="394" />
  <resultado seccion="0946" casilla="BA" simbolo="0" pan="23" pri="200" prd="66" pt="9" pvem="0" convergencia="61" na="3" noreg="0" coalicion="1" nulos="11" total="374" />
  <resultado seccion="0946" casilla="C1" simbolo="0" pan="12" pri="200" prd="56" pt="25" pvem="0" convergencia="20" na="1" noreg="0" coalicion="0" nulos="9" total="323" />
  <resultado seccion="0947" casilla="BA" simbolo="0" pan="6" pri="137" prd="55" pt="28" pvem="2" convergencia="24" na="9" noreg="0" coalicion="0" nulos="5" total="266" />
  <resultado seccion="0947" casilla="C1" simbolo="0" pan="4" pri="101" prd="56" pt="30" pvem="2" convergencia="32" na="4" noreg="0" coalicion="1" nulos="6" total="236" />
  <resultado seccion="0947" casilla="C2" simbolo="0" pan="4" pri="95" prd="100" pt="17" pvem="2" convergencia="36" na="4" noreg="0" coalicion="0" nulos="5" total="263" />
  <resultado seccion="0948" casilla="BA" simbolo="0" pan="48" pri="115" prd="29" pt="48" pvem="2" convergencia="88" na="4" noreg="0" coalicion="0" nulos="9" total="343" />
  <resultado seccion="0948" casilla="C1" simbolo="0" pan="10" pri="114" prd="38" pt="44" pvem="5" convergencia="86" na="9" noreg="0" coalicion="0" nulos="12" total="318" />
  <resultado seccion="0949" casilla="BA" simbolo="0" pan="6" pri="166" prd="30" pt="62" pvem="1" convergencia="2" na="1" noreg="0" coalicion="1" nulos="6" total="275" />
  <resultado seccion="0949" casilla="EX" simbolo="0" pan="0" pri="53" prd="43" pt="36" pvem="0" convergencia="3" na="1" noreg="0" coalicion="1" nulos="0" total="137" />
  <resultado seccion="0950" casilla="BA" simbolo="0" pan="4" pri="149" prd="86" pt="53" pvem="1" convergencia="9" na="1" noreg="0" coalicion="0" nulos="5" total="308" />
  <resultado seccion="0950" casilla="C1" simbolo="0" pan="3" pri="141" prd="87" pt="36" pvem="2" convergencia="21" na="1" noreg="0" coalicion="0" nulos="6" total="297" />
  <resultado seccion="0951" casilla="BA" simbolo="0" pan="8" pri="163" prd="29" pt="13" pvem="2" convergencia="13" na="2" noreg="0" coalicion="0" nulos="5" total="235" />
  <resultado seccion="0951" casilla="C1" simbolo="0" pan="14" pri="159" prd="30" pt="13" pvem="2" convergencia="6" na="0" noreg="1" coalicion="0" nulos="2" total="227" />
  <resultado seccion="0952" casilla="BA" simbolo="0" pan="3" pri="176" prd="88" pt="10" pvem="1" convergencia="32" na="0" noreg="0" coalicion="0" nulos="0" total="310" />
  <resultado seccion="0952" casilla="C1" simbolo="0" pan="8" pri="125" prd="114" pt="24" pvem="3" convergencia="26" na="1" noreg="0" coalicion="0" nulos="7" total="308" />
  <resultado seccion="0953" casilla="BA" simbolo="0" pan="4" pri="140" prd="86" pt="42" pvem="0" convergencia="82" na="0" noreg="0" coalicion="0" nulos="11" total="365" />
  <resultado seccion="0953" casilla="C1" simbolo="0" pan="1" pri="149" prd="98" pt="31" pvem="5" convergencia="74" na="4" noreg="0" coalicion="4" nulos="6" total="372" />
</detallado>