﻿<detallado distrito="VIII" nombre="EMILIANO ZAPATA" listanominal="20,629" pan="8,483" pri="5,660" prd="499" pt="10" pvem="108" convergencia="11" na="109" noreg="1" coalicion="52" nulos="203" votaciontotal="15,136">
  <resultado seccion="0668" casilla="BA" simbolo="0" pan="229" pri="178" prd="14" pt="0" pvem="1" convergencia="1" na="2" noreg="0" coalicion="1" nulos="5" total="431" />
  <resultado seccion="0668" casilla="C1" simbolo="0" pan="258" pri="154" prd="12" pt="0" pvem="2" convergencia="1" na="4" noreg="0" coalicion="2" nulos="7" total="440" />
  <resultado seccion="0668" casilla="C2" simbolo="0" pan="243" pri="172" prd="15" pt="0" pvem="6" convergencia="0" na="3" noreg="0" coalicion="3" nulos="3" total="445" />
  <resultado seccion="0669" casilla="BA" simbolo="0" pan="198" pri="164" prd="10" pt="0" pvem="4" convergencia="0" na="3" noreg="0" coalicion="0" nulos="12" total="391" />
  <resultado seccion="0669" casilla="C1" simbolo="0" pan="174" pri="186" prd="10" pt="0" pvem="3" convergencia="0" na="3" noreg="0" coalicion="1" nulos="6" total="383" />
  <resultado seccion="0670" casilla="BA" simbolo="0" pan="148" pri="122" prd="5" pt="0" pvem="10" convergencia="0" na="6" noreg="0" coalicion="0" nulos="1" total="292" />
  <resultado seccion="0670" casilla="C1" simbolo="0" pan="169" pri="110" prd="10" pt="0" pvem="4" convergencia="0" na="4" noreg="0" coalicion="0" nulos="5" total="302" />
  <resultado seccion="0670" casilla="ESMR" simbolo="0" pan="38" pri="14" prd="0" pt="0" pvem="3" convergencia="0" na="1" noreg="0" coalicion="1" nulos="0" total="57" />
  <resultado seccion="0670" casilla="ESRP" simbolo="0" pan="23" pri="45" prd="3" pt="0" pvem="1" convergencia="0" na="2" noreg="2" coalicion="1" nulos="2" total="79" />
  <resultado seccion="0671" casilla="BA" simbolo="0" pan="169" pri="177" prd="29" pt="0" pvem="2" convergencia="1" na="3" noreg="0" coalicion="0" nulos="4" total="385" />
  <resultado seccion="0671" casilla="C1" simbolo="0" pan="177" pri="172" prd="27" pt="0" pvem="3" convergencia="1" na="3" noreg="0" coalicion="0" nulos="8" total="391" />
  <resultado seccion="0672" casilla="BA" simbolo="0" pan="180" pri="189" prd="25" pt="0" pvem="4" convergencia="0" na="3" noreg="0" coalicion="2" nulos="9" total="412" />
  <resultado seccion="0672" casilla="C1" simbolo="0" pan="203" pri="171" prd="14" pt="0" pvem="1" convergencia="0" na="2" noreg="0" coalicion="3" nulos="2" total="396" />
  <resultado seccion="0672" casilla="C2" simbolo="0" pan="217" pri="148" prd="18" pt="0" pvem="0" convergencia="0" na="2" noreg="0" coalicion="0" nulos="5" total="390" />
  <resultado seccion="0673" casilla="BA" simbolo="0" pan="229" pri="136" prd="21" pt="0" pvem="7" convergencia="0" na="1" noreg="0" coalicion="0" nulos="6" total="400" />
  <resultado seccion="0673" casilla="C1" simbolo="0" pan="216" pri="160" prd="13" pt="0" pvem="4" convergencia="0" na="2" noreg="0" coalicion="3" nulos="5" total="403" />
  <resultado seccion="0674" casilla="BA" simbolo="0" pan="266" pri="123" prd="13" pt="0" pvem="5" convergencia="0" na="4" noreg="0" coalicion="1" nulos="2" total="414" />
  <resultado seccion="0674" casilla="C1" simbolo="0" pan="247" pri="134" prd="8" pt="0" pvem="1" convergencia="0" na="3" noreg="0" coalicion="2" nulos="12" total="407" />
  <resultado seccion="0674" casilla="C2" simbolo="0" pan="244" pri="144" prd="7" pt="3" pvem="2" convergencia="0" na="2" noreg="0" coalicion="2" nulos="4" total="408" />
  <resultado seccion="0674" casilla="C3" simbolo="0" pan="254" pri="139" prd="12" pt="0" pvem="2" convergencia="1" na="3" noreg="0" coalicion="1" nulos="4" total="416" />
  <resultado seccion="0675" casilla="BA" simbolo="0" pan="185" pri="102" prd="19" pt="1" pvem="2" convergencia="0" na="3" noreg="0" coalicion="1" nulos="1" total="314" />
  <resultado seccion="0675" casilla="C1" simbolo="0" pan="185" pri="95" prd="21" pt="0" pvem="2" convergencia="0" na="6" noreg="0" coalicion="3" nulos="4" total="316" />
  <resultado seccion="0676" casilla="BA" simbolo="0" pan="238" pri="177" prd="17" pt="0" pvem="2" convergencia="1" na="3" noreg="0" coalicion="1" nulos="9" total="448" />
  <resultado seccion="0676" casilla="C1" simbolo="0" pan="247" pri="140" prd="22" pt="1" pvem="2" convergencia="0" na="2" noreg="0" coalicion="2" nulos="7" total="423" />
  <resultado seccion="0677" casilla="BA" simbolo="0" pan="238" pri="160" prd="15" pt="1" pvem="4" convergencia="0" na="3" noreg="0" coalicion="4" nulos="3" total="428" />
  <resultado seccion="0677" casilla="C1" simbolo="0" pan="307" pri="148" prd="11" pt="0" pvem="5" convergencia="0" na="2" noreg="0" coalicion="0" nulos="3" total="476" />
  <resultado seccion="0677" casilla="C2" simbolo="0" pan="299" pri="147" prd="8" pt="0" pvem="2" convergencia="0" na="0" noreg="0" coalicion="3" nulos="7" total="466" />
  <resultado seccion="0677" casilla="C3" simbolo="0" pan="259" pri="158" prd="16" pt="0" pvem="6" convergencia="1" na="4" noreg="0" coalicion="1" nulos="8" total="453" />
  <resultado seccion="0678" casilla="BA" simbolo="0" pan="278" pri="196" prd="11" pt="0" pvem="3" convergencia="0" na="7" noreg="0" coalicion="1" nulos="9" total="505" />
  <resultado seccion="0678" casilla="C1" simbolo="0" pan="277" pri="199" prd="3" pt="0" pvem="4" convergencia="0" na="5" noreg="0" coalicion="0" nulos="3" total="491" />
  <resultado seccion="0678" casilla="C2" simbolo="0" pan="253" pri="192" prd="12" pt="3" pvem="1" convergencia="1" na="4" noreg="0" coalicion="2" nulos="6" total="474" />
  <resultado seccion="0678" casilla="C3" simbolo="0" pan="290" pri="174" prd="13" pt="0" pvem="0" convergencia="0" na="6" noreg="0" coalicion="3" nulos="4" total="490" />
  <resultado seccion="0679" casilla="BA" simbolo="0" pan="208" pri="121" prd="5" pt="0" pvem="1" convergencia="0" na="1" noreg="0" coalicion="0" nulos="6" total="342" />
  <resultado seccion="0679" casilla="C1" simbolo="0" pan="219" pri="134" prd="1" pt="0" pvem="0" convergencia="0" na="3" noreg="0" coalicion="1" nulos="4" total="362" />
  <resultado seccion="0680" casilla="BA" simbolo="0" pan="119" pri="45" prd="13" pt="0" pvem="0" convergencia="0" na="0" noreg="0" coalicion="0" nulos="4" total="181" />
  <resultado seccion="0681" casilla="BA" simbolo="0" pan="353" pri="193" prd="18" pt="0" pvem="0" convergencia="0" na="0" noreg="0" coalicion="7" nulos="8" total="579" />
  <resultado seccion="0682" casilla="BA" simbolo="0" pan="271" pri="224" prd="13" pt="1" pvem="1" convergencia="0" na="0" noreg="0" coalicion="1" nulos="2" total="513" />
  <resultado seccion="0683" casilla="BA" simbolo="0" pan="199" pri="129" prd="11" pt="0" pvem="4" convergencia="3" na="2" noreg="1" coalicion="1" nulos="8" total="358" />
  <resultado seccion="0683" casilla="C1" simbolo="0" pan="199" pri="133" prd="7" pt="0" pvem="5" convergencia="0" na="4" noreg="0" coalicion="0" nulos="7" total="355" />
</detallado>