﻿<detallado distrito="I" nombre="BALANCAN" listanominal="38,561" pan="11,128" pri="9,964" prd="2,515" pt="147" pvem="733" convergencia="125" na="276" noreg="3" coalicion="61" nulos="473" votaciontotal="25,425">
  <resultado seccion="0001" casilla="BA" simbolo="0" pan="195" pri="180" prd="42" pt="2" pvem="12" convergencia="4" na="7" noreg="0" coalicion="0" nulos="15" total="457" />
  <resultado seccion="0001" casilla="C1" simbolo="0" pan="196" pri="171" prd="41" pt="1" pvem="7" convergencia="3" na="8" noreg="0" coalicion="1" nulos="4" total="432" />
  <resultado seccion="0001" casilla="C2" simbolo="0" pan="206" pri="185" prd="32" pt="1" pvem="15" convergencia="0" na="10" noreg="0" coalicion="3" nulos="10" total="462" />
  <resultado seccion="0002" casilla="BA" simbolo="0" pan="132" pri="152" prd="26" pt="0" pvem="13" convergencia="0" na="2" noreg="0" coalicion="1" nulos="12" total="338" />
  <resultado seccion="0002" casilla="C1" simbolo="0" pan="159" pri="138" prd="33" pt="0" pvem="13" convergencia="0" na="8" noreg="0" coalicion="6" nulos="9" total="366" />
  <resultado seccion="0002" casilla="C2" simbolo="0" pan="154" pri="123" prd="48" pt="3" pvem="14" convergencia="1" na="4" noreg="0" coalicion="0" nulos="10" total="357" />
  <resultado seccion="0003" casilla="BA" simbolo="0" pan="139" pri="177" prd="51" pt="2" pvem="12" convergencia="2" na="8" noreg="0" coalicion="4" nulos="6" total="401" />
  <resultado seccion="0003" casilla="C1" simbolo="0" pan="128" pri="175" prd="40" pt="0" pvem="10" convergencia="4" na="11" noreg="0" coalicion="0" nulos="7" total="375" />
  <resultado seccion="0004" casilla="BA" simbolo="0" pan="109" pri="167" prd="42" pt="2" pvem="9" convergencia="2" na="13" noreg="0" coalicion="0" nulos="8" total="352" />
  <resultado seccion="0004" casilla="C1" simbolo="0" pan="107" pri="168" prd="34" pt="3" pvem="11" convergencia="0" na="8" noreg="0" coalicion="0" nulos="2" total="333" />
  <resultado seccion="0005" casilla="BA" simbolo="0" pan="127" pri="170" prd="28" pt="2" pvem="13" convergencia="2" na="13" noreg="0" coalicion="0" nulos="8" total="363" />
  <resultado seccion="0005" casilla="C1" simbolo="0" pan="107" pri="189" prd="15" pt="1" pvem="19" convergencia="3" na="8" noreg="0" coalicion="1" nulos="3" total="346" />
  <resultado seccion="0005" casilla="C2" simbolo="0" pan="132" pri="154" prd="23" pt="0" pvem="16" convergencia="0" na="8" noreg="0" coalicion="2" nulos="7" total="342" />
  <resultado seccion="0006" casilla="BA" simbolo="0" pan="83" pri="135" prd="11" pt="3" pvem="10" convergencia="1" na="3" noreg="0" coalicion="2" nulos="6" total="254" />
  <resultado seccion="0006" casilla="C1" simbolo="0" pan="80" pri="125" prd="30" pt="1" pvem="9" convergencia="0" na="2" noreg="0" coalicion="2" nulos="2" total="251" />
  <resultado seccion="0006" casilla="ESMR" simbolo="0" pan="118" pri="87" prd="27" pt="3" pvem="10" convergencia="0" na="2" noreg="0" coalicion="0" nulos="3" total="250" />
  <resultado seccion="0006" casilla="ESRP" simbolo="0" pan="12" pri="18" prd="10" pt="0" pvem="3" convergencia="0" na="2" noreg="0" coalicion="2" nulos="1" total="48" />
  <resultado seccion="0007" casilla="BA" simbolo="0" pan="156" pri="211" prd="23" pt="1" pvem="11" convergencia="9" na="3" noreg="0" coalicion="1" nulos="13" total="428" />
  <resultado seccion="0007" casilla="C1" simbolo="0" pan="138" pri="197" prd="38" pt="1" pvem="12" convergencia="14" na="7" noreg="0" coalicion="0" nulos="10" total="417" />
  <resultado seccion="0008" casilla="BA" simbolo="0" pan="126" pri="115" prd="36" pt="5" pvem="6" convergencia="0" na="1" noreg="0" coalicion="0" nulos="9" total="298" />
  <resultado seccion="0008" casilla="C1" simbolo="0" pan="145" pri="89" prd="29" pt="3" pvem="0" convergencia="0" na="0" noreg="0" coalicion="0" nulos="11" total="277" />
  <resultado seccion="0009" casilla="BA" simbolo="0" pan="215" pri="152" prd="23" pt="1" pvem="1" convergencia="2" na="8" noreg="0" coalicion="0" nulos="7" total="409" />
  <resultado seccion="0009" casilla="C1" simbolo="0" pan="219" pri="132" prd="22" pt="2" pvem="12" convergencia="2" na="4" noreg="0" coalicion="1" nulos="7" total="401" />
  <resultado seccion="0010" casilla="BA" simbolo="0" pan="46" pri="57" prd="10" pt="8" pvem="2" convergencia="0" na="1" noreg="0" coalicion="0" nulos="2" total="126" />
  <resultado seccion="0011" casilla="BA" simbolo="0" pan="195" pri="114" prd="3" pt="0" pvem="7" convergencia="1" na="1" noreg="0" coalicion="0" nulos="5" total="326" />
  <resultado seccion="0012" casilla="BA" simbolo="0" pan="239" pri="153" prd="16" pt="1" pvem="2" convergencia="2" na="3" noreg="2" coalicion="0" nulos="4" total="422" />
  <resultado seccion="0013" casilla="BA" simbolo="0" pan="146" pri="104" prd="21" pt="1" pvem="11" convergencia="0" na="1" noreg="0" coalicion="1" nulos="1" total="286" />
  <resultado seccion="0013" casilla="C1" simbolo="0" pan="147" pri="110" prd="23" pt="3" pvem="11" convergencia="3" na="0" noreg="0" coalicion="0" nulos="8" total="305" />
  <resultado seccion="0014" casilla="BA" simbolo="0" pan="94" pri="98" prd="21" pt="0" pvem="8" convergencia="2" na="3" noreg="0" coalicion="0" nulos="6" total="232" />
  <resultado seccion="0014" casilla="C1" simbolo="0" pan="82" pri="85" prd="16" pt="2" pvem="31" convergencia="3" na="6" noreg="0" coalicion="0" nulos="1" total="226" />
  <resultado seccion="0015" casilla="BA" simbolo="0" pan="116" pri="77" prd="14" pt="1" pvem="28" convergencia="3" na="1" noreg="0" coalicion="1" nulos="4" total="245" />
  <resultado seccion="0015" casilla="C1" simbolo="0" pan="105" pri="74" prd="24" pt="0" pvem="42" convergencia="9" na="3" noreg="0" coalicion="0" nulos="6" total="263" />
  <resultado seccion="0016" casilla="BA" simbolo="0" pan="80" pri="101" prd="19" pt="0" pvem="15" convergencia="2" na="2" noreg="0" coalicion="0" nulos="4" total="223" />
  <resultado seccion="0016" casilla="C1" simbolo="0" pan="108" pri="70" prd="12" pt="0" pvem="17" convergencia="2" na="2" noreg="0" coalicion="1" nulos="5" total="217" />
  <resultado seccion="0017" casilla="BA" simbolo="0" pan="98" pri="120" prd="15" pt="2" pvem="12" convergencia="1" na="2" noreg="0" coalicion="1" nulos="3" total="254" />
  <resultado seccion="0017" casilla="C1" simbolo="0" pan="115" pri="124" prd="14" pt="0" pvem="8" convergencia="4" na="3" noreg="0" coalicion="0" nulos="4" total="272" />
  <resultado seccion="0018" casilla="BA" simbolo="0" pan="146" pri="121" prd="24" pt="0" pvem="4" convergencia="0" na="1" noreg="1" coalicion="4" nulos="6" total="307" />
  <resultado seccion="0018" casilla="C1" simbolo="0" pan="142" pri="106" prd="20" pt="1" pvem="7" convergencia="1" na="3" noreg="0" coalicion="2" nulos="8" total="290" />
  <resultado seccion="0019" casilla="BA" simbolo="0" pan="72" pri="41" prd="10" pt="2" pvem="2" convergencia="0" na="2" noreg="0" coalicion="0" nulos="5" total="134" />
  <resultado seccion="0020" casilla="BA" simbolo="0" pan="215" pri="169" prd="18" pt="3" pvem="9" convergencia="0" na="0" noreg="0" coalicion="0" nulos="5" total="419" />
  <resultado seccion="0021" casilla="BA" simbolo="0" pan="89" pri="64" prd="9" pt="0" pvem="2" convergencia="0" na="3" noreg="0" coalicion="4" nulos="1" total="172" />
  <resultado seccion="0022" casilla="BA" simbolo="0" pan="136" pri="95" prd="31" pt="4" pvem="8" convergencia="1" na="3" noreg="0" coalicion="0" nulos="7" total="285" />
  <resultado seccion="0022" casilla="C1" simbolo="0" pan="158" pri="79" prd="25" pt="3" pvem="1" convergencia="2" na="5" noreg="0" coalicion="0" nulos="6" total="279" />
  <resultado seccion="0023" casilla="BA" simbolo="0" pan="143" pri="102" prd="34" pt="0" pvem="6" convergencia="0" na="4" noreg="0" coalicion="0" nulos="4" total="293" />
  <resultado seccion="0023" casilla="EX" simbolo="0" pan="173" pri="110" prd="17" pt="2" pvem="3" convergencia="1" na="0" noreg="0" coalicion="0" nulos="4" total="310" />
  <resultado seccion="0024" casilla="BA" simbolo="0" pan="221" pri="143" prd="15" pt="2" pvem="8" convergencia="0" na="2" noreg="0" coalicion="0" nulos="10" total="401" />
  <resultado seccion="0024" casilla="C1" simbolo="0" pan="212" pri="112" prd="29" pt="0" pvem="2" convergencia="3" na="2" noreg="0" coalicion="1" nulos="5" total="366" />
  <resultado seccion="0024" casilla="C2" simbolo="0" pan="206" pri="121" prd="26" pt="1" pvem="4" convergencia="1" na="0" noreg="0" coalicion="2" nulos="2" total="363" />
  <resultado seccion="0025" casilla="BA" simbolo="0" pan="148" pri="162" prd="56" pt="1" pvem="18" convergencia="0" na="5" noreg="0" coalicion="0" nulos="19" total="409" />
  <resultado seccion="0026" casilla="BA" simbolo="0" pan="13" pri="10" prd="1" pt="0" pvem="3" convergencia="0" na="0" noreg="0" coalicion="0" nulos="1" total="28" />
  <resultado seccion="0027" casilla="BA" simbolo="0" pan="107" pri="197" prd="51" pt="0" pvem="4" convergencia="9" na="11" noreg="0" coalicion="7" nulos="6" total="392" />
  <resultado seccion="0028" casilla="BA" simbolo="0" pan="99" pri="115" prd="23" pt="0" pvem="1" convergencia="0" na="5" noreg="0" coalicion="2" nulos="3" total="248" />
  <resultado seccion="0028" casilla="C1" simbolo="0" pan="83" pri="141" prd="22" pt="0" pvem="2" convergencia="0" na="3" noreg="0" coalicion="2" nulos="2" total="255" />
  <resultado seccion="0029" casilla="BA" simbolo="0" pan="248" pri="96" prd="38" pt="2" pvem="2" convergencia="3" na="1" noreg="0" coalicion="0" nulos="3" total="393" />
  <resultado seccion="0030" casilla="BA" simbolo="0" pan="119" pri="127" prd="41" pt="6" pvem="12" convergencia="0" na="6" noreg="0" coalicion="0" nulos="10" total="321" />
  <resultado seccion="0030" casilla="C1" simbolo="0" pan="141" pri="129" prd="41" pt="2" pvem="28" convergencia="1" na="1" noreg="0" coalicion="0" nulos="3" total="346" />
  <resultado seccion="0031" casilla="BA" simbolo="0" pan="49" pri="65" prd="7" pt="1" pvem="3" convergencia="1" na="5" noreg="0" coalicion="0" nulos="4" total="135" />
  <resultado seccion="0032" casilla="BA" simbolo="0" pan="116" pri="65" prd="2" pt="0" pvem="0" convergencia="1" na="0" noreg="0" coalicion="0" nulos="7" total="191" />
  <resultado seccion="0033" casilla="BA" simbolo="0" pan="107" pri="109" prd="7" pt="0" pvem="3" convergencia="0" na="2" noreg="0" coalicion="0" nulos="9" total="237" />
  <resultado seccion="0034" casilla="BA" simbolo="0" pan="121" pri="114" prd="13" pt="2" pvem="0" convergencia="0" na="2" noreg="0" coalicion="0" nulos="1" total="253" />
  <resultado seccion="0035" casilla="BA" simbolo="0" pan="124" pri="173" prd="124" pt="1" pvem="1" convergencia="4" na="2" noreg="0" coalicion="1" nulos="7" total="437" />
  <resultado seccion="0035" casilla="C1" simbolo="0" pan="160" pri="183" prd="80" pt="3" pvem="3" convergencia="1" na="1" noreg="0" coalicion="1" nulos="6" total="438" />
  <resultado seccion="0036" casilla="BA" simbolo="0" pan="183" pri="166" prd="35" pt="5" pvem="34" convergencia="4" na="10" noreg="0" coalicion="0" nulos="6" total="443" />
  <resultado seccion="0037" casilla="BA" simbolo="0" pan="250" pri="177" prd="26" pt="2" pvem="14" convergencia="2" na="1" noreg="0" coalicion="2" nulos="2" total="476" />
  <resultado seccion="0037" casilla="C1" simbolo="0" pan="219" pri="214" prd="32" pt="3" pvem="5" convergencia="1" na="2" noreg="0" coalicion="1" nulos="4" total="481" />
  <resultado seccion="0038" casilla="BA" simbolo="0" pan="65" pri="131" prd="77" pt="1" pvem="4" convergencia="0" na="0" noreg="0" coalicion="0" nulos="4" total="282" />
  <resultado seccion="0038" casilla="EX" simbolo="0" pan="120" pri="88" prd="27" pt="0" pvem="5" convergencia="0" na="6" noreg="0" coalicion="0" nulos="2" total="248" />
  <resultado seccion="0039" casilla="BA" simbolo="0" pan="112" pri="118" prd="26" pt="1" pvem="15" convergencia="1" na="1" noreg="0" coalicion="0" nulos="2" total="276" />
  <resultado seccion="0039" casilla="C1" simbolo="0" pan="87" pri="105" prd="23" pt="1" pvem="7" convergencia="0" na="1" noreg="0" coalicion="2" nulos="5" total="231" />
  <resultado seccion="0040" casilla="BA" simbolo="0" pan="133" pri="132" prd="11" pt="2" pvem="10" convergencia="0" na="3" noreg="0" coalicion="0" nulos="4" total="295" />
  <resultado seccion="0040" casilla="C1" simbolo="0" pan="130" pri="114" prd="13" pt="7" pvem="8" convergencia="0" na="6" noreg="3" coalicion="0" nulos="3" total="284" />
  <resultado seccion="0041" casilla="BA" simbolo="0" pan="119" pri="92" prd="44" pt="4" pvem="2" convergencia="0" na="0" noreg="0" coalicion="0" nulos="6" total="267" />
  <resultado seccion="0041" casilla="C1" simbolo="0" pan="142" pri="99" prd="37" pt="4" pvem="3" convergencia="0" na="0" noreg="0" coalicion="0" nulos="3" total="288" />
  <resultado seccion="0042" casilla="BA" simbolo="0" pan="130" pri="86" prd="68" pt="3" pvem="11" convergencia="1" na="0" noreg="0" coalicion="0" nulos="7" total="306" />
  <resultado seccion="0042" casilla="C1" simbolo="0" pan="109" pri="93" prd="77" pt="3" pvem="8" convergencia="0" na="2" noreg="0" coalicion="0" nulos="2" total="294" />
  <resultado seccion="0042" casilla="EX" simbolo="0" pan="183" pri="100" prd="42" pt="7" pvem="5" convergencia="1" na="2" noreg="0" coalicion="0" nulos="13" total="353" />
  <resultado seccion="0043" casilla="BA" simbolo="0" pan="113" pri="140" prd="52" pt="3" pvem="13" convergencia="0" na="2" noreg="0" coalicion="2" nulos="3" total="328" />
  <resultado seccion="0043" casilla="C1" simbolo="0" pan="101" pri="139" prd="58" pt="3" pvem="8" convergencia="1" na="2" noreg="0" coalicion="0" nulos="8" total="320" />
  <resultado seccion="0044" casilla="BA" simbolo="0" pan="125" pri="66" prd="74" pt="1" pvem="3" convergencia="0" na="0" noreg="0" coalicion="0" nulos="11" total="280" />
  <resultado seccion="0044" casilla="EX" simbolo="0" pan="75" pri="38" prd="14" pt="2" pvem="1" convergencia="0" na="1" noreg="0" coalicion="0" nulos="2" total="133" />
  <resultado seccion="0044" casilla="X2" simbolo="0" pan="93" pri="65" prd="43" pt="1" pvem="0" convergencia="0" na="2" noreg="0" coalicion="0" nulos="9" total="213" />
  <resultado seccion="0045" casilla="BA" simbolo="0" pan="150" pri="95" prd="17" pt="2" pvem="4" convergencia="2" na="0" noreg="0" coalicion="0" nulos="4" total="274" />
  <resultado seccion="0045" casilla="EX" simbolo="0" pan="199" pri="75" prd="53" pt="1" pvem="8" convergencia="2" na="0" noreg="0" coalicion="0" nulos="7" total="345" />
</detallado>