﻿<detallado distrito="VII" nombre="CUNDUACAN" listanominal="78,348" pan="2,570" pri="20,871" prd="14,070" pt="6,360" pvem="616" convergencia="324" na="789" noreg="322" coalicion="98" nulos="2,494" votaciontotal="48,514">
  <resultado seccion="0609" casilla="BA" simbolo="0" pan="50" pri="147" prd="103" pt="80" pvem="9" convergencia="1" na="8" noreg="0" coalicion="0" nulos="19" total="417" />
  <resultado seccion="0609" casilla="C1" simbolo="0" pan="38" pri="150" prd="110" pt="89" pvem="12" convergencia="5" na="5" noreg="0" coalicion="3" nulos="17" total="429" />
  <resultado seccion="0609" casilla="C2" simbolo="0" pan="52" pri="134" prd="101" pt="83" pvem="8" convergencia="0" na="7" noreg="0" coalicion="0" nulos="0" total="385" />
  <resultado seccion="0610" casilla="BA" simbolo="0" pan="87" pri="109" prd="70" pt="38" pvem="6" convergencia="0" na="5" noreg="0" coalicion="0" nulos="14" total="329" />
  <resultado seccion="0610" casilla="C1" simbolo="0" pan="85" pri="96" prd="55" pt="43" pvem="8" convergencia="1" na="5" noreg="0" coalicion="1" nulos="14" total="308" />
  <resultado seccion="0610" casilla="C2" simbolo="0" pan="70" pri="102" prd="66" pt="53" pvem="9" convergencia="0" na="8" noreg="1" coalicion="0" nulos="9" total="318" />
  <resultado seccion="0611" casilla="BA" simbolo="0" pan="65" pri="108" prd="99" pt="51" pvem="5" convergencia="5" na="5" noreg="0" coalicion="1" nulos="29" total="368" />
  <resultado seccion="0611" casilla="C1" simbolo="0" pan="60" pri="136" prd="81" pt="49" pvem="6" convergencia="1" na="7" noreg="0" coalicion="3" nulos="25" total="368" />
  <resultado seccion="0611" casilla="C2" simbolo="0" pan="74" pri="93" prd="76" pt="50" pvem="5" convergencia="3" na="7" noreg="1" coalicion="2" nulos="34" total="345" />
  <resultado seccion="0612" casilla="BA" simbolo="0" pan="86" pri="117" prd="63" pt="79" pvem="4" convergencia="0" na="9" noreg="0" coalicion="1" nulos="16" total="375" />
  <resultado seccion="0612" casilla="C1" simbolo="0" pan="75" pri="122" prd="80" pt="63" pvem="5" convergencia="1" na="6" noreg="1" coalicion="1" nulos="6" total="360" />
  <resultado seccion="0613" casilla="BA" simbolo="0" pan="93" pri="158" prd="88" pt="66" pvem="8" convergencia="2" na="11" noreg="2" coalicion="0" nulos="12" total="440" />
  <resultado seccion="0613" casilla="C1" simbolo="0" pan="97" pri="163" prd="76" pt="79" pvem="1" convergencia="0" na="9" noreg="0" coalicion="9" nulos="16" total="450" />
  <resultado seccion="0613" casilla="ESMR" simbolo="0" pan="22" pri="109" prd="41" pt="35" pvem="4" convergencia="2" na="2" noreg="0" coalicion="0" nulos="14" total="229" />
  <resultado seccion="0613" casilla="ESRP" simbolo="0" pan="3" pri="11" prd="7" pt="6" pvem="0" convergencia="0" na="3" noreg="0" coalicion="0" nulos="1" total="31" />
  <resultado seccion="0614" casilla="BA" simbolo="0" pan="45" pri="119" prd="101" pt="78" pvem="7" convergencia="2" na="4" noreg="0" coalicion="0" nulos="0" total="356" />
  <resultado seccion="0614" casilla="C1" simbolo="0" pan="39" pri="125" prd="112" pt="73" pvem="8" convergencia="2" na="8" noreg="1" coalicion="0" nulos="10" total="378" />
  <resultado seccion="0614" casilla="C2" simbolo="0" pan="49" pri="129" prd="92" pt="59" pvem="5" convergencia="0" na="5" noreg="0" coalicion="0" nulos="16" total="355" />
  <resultado seccion="0615" casilla="BA" simbolo="0" pan="77" pri="125" prd="107" pt="64" pvem="3" convergencia="0" na="13" noreg="0" coalicion="0" nulos="0" total="389" />
  <resultado seccion="0615" casilla="C1" simbolo="0" pan="59" pri="176" prd="97" pt="59" pvem="3" convergencia="1" na="14" noreg="0" coalicion="0" nulos="9" total="418" />
  <resultado seccion="0616" casilla="BA" simbolo="0" pan="55" pri="178" prd="130" pt="57" pvem="5" convergencia="3" na="17" noreg="0" coalicion="1" nulos="23" total="469" />
  <resultado seccion="0616" casilla="C1" simbolo="0" pan="65" pri="128" prd="147" pt="62" pvem="5" convergencia="1" na="8" noreg="0" coalicion="2" nulos="24" total="442" />
  <resultado seccion="0617" casilla="BA" simbolo="0" pan="63" pri="126" prd="103" pt="56" pvem="7" convergencia="4" na="8" noreg="0" coalicion="0" nulos="21" total="388" />
  <resultado seccion="0617" casilla="C1" simbolo="0" pan="59" pri="141" prd="90" pt="49" pvem="8" convergencia="2" na="5" noreg="0" coalicion="0" nulos="13" total="367" />
  <resultado seccion="0617" casilla="C2" simbolo="0" pan="91" pri="140" prd="91" pt="41" pvem="6" convergencia="2" na="10" noreg="0" coalicion="1" nulos="10" total="392" />
  <resultado seccion="0618" casilla="BA" simbolo="0" pan="0" pri="249" prd="155" pt="16" pvem="0" convergencia="3" na="0" noreg="1" coalicion="0" nulos="6" total="430" />
  <resultado seccion="0618" casilla="C1" simbolo="0" pan="3" pri="247" prd="161" pt="15" pvem="1" convergencia="2" na="0" noreg="0" coalicion="0" nulos="20" total="449" />
  <resultado seccion="0619" casilla="BA" simbolo="0" pan="1" pri="160" prd="116" pt="26" pvem="3" convergencia="1" na="2" noreg="0" coalicion="0" nulos="23" total="332" />
  <resultado seccion="0619" casilla="C1" simbolo="0" pan="1" pri="144" prd="131" pt="37" pvem="3" convergencia="1" na="5" noreg="1" coalicion="0" nulos="25" total="348" />
  <resultado seccion="0620" casilla="BA" simbolo="0" pan="2" pri="205" prd="65" pt="27" pvem="0" convergencia="1" na="5" noreg="0" coalicion="1" nulos="11" total="317" />
  <resultado seccion="0620" casilla="C1" simbolo="0" pan="1" pri="175" prd="100" pt="15" pvem="4" convergencia="2" na="5" noreg="0" coalicion="0" nulos="0" total="302" />
  <resultado seccion="0620" casilla="C2" simbolo="0" pan="0" pri="206" prd="72" pt="18" pvem="2" convergencia="1" na="6" noreg="0" coalicion="0" nulos="12" total="317" />
  <resultado seccion="0621" casilla="BA" simbolo="0" pan="2" pri="187" prd="146" pt="61" pvem="3" convergencia="2" na="3" noreg="0" coalicion="0" nulos="14" total="418" />
  <resultado seccion="0621" casilla="C1" simbolo="0" pan="4" pri="232" prd="110" pt="38" pvem="1" convergencia="4" na="2" noreg="0" coalicion="2" nulos="22" total="415" />
  <resultado seccion="0622" casilla="BA" simbolo="0" pan="7" pri="76" prd="98" pt="60" pvem="1" convergencia="1" na="0" noreg="0" coalicion="1" nulos="22" total="266" />
  <resultado seccion="0622" casilla="C1" simbolo="0" pan="3" pri="73" prd="85" pt="56" pvem="2" convergencia="2" na="0" noreg="0" coalicion="0" nulos="32" total="253" />
  <resultado seccion="0623" casilla="BA" simbolo="0" pan="3" pri="83" prd="162" pt="23" pvem="3" convergencia="0" na="5" noreg="0" coalicion="0" nulos="10" total="289" />
  <resultado seccion="0623" casilla="C1" simbolo="0" pan="2" pri="118" prd="150" pt="28" pvem="1" convergencia="1" na="3" noreg="303" coalicion="0" nulos="0" total="606" />
  <resultado seccion="0624" casilla="BA" simbolo="0" pan="0" pri="255" prd="108" pt="25" pvem="1" convergencia="4" na="6" noreg="0" coalicion="1" nulos="10" total="410" />
  <resultado seccion="0624" casilla="C1" simbolo="0" pan="0" pri="231" prd="127" pt="36" pvem="0" convergencia="4" na="7" noreg="0" coalicion="1" nulos="18" total="424" />
  <resultado seccion="0625" casilla="BA" simbolo="0" pan="2" pri="191" prd="195" pt="31" pvem="2" convergencia="4" na="6" noreg="0" coalicion="1" nulos="37" total="469" />
  <resultado seccion="0625" casilla="C1" simbolo="0" pan="1" pri="171" prd="190" pt="38" pvem="2" convergencia="2" na="1" noreg="0" coalicion="0" nulos="27" total="432" />
  <resultado seccion="0626" casilla="BA" simbolo="0" pan="0" pri="146" prd="68" pt="61" pvem="1" convergencia="2" na="2" noreg="0" coalicion="0" nulos="30" total="310" />
  <resultado seccion="0626" casilla="C1" simbolo="0" pan="0" pri="184" prd="70" pt="44" pvem="3" convergencia="0" na="2" noreg="0" coalicion="0" nulos="18" total="321" />
  <resultado seccion="0627" casilla="BA" simbolo="0" pan="5" pri="151" prd="74" pt="23" pvem="1" convergencia="2" na="1" noreg="0" coalicion="0" nulos="10" total="267" />
  <resultado seccion="0627" casilla="C1" simbolo="0" pan="6" pri="164" prd="56" pt="17" pvem="2" convergencia="2" na="1" noreg="0" coalicion="0" nulos="9" total="257" />
  <resultado seccion="0628" casilla="BA" simbolo="0" pan="4" pri="228" prd="130" pt="35" pvem="3" convergencia="5" na="0" noreg="0" coalicion="0" nulos="14" total="419" />
  <resultado seccion="0628" casilla="C1" simbolo="0" pan="2" pri="183" prd="136" pt="40" pvem="7" convergencia="1" na="2" noreg="0" coalicion="0" nulos="0" total="371" />
  <resultado seccion="0629" casilla="BA" simbolo="0" pan="10" pri="185" prd="139" pt="25" pvem="2" convergencia="1" na="3" noreg="0" coalicion="0" nulos="9" total="374" />
  <resultado seccion="0629" casilla="C1" simbolo="0" pan="5" pri="198" prd="118" pt="34" pvem="3" convergencia="1" na="3" noreg="0" coalicion="3" nulos="14" total="379" />
  <resultado seccion="0630" casilla="BA" simbolo="0" pan="16" pri="146" prd="128" pt="26" pvem="5" convergencia="12" na="2" noreg="0" coalicion="1" nulos="22" total="358" />
  <resultado seccion="0630" casilla="C1" simbolo="0" pan="14" pri="173" prd="103" pt="28" pvem="5" convergencia="17" na="6" noreg="0" coalicion="3" nulos="31" total="380" />
  <resultado seccion="0631" casilla="BA" simbolo="0" pan="15" pri="126" prd="155" pt="60" pvem="10" convergencia="2" na="15" noreg="0" coalicion="1" nulos="29" total="413" />
  <resultado seccion="0631" casilla="C1" simbolo="0" pan="22" pri="136" prd="128" pt="60" pvem="8" convergencia="1" na="4" noreg="0" coalicion="0" nulos="22" total="381" />
  <resultado seccion="0632" casilla="BA" simbolo="0" pan="12" pri="106" prd="78" pt="65" pvem="2" convergencia="7" na="7" noreg="0" coalicion="3" nulos="18" total="298" />
  <resultado seccion="0632" casilla="C1" simbolo="0" pan="10" pri="109" prd="78" pt="72" pvem="3" convergencia="5" na="9" noreg="0" coalicion="0" nulos="18" total="304" />
  <resultado seccion="0633" casilla="BA" simbolo="0" pan="9" pri="163" prd="56" pt="61" pvem="2" convergencia="3" na="2" noreg="0" coalicion="0" nulos="22" total="318" />
  <resultado seccion="0633" casilla="C1" simbolo="0" pan="6" pri="164" prd="50" pt="49" pvem="2" convergencia="1" na="0" noreg="0" coalicion="0" nulos="30" total="302" />
  <resultado seccion="0634" casilla="BA" simbolo="0" pan="6" pri="217" prd="85" pt="19" pvem="2" convergencia="0" na="3" noreg="0" coalicion="0" nulos="18" total="350" />
  <resultado seccion="0634" casilla="C1" simbolo="2" pan="3" pri="228" prd="80" pt="26" pvem="7" convergencia="0" na="2" noreg="0" coalicion="0" nulos="12" total="358" />
  <resultado seccion="0635" casilla="BA" simbolo="0" pan="7" pri="181" prd="102" pt="54" pvem="6" convergencia="2" na="7" noreg="1" coalicion="0" nulos="27" total="387" />
  <resultado seccion="0635" casilla="C1" simbolo="0" pan="3" pri="207" prd="81" pt="47" pvem="5" convergencia="2" na="4" noreg="1" coalicion="0" nulos="25" total="375" />
  <resultado seccion="0635" casilla="C2" simbolo="0" pan="1" pri="196" prd="98" pt="34" pvem="2" convergencia="1" na="3" noreg="0" coalicion="0" nulos="24" total="359" />
  <resultado seccion="0636" casilla="BA" simbolo="0" pan="13" pri="181" prd="106" pt="73" pvem="6" convergencia="4" na="12" noreg="2" coalicion="1" nulos="32" total="430" />
  <resultado seccion="0636" casilla="C1" simbolo="0" pan="7" pri="164" prd="102" pt="100" pvem="6" convergencia="1" na="4" noreg="1" coalicion="1" nulos="40" total="426" />
  <resultado seccion="0637" casilla="BA" simbolo="0" pan="9" pri="166" prd="127" pt="56" pvem="4" convergencia="0" na="3" noreg="0" coalicion="2" nulos="34" total="401" />
  <resultado seccion="0637" casilla="C1" simbolo="0" pan="26" pri="171" prd="135" pt="63" pvem="3" convergencia="2" na="8" noreg="0" coalicion="2" nulos="20" total="430" />
  <resultado seccion="0638" casilla="BA" simbolo="0" pan="2" pri="260" prd="115" pt="75" pvem="5" convergencia="0" na="5" noreg="0" coalicion="1" nulos="25" total="488" />
  <resultado seccion="0638" casilla="C1" simbolo="0" pan="3" pri="236" prd="141" pt="57" pvem="5" convergencia="0" na="2" noreg="0" coalicion="0" nulos="25" total="469" />
  <resultado seccion="0639" casilla="BA" simbolo="0" pan="86" pri="98" prd="114" pt="104" pvem="7" convergencia="2" na="6" noreg="0" coalicion="1" nulos="28" total="446" />
  <resultado seccion="0639" casilla="C1" simbolo="0" pan="74" pri="94" prd="96" pt="101" pvem="6" convergencia="2" na="11" noreg="0" coalicion="1" nulos="28" total="413" />
  <resultado seccion="0640" casilla="BA" simbolo="0" pan="5" pri="139" prd="168" pt="13" pvem="22" convergencia="3" na="2" noreg="0" coalicion="0" nulos="7" total="359" />
  <resultado seccion="0640" casilla="C1" simbolo="0" pan="1" pri="147" prd="172" pt="6" pvem="23" convergencia="8" na="3" noreg="0" coalicion="1" nulos="12" total="373" />
  <resultado seccion="0641" casilla="BA" simbolo="0" pan="3" pri="245" prd="116" pt="27" pvem="6" convergencia="14" na="10" noreg="0" coalicion="1" nulos="15" total="437" />
  <resultado seccion="0641" casilla="C1" simbolo="0" pan="4" pri="191" prd="140" pt="33" pvem="18" convergencia="7" na="9" noreg="0" coalicion="2" nulos="30" total="434" />
  <resultado seccion="0641" casilla="C2" simbolo="0" pan="1" pri="248" prd="115" pt="22" pvem="10" convergencia="5" na="3" noreg="0" coalicion="1" nulos="30" total="435" />
  <resultado seccion="0642" casilla="BA" simbolo="0" pan="1" pri="236" prd="92" pt="11" pvem="6" convergencia="3" na="1" noreg="0" coalicion="1" nulos="14" total="365" />
  <resultado seccion="0642" casilla="C1" simbolo="0" pan="4" pri="213" prd="117" pt="11" pvem="19" convergencia="4" na="3" noreg="0" coalicion="0" nulos="8" total="379" />
  <resultado seccion="0642" casilla="C2" simbolo="0" pan="4" pri="256" prd="82" pt="15" pvem="6" convergencia="2" na="1" noreg="0" coalicion="1" nulos="11" total="378" />
  <resultado seccion="0643" casilla="BA" simbolo="0" pan="8" pri="132" prd="70" pt="59" pvem="8" convergencia="2" na="16" noreg="0" coalicion="9" nulos="30" total="334" />
  <resultado seccion="0643" casilla="C1" simbolo="0" pan="5" pri="142" prd="79" pt="68" pvem="3" convergencia="0" na="13" noreg="0" coalicion="4" nulos="16" total="330" />
  <resultado seccion="0644" casilla="BA" simbolo="0" pan="4" pri="189" prd="69" pt="39" pvem="3" convergencia="1" na="7" noreg="0" coalicion="0" nulos="22" total="334" />
  <resultado seccion="0644" casilla="C1" simbolo="0" pan="5" pri="189" prd="79" pt="61" pvem="3" convergencia="2" na="4" noreg="0" coalicion="0" nulos="32" total="375" />
  <resultado seccion="0645" casilla="BA" simbolo="0" pan="4" pri="252" prd="53" pt="33" pvem="1" convergencia="0" na="8" noreg="0" coalicion="3" nulos="19" total="373" />
  <resultado seccion="0645" casilla="C1" simbolo="0" pan="3" pri="252" prd="61" pt="61" pvem="4" convergencia="0" na="4" noreg="0" coalicion="2" nulos="15" total="402" />
  <resultado seccion="0645" casilla="C2" simbolo="0" pan="5" pri="281" prd="49" pt="39" pvem="3" convergencia="2" na="5" noreg="0" coalicion="2" nulos="13" total="399" />
  <resultado seccion="0646" casilla="BA" simbolo="0" pan="7" pri="123" prd="64" pt="58" pvem="0" convergencia="3" na="16" noreg="0" coalicion="1" nulos="21" total="293" />
  <resultado seccion="0646" casilla="C1" simbolo="0" pan="8" pri="132" prd="68" pt="54" pvem="3" convergencia="1" na="18" noreg="0" coalicion="1" nulos="29" total="314" />
  <resultado seccion="0647" casilla="BA" simbolo="0" pan="24" pri="128" prd="65" pt="112" pvem="6" convergencia="2" na="21" noreg="0" coalicion="4" nulos="32" total="394" />
  <resultado seccion="0647" casilla="C1" simbolo="0" pan="31" pri="100" prd="79" pt="79" pvem="10" convergencia="4" na="27" noreg="0" coalicion="0" nulos="25" total="355" />
  <resultado seccion="0648" casilla="BA" simbolo="0" pan="20" pri="141" prd="107" pt="48" pvem="1" convergencia="1" na="12" noreg="0" coalicion="0" nulos="20" total="350" />
  <resultado seccion="0648" casilla="C1" simbolo="0" pan="6" pri="105" prd="142" pt="52" pvem="3" convergencia="3" na="11" noreg="1" coalicion="0" nulos="27" total="350" />
  <resultado seccion="0649" casilla="BA" simbolo="0" pan="12" pri="177" prd="108" pt="57" pvem="5" convergencia="8" na="4" noreg="0" coalicion="0" nulos="0" total="371" />
  <resultado seccion="0649" casilla="C1" simbolo="0" pan="11" pri="180" prd="109" pt="38" pvem="3" convergencia="4" na="3" noreg="0" coalicion="0" nulos="33" total="381" />
  <resultado seccion="0650" casilla="BA" simbolo="0" pan="4" pri="209" prd="87" pt="22" pvem="2" convergencia="7" na="1" noreg="0" coalicion="0" nulos="12" total="344" />
  <resultado seccion="0650" casilla="C1" simbolo="0" pan="8" pri="198" prd="101" pt="24" pvem="5" convergencia="8" na="1" noreg="0" coalicion="0" nulos="21" total="366" />
  <resultado seccion="0651" casilla="BA" simbolo="0" pan="1" pri="73" prd="124" pt="45" pvem="2" convergencia="1" na="23" noreg="0" coalicion="3" nulos="17" total="289" />
  <resultado seccion="0651" casilla="C1" simbolo="0" pan="6" pri="80" prd="112" pt="36" pvem="1" convergencia="0" na="12" noreg="1" coalicion="0" nulos="20" total="268" />
  <resultado seccion="0651" casilla="EX" simbolo="0" pan="14" pri="72" prd="81" pt="29" pvem="5" convergencia="0" na="4" noreg="0" coalicion="0" nulos="11" total="216" />
  <resultado seccion="0652" casilla="BA" simbolo="0" pan="8" pri="140" prd="131" pt="41" pvem="6" convergencia="4" na="1" noreg="0" coalicion="0" nulos="29" total="360" />
  <resultado seccion="0652" casilla="C1" simbolo="0" pan="9" pri="154" prd="111" pt="40" pvem="2" convergencia="7" na="3" noreg="0" coalicion="2" nulos="24" total="352" />
  <resultado seccion="0653" casilla="BA" simbolo="0" pan="6" pri="126" prd="133" pt="89" pvem="5" convergencia="0" na="5" noreg="0" coalicion="0" nulos="29" total="393" />
  <resultado seccion="0653" casilla="C1" simbolo="0" pan="5" pri="100" prd="144" pt="103" pvem="8" convergencia="0" na="4" noreg="0" coalicion="0" nulos="44" total="408" />
  <resultado seccion="0654" casilla="BA" simbolo="0" pan="48" pri="155" prd="126" pt="37" pvem="7" convergencia="6" na="9" noreg="0" coalicion="1" nulos="22" total="411" />
  <resultado seccion="0654" casilla="C1" simbolo="0" pan="38" pri="129" prd="184" pt="45" pvem="1" convergencia="2" na="3" noreg="0" coalicion="0" nulos="17" total="419" />
  <resultado seccion="0654" casilla="C2" simbolo="0" pan="73" pri="127" prd="151" pt="48" pvem="7" convergencia="1" na="7" noreg="0" coalicion="0" nulos="17" total="431" />
  <resultado seccion="0655" casilla="BA" simbolo="0" pan="12" pri="176" prd="113" pt="89" pvem="8" convergencia="1" na="2" noreg="0" coalicion="0" nulos="35" total="436" />
  <resultado seccion="0655" casilla="EX" simbolo="0" pan="5" pri="64" prd="29" pt="63" pvem="2" convergencia="0" na="3" noreg="0" coalicion="0" nulos="10" total="176" />
  <resultado seccion="0656" casilla="BA" simbolo="0" pan="10" pri="121" prd="194" pt="48" pvem="4" convergencia="0" na="3" noreg="0" coalicion="0" nulos="16" total="396" />
  <resultado seccion="0656" casilla="C1" simbolo="0" pan="6" pri="128" prd="185" pt="26" pvem="7" convergencia="1" na="6" noreg="0" coalicion="0" nulos="0" total="359" />
  <resultado seccion="0656" casilla="C2" simbolo="0" pan="7" pri="112" prd="164" pt="28" pvem="2" convergencia="0" na="1" noreg="0" coalicion="0" nulos="0" total="314" />
  <resultado seccion="0657" casilla="BA" simbolo="0" pan="2" pri="118" prd="42" pt="53" pvem="3" convergencia="1" na="0" noreg="0" coalicion="1" nulos="21" total="241" />
  <resultado seccion="0657" casilla="C1" simbolo="0" pan="3" pri="108" prd="56" pt="77" pvem="3" convergencia="1" na="1" noreg="0" coalicion="0" nulos="20" total="269" />
  <resultado seccion="0658" casilla="BA" simbolo="0" pan="14" pri="117" prd="156" pt="63" pvem="1" convergencia="0" na="22" noreg="0" coalicion="0" nulos="29" total="402" />
  <resultado seccion="0658" casilla="C1" simbolo="0" pan="7" pri="128" prd="145" pt="59" pvem="5" convergencia="0" na="34" noreg="0" coalicion="2" nulos="28" total="408" />
  <resultado seccion="0659" casilla="BA" simbolo="0" pan="13" pri="154" prd="122" pt="45" pvem="6" convergencia="0" na="5" noreg="1" coalicion="0" nulos="0" total="346" />
  <resultado seccion="0659" casilla="C1" simbolo="0" pan="7" pri="154" prd="108" pt="48" pvem="3" convergencia="0" na="2" noreg="0" coalicion="1" nulos="25" total="348" />
  <resultado seccion="0659" casilla="C2" simbolo="0" pan="15" pri="129" prd="116" pt="38" pvem="6" convergencia="1" na="0" noreg="1" coalicion="1" nulos="15" total="322" />
  <resultado seccion="0660" casilla="BA" simbolo="0" pan="6" pri="140" prd="87" pt="55" pvem="7" convergencia="6" na="2" noreg="0" coalicion="0" nulos="15" total="318" />
  <resultado seccion="0661" casilla="BA" simbolo="0" pan="12" pri="144" prd="98" pt="35" pvem="3" convergencia="7" na="17" noreg="0" coalicion="0" nulos="18" total="334" />
  <resultado seccion="0661" casilla="EX" simbolo="0" pan="1" pri="65" prd="58" pt="28" pvem="0" convergencia="0" na="2" noreg="0" coalicion="0" nulos="16" total="170" />
  <resultado seccion="0662" casilla="BA" simbolo="0" pan="2" pri="196" prd="105" pt="49" pvem="2" convergencia="0" na="0" noreg="0" coalicion="0" nulos="0" total="354" />
  <resultado seccion="0662" casilla="C1" simbolo="0" pan="6" pri="138" prd="133" pt="60" pvem="0" convergencia="2" na="0" noreg="0" coalicion="0" nulos="32" total="371" />
  <resultado seccion="0663" casilla="BA" simbolo="0" pan="8" pri="222" prd="97" pt="29" pvem="3" convergencia="7" na="5" noreg="1" coalicion="0" nulos="27" total="399" />
  <resultado seccion="0663" casilla="C1" simbolo="0" pan="13" pri="203" prd="106" pt="45" pvem="2" convergencia="2" na="2" noreg="0" coalicion="0" nulos="17" total="390" />
  <resultado seccion="0663" casilla="C2" simbolo="0" pan="4" pri="215" prd="97" pt="37" pvem="6" convergencia="5" na="4" noreg="0" coalicion="0" nulos="23" total="391" />
  <resultado seccion="0663" casilla="C3" simbolo="0" pan="11" pri="191" prd="139" pt="47" pvem="0" convergencia="8" na="0" noreg="0" coalicion="0" nulos="11" total="407" />
  <resultado seccion="0664" casilla="BA" simbolo="0" pan="8" pri="81" prd="70" pt="19" pvem="0" convergencia="1" na="2" noreg="0" coalicion="0" nulos="14" total="195" />
  <resultado seccion="0664" casilla="C1" simbolo="0" pan="8" pri="70" prd="50" pt="17" pvem="1" convergencia="1" na="2" noreg="0" coalicion="0" nulos="8" total="157" />
  <resultado seccion="0665" casilla="BA" simbolo="0" pan="8" pri="163" prd="82" pt="8" pvem="4" convergencia="2" na="9" noreg="0" coalicion="0" nulos="9" total="285" />
  <resultado seccion="0665" casilla="C1" simbolo="0" pan="6" pri="110" prd="95" pt="22" pvem="4" convergencia="1" na="1" noreg="0" coalicion="1" nulos="5" total="245" />
  <resultado seccion="0665" casilla="C2" simbolo="0" pan="6" pri="155" prd="88" pt="15" pvem="7" convergencia="1" na="6" noreg="0" coalicion="0" nulos="5" total="283" />
  <resultado seccion="0666" casilla="BA" simbolo="0" pan="2" pri="134" prd="53" pt="84" pvem="5" convergencia="2" na="1" noreg="1" coalicion="1" nulos="22" total="305" />
  <resultado seccion="0666" casilla="C1" simbolo="0" pan="1" pri="143" prd="35" pt="76" pvem="1" convergencia="3" na="6" noreg="0" coalicion="0" nulos="18" total="283" />
  <resultado seccion="0667" casilla="BA" simbolo="0" pan="3" pri="107" prd="143" pt="19" pvem="4" convergencia="2" na="1" noreg="0" coalicion="0" nulos="13" total="292" />
  <resultado seccion="0667" casilla="C1" simbolo="0" pan="4" pri="149" prd="116" pt="8" pvem="1" convergencia="3" na="5" noreg="0" coalicion="0" nulos="6" total="292" />
</detallado>