﻿<detallado distrito="XVII" nombre="TEAPA" listanominal="35,528" pan="325" pri="11,236" prd="6,616" pt="221" pvem="1,697" convergencia="234" na="331" noreg="312" coalicion="38" nulos="427" votaciontotal="21,437">
  <resultado seccion="1063" casilla="BA" simbolo="0" pan="4" pri="157" prd="80" pt="2" pvem="29" convergencia="1" na="5" noreg="0" coalicion="0" nulos="11" total="289" />
  <resultado seccion="1063" casilla="C1" simbolo="0" pan="1" pri="152" prd="77" pt="3" pvem="17" convergencia="0" na="6" noreg="0" coalicion="3" nulos="6" total="265" />
  <resultado seccion="1063" casilla="C2" simbolo="0" pan="5" pri="139" prd="61" pt="4" pvem="26" convergencia="1" na="9" noreg="0" coalicion="0" nulos="8" total="253" />
  <resultado seccion="1063" casilla="C3" simbolo="0" pan="2" pri="164" prd="89" pt="1" pvem="28" convergencia="1" na="6" noreg="0" coalicion="3" nulos="9" total="303" />
  <resultado seccion="1064" casilla="BA" simbolo="0" pan="5" pri="199" prd="122" pt="2" pvem="33" convergencia="10" na="4" noreg="8" coalicion="1" nulos="8" total="392" />
  <resultado seccion="1064" casilla="C1" simbolo="0" pan="5" pri="152" prd="121" pt="2" pvem="33" convergencia="10" na="8" noreg="0" coalicion="0" nulos="7" total="338" />
  <resultado seccion="1064" casilla="C2" simbolo="0" pan="5" pri="146" prd="125" pt="2" pvem="30" convergencia="9" na="7" noreg="0" coalicion="0" nulos="3" total="327" />
  <resultado seccion="1065" casilla="BA" simbolo="0" pan="4" pri="164" prd="160" pt="9" pvem="28" convergencia="1" na="3" noreg="1" coalicion="0" nulos="5" total="375" />
  <resultado seccion="1065" casilla="C1" simbolo="0" pan="1" pri="128" prd="133" pt="2" pvem="22" convergencia="7" na="7" noreg="0" coalicion="1" nulos="19" total="320" />
  <resultado seccion="1066" casilla="BA" simbolo="0" pan="5" pri="219" prd="101" pt="3" pvem="37" convergencia="9" na="6" noreg="0" coalicion="1" nulos="14" total="395" />
  <resultado seccion="1066" casilla="C1" simbolo="0" pan="5" pri="214" prd="113" pt="3" pvem="30" convergencia="9" na="15" noreg="0" coalicion="1" nulos="6" total="396" />
  <resultado seccion="1067" casilla="BA" simbolo="0" pan="8" pri="209" prd="120" pt="2" pvem="29" convergencia="7" na="7" noreg="0" coalicion="0" nulos="16" total="398" />
  <resultado seccion="1067" casilla="C1" simbolo="0" pan="8" pri="185" prd="151" pt="2" pvem="22" convergencia="2" na="3" noreg="1" coalicion="0" nulos="2" total="376" />
  <resultado seccion="1067" casilla="C2" simbolo="0" pan="2" pri="164" prd="120" pt="2" pvem="28" convergencia="3" na="5" noreg="1" coalicion="3" nulos="12" total="340" />
  <resultado seccion="1068" casilla="BA" simbolo="0" pan="7" pri="220" prd="107" pt="3" pvem="52" convergencia="5" na="9" noreg="0" coalicion="0" nulos="10" total="413" />
  <resultado seccion="1068" casilla="C1" simbolo="0" pan="6" pri="251" prd="110" pt="5" pvem="41" convergencia="6" na="2" noreg="0" coalicion="0" nulos="7" total="428" />
  <resultado seccion="1068" casilla="C2" simbolo="0" pan="4" pri="193" prd="93" pt="6" pvem="43" convergencia="9" na="12" noreg="0" coalicion="0" nulos="2" total="362" />
  <resultado seccion="1068" casilla="C3" simbolo="0" pan="4" pri="204" prd="130" pt="4" pvem="48" convergencia="10" na="7" noreg="1" coalicion="3" nulos="8" total="419" />
  <resultado seccion="1069" casilla="BA" simbolo="0" pan="6" pri="195" prd="126" pt="3" pvem="43" convergencia="5" na="8" noreg="0" coalicion="0" nulos="5" total="391" />
  <resultado seccion="1069" casilla="C1" simbolo="0" pan="8" pri="177" prd="134" pt="5" pvem="63" convergencia="4" na="1" noreg="0" coalicion="0" nulos="4" total="396" />
  <resultado seccion="1070" casilla="BA" simbolo="0" pan="7" pri="245" prd="100" pt="9" pvem="64" convergencia="1" na="8" noreg="0" coalicion="0" nulos="0" total="434" />
  <resultado seccion="1070" casilla="C1" simbolo="0" pan="3" pri="224" prd="113" pt="6" pvem="66" convergencia="0" na="5" noreg="0" coalicion="2" nulos="11" total="430" />
  <resultado seccion="1071" casilla="BA" simbolo="0" pan="3" pri="211" prd="78" pt="5" pvem="60" convergencia="1" na="6" noreg="1" coalicion="0" nulos="8" total="373" />
  <resultado seccion="1071" casilla="C1" simbolo="0" pan="4" pri="213" prd="79" pt="14" pvem="65" convergencia="5" na="5" noreg="0" coalicion="0" nulos="3" total="388" />
  <resultado seccion="1072" casilla="BA" simbolo="0" pan="6" pri="183" prd="93" pt="8" pvem="36" convergencia="12" na="5" noreg="0" coalicion="0" nulos="0" total="343" />
  <resultado seccion="1072" casilla="C1" simbolo="0" pan="5" pri="181" prd="86" pt="5" pvem="61" convergencia="3" na="4" noreg="0" coalicion="1" nulos="7" total="353" />
  <resultado seccion="1072" casilla="C2" simbolo="0" pan="6" pri="154" prd="68" pt="3" pvem="37" convergencia="4" na="4" noreg="0" coalicion="0" nulos="10" total="286" />
  <resultado seccion="1073" casilla="BA" simbolo="0" pan="8" pri="156" prd="91" pt="4" pvem="46" convergencia="2" na="8" noreg="0" coalicion="0" nulos="14" total="329" />
  <resultado seccion="1073" casilla="C1" simbolo="0" pan="6" pri="147" prd="98" pt="4" pvem="52" convergencia="2" na="4" noreg="0" coalicion="2" nulos="5" total="320" />
  <resultado seccion="1073" casilla="C2" simbolo="0" pan="7" pri="174" prd="82" pt="2" pvem="52" convergencia="0" na="6" noreg="0" coalicion="0" nulos="0" total="323" />
  <resultado seccion="1074" casilla="BA" simbolo="0" pan="1" pri="244" prd="86" pt="1" pvem="42" convergencia="10" na="5" noreg="0" coalicion="1" nulos="9" total="399" />
  <resultado seccion="1074" casilla="C1" simbolo="0" pan="13" pri="225" prd="83" pt="1" pvem="52" convergencia="8" na="2" noreg="0" coalicion="0" nulos="8" total="392" />
  <resultado seccion="1074" casilla="ESMR" simbolo="0" pan="4" pri="161" prd="60" pt="1" pvem="19" convergencia="4" na="3" noreg="0" coalicion="1" nulos="5" total="258" />
  <resultado seccion="1074" casilla="ESRP" simbolo="0" pan="2" pri="37" prd="27" pt="0" pvem="14" convergencia="6" na="2" noreg="0" coalicion="1" nulos="2" total="91" />
  <resultado seccion="1075" casilla="BA" simbolo="0" pan="0" pri="216" prd="123" pt="0" pvem="8" convergencia="7" na="0" noreg="0" coalicion="0" nulos="0" total="354" />
  <resultado seccion="1076" casilla="BA" simbolo="0" pan="23" pri="305" prd="137" pt="2" pvem="9" convergencia="3" na="3" noreg="0" coalicion="0" nulos="0" total="482" />
  <resultado seccion="1077" casilla="BA" simbolo="0" pan="6" pri="191" prd="82" pt="1" pvem="15" convergencia="5" na="0" noreg="0" coalicion="0" nulos="0" total="300" />
  <resultado seccion="1077" casilla="C1" simbolo="0" pan="3" pri="162" prd="101" pt="1" pvem="14" convergencia="4" na="2" noreg="0" coalicion="2" nulos="10" total="299" />
  <resultado seccion="1077" casilla="EX" simbolo="0" pan="0" pri="30" prd="48" pt="1" pvem="6" convergencia="0" na="0" noreg="0" coalicion="0" nulos="2" total="87" />
  <resultado seccion="1078" casilla="BA" simbolo="0" pan="8" pri="164" prd="128" pt="4" pvem="12" convergencia="1" na="4" noreg="0" coalicion="1" nulos="7" total="329" />
  <resultado seccion="1078" casilla="C1" simbolo="0" pan="7" pri="137" prd="159" pt="0" pvem="15" convergencia="1" na="9" noreg="0" coalicion="0" nulos="7" total="335" />
  <resultado seccion="1079" casilla="BA" simbolo="0" pan="7" pri="185" prd="102" pt="1" pvem="11" convergencia="1" na="1" noreg="0" coalicion="0" nulos="10" total="318" />
  <resultado seccion="1079" casilla="C1" simbolo="0" pan="11" pri="172" prd="100" pt="4" pvem="8" convergencia="1" na="1" noreg="297" coalicion="2" nulos="17" total="613" />
  <resultado seccion="1080" casilla="BA" simbolo="0" pan="7" pri="154" prd="98" pt="4" pvem="14" convergencia="0" na="0" noreg="0" coalicion="0" nulos="0" total="277" />
  <resultado seccion="1080" casilla="C1" simbolo="0" pan="1" pri="116" prd="118" pt="2" pvem="14" convergencia="0" na="0" noreg="0" coalicion="0" nulos="17" total="268" />
  <resultado seccion="1081" casilla="BA" simbolo="0" pan="3" pri="184" prd="97" pt="3" pvem="12" convergencia="0" na="6" noreg="0" coalicion="0" nulos="0" total="305" />
  <resultado seccion="1081" casilla="C1" simbolo="0" pan="4" pri="173" prd="95" pt="6" pvem="11" convergencia="1" na="1" noreg="0" coalicion="0" nulos="12" total="303" />
  <resultado seccion="1082" casilla="BA" simbolo="0" pan="6" pri="261" prd="135" pt="1" pvem="21" convergencia="6" na="8" noreg="0" coalicion="2" nulos="13" total="453" />
  <resultado seccion="1082" casilla="C1" simbolo="0" pan="10" pri="248" prd="155" pt="6" pvem="13" convergencia="6" na="19" noreg="0" coalicion="2" nulos="9" total="468" />
  <resultado seccion="1082" casilla="C2" simbolo="0" pan="6" pri="255" prd="149" pt="7" pvem="17" convergencia="5" na="14" noreg="0" coalicion="0" nulos="6" total="459" />
  <resultado seccion="1082" casilla="C3" simbolo="0" pan="10" pri="222" prd="174" pt="10" pvem="11" convergencia="5" na="11" noreg="0" coalicion="1" nulos="13" total="457" />
  <resultado seccion="1083" casilla="BA" simbolo="0" pan="3" pri="187" prd="109" pt="1" pvem="21" convergencia="0" na="17" noreg="0" coalicion="0" nulos="10" total="348" />
  <resultado seccion="1083" casilla="C1" simbolo="0" pan="1" pri="160" prd="131" pt="3" pvem="25" convergencia="0" na="5" noreg="0" coalicion="0" nulos="7" total="332" />
  <resultado seccion="1083" casilla="C2" simbolo="0" pan="2" pri="202" prd="121" pt="2" pvem="19" convergencia="0" na="9" noreg="0" coalicion="2" nulos="6" total="363" />
  <resultado seccion="1084" casilla="BA" simbolo="0" pan="3" pri="77" prd="90" pt="3" pvem="10" convergencia="0" na="2" noreg="0" coalicion="1" nulos="7" total="193" />
  <resultado seccion="1085" casilla="BA" simbolo="0" pan="1" pri="150" prd="38" pt="5" pvem="6" convergencia="1" na="6" noreg="1" coalicion="0" nulos="2" total="210" />
  <resultado seccion="1086" casilla="BA" simbolo="0" pan="6" pri="225" prd="109" pt="7" pvem="24" convergencia="9" na="8" noreg="0" coalicion="0" nulos="6" total="394" />
  <resultado seccion="1087" casilla="BA" simbolo="0" pan="3" pri="189" prd="112" pt="2" pvem="21" convergencia="3" na="1" noreg="0" coalicion="2" nulos="4" total="337" />
  <resultado seccion="1088" casilla="BA" simbolo="0" pan="9" pri="236" prd="175" pt="3" pvem="11" convergencia="8" na="2" noreg="1" coalicion="0" nulos="9" total="454" />
  <resultado seccion="1088" casilla="C1" simbolo="0" pan="7" pri="241" prd="167" pt="5" pvem="8" convergencia="4" na="2" noreg="1" coalicion="0" nulos="8" total="443" />
  <resultado seccion="1088" casilla="C2" simbolo="0" pan="9" pri="240" prd="171" pt="9" pvem="8" convergencia="2" na="5" noreg="0" coalicion="0" nulos="5" total="449" />
</detallado>