﻿<detallado distrito="II" nombre="CARDENAS" listanominal="77,115" pan="809" pri="19,945" prd="10,716" pt="1,167" pvem="531" convergencia="2,040" na="608" noreg="25" coalicion="167" nulos="695" votaciontotal="36,703">
  <resultado seccion="0048" casilla="BA" simbolo="0" pan="7" pri="154" prd="116" pt="11" pvem="5" convergencia="11" na="5" noreg="0" coalicion="0" nulos="0" total="309" />
  <resultado seccion="0048" casilla="C1" simbolo="0" pan="7" pri="129" prd="109" pt="10" pvem="7" convergencia="17" na="4" noreg="0" coalicion="1" nulos="5" total="289" />
  <resultado seccion="0049" casilla="BA" simbolo="0" pan="5" pri="107" prd="53" pt="14" pvem="0" convergencia="3" na="1" noreg="0" coalicion="0" nulos="3" total="186" />
  <resultado seccion="0049" casilla="C1" simbolo="0" pan="8" pri="91" prd="74" pt="4" pvem="2" convergencia="13" na="2" noreg="0" coalicion="0" nulos="4" total="198" />
  <resultado seccion="0050" casilla="BA" simbolo="0" pan="6" pri="99" prd="63" pt="17" pvem="3" convergencia="15" na="4" noreg="1" coalicion="3" nulos="5" total="216" />
  <resultado seccion="0050" casilla="C1" simbolo="0" pan="4" pri="96" prd="64" pt="8" pvem="4" convergencia="15" na="1" noreg="0" coalicion="0" nulos="7" total="199" />
  <resultado seccion="0050" casilla="C2" simbolo="0" pan="2" pri="109" prd="60" pt="15" pvem="2" convergencia="23" na="0" noreg="0" coalicion="0" nulos="2" total="213" />
  <resultado seccion="0051" casilla="BA" simbolo="0" pan="5" pri="173" prd="106" pt="12" pvem="3" convergencia="12" na="8" noreg="0" coalicion="0" nulos="3" total="322" />
  <resultado seccion="0051" casilla="C1" simbolo="0" pan="6" pri="160" prd="93" pt="6" pvem="4" convergencia="14" na="3" noreg="0" coalicion="0" nulos="7" total="293" />
  <resultado seccion="0052" casilla="BA" simbolo="0" pan="3" pri="193" prd="97" pt="8" pvem="8" convergencia="11" na="6" noreg="1" coalicion="3" nulos="2" total="332" />
  <resultado seccion="0052" casilla="C1" simbolo="0" pan="3" pri="202" prd="92" pt="10" pvem="10" convergencia="12" na="10" noreg="0" coalicion="6" nulos="3" total="348" />
  <resultado seccion="0053" casilla="BA" simbolo="0" pan="7" pri="166" prd="94" pt="13" pvem="1" convergencia="16" na="7" noreg="1" coalicion="6" nulos="6" total="317" />
  <resultado seccion="0053" casilla="C1" simbolo="0" pan="4" pri="140" prd="74" pt="8" pvem="7" convergencia="13" na="6" noreg="0" coalicion="3" nulos="4" total="259" />
  <resultado seccion="0053" casilla="C2" simbolo="0" pan="8" pri="144" prd="100" pt="12" pvem="4" convergencia="13" na="5" noreg="0" coalicion="2" nulos="4" total="292" />
  <resultado seccion="0054" casilla="BA" simbolo="0" pan="8" pri="143" prd="96" pt="5" pvem="8" convergencia="13" na="5" noreg="0" coalicion="3" nulos="12" total="293" />
  <resultado seccion="0054" casilla="C1" simbolo="0" pan="3" pri="128" prd="84" pt="5" pvem="7" convergencia="9" na="2" noreg="0" coalicion="2" nulos="3" total="243" />
  <resultado seccion="0055" casilla="BA" simbolo="0" pan="10" pri="146" prd="62" pt="12" pvem="4" convergencia="19" na="6" noreg="0" coalicion="0" nulos="5" total="264" />
  <resultado seccion="0055" casilla="C1" simbolo="0" pan="8" pri="151" prd="57" pt="3" pvem="3" convergencia="8" na="1" noreg="5" coalicion="3" nulos="5" total="244" />
  <resultado seccion="0055" casilla="C2" simbolo="0" pan="5" pri="151" prd="58" pt="4" pvem="4" convergencia="10" na="3" noreg="0" coalicion="0" nulos="0" total="235" />
  <resultado seccion="0055" casilla="C3" simbolo="0" pan="7" pri="159" prd="69" pt="11" pvem="6" convergencia="6" na="2" noreg="0" coalicion="0" nulos="2" total="262" />
  <resultado seccion="0056" casilla="BA" simbolo="0" pan="2" pri="127" prd="88" pt="6" pvem="7" convergencia="8" na="2" noreg="0" coalicion="1" nulos="7" total="248" />
  <resultado seccion="0056" casilla="C1" simbolo="0" pan="6" pri="146" prd="85" pt="13" pvem="2" convergencia="7" na="10" noreg="0" coalicion="3" nulos="10" total="282" />
  <resultado seccion="0057" casilla="BA" simbolo="0" pan="8" pri="167" prd="89" pt="12" pvem="2" convergencia="22" na="7" noreg="0" coalicion="0" nulos="5" total="312" />
  <resultado seccion="0058" casilla="BA" simbolo="0" pan="5" pri="121" prd="62" pt="10" pvem="2" convergencia="12" na="1" noreg="0" coalicion="0" nulos="3" total="216" />
  <resultado seccion="0058" casilla="C1" simbolo="0" pan="3" pri="116" prd="52" pt="5" pvem="3" convergencia="16" na="2" noreg="0" coalicion="0" nulos="5" total="202" />
  <resultado seccion="0059" casilla="BA" simbolo="0" pan="6" pri="142" prd="64" pt="15" pvem="5" convergencia="14" na="4" noreg="0" coalicion="0" nulos="0" total="250" />
  <resultado seccion="0059" casilla="C1" simbolo="0" pan="10" pri="110" prd="73" pt="9" pvem="3" convergencia="17" na="5" noreg="0" coalicion="1" nulos="2" total="230" />
  <resultado seccion="0060" casilla="BA" simbolo="0" pan="6" pri="119" prd="96" pt="20" pvem="5" convergencia="10" na="2" noreg="0" coalicion="1" nulos="3" total="262" />
  <resultado seccion="0060" casilla="C1" simbolo="0" pan="5" pri="111" prd="84" pt="6" pvem="2" convergencia="9" na="4" noreg="0" coalicion="0" nulos="4" total="225" />
  <resultado seccion="0061" casilla="BA" simbolo="0" pan="3" pri="89" prd="31" pt="11" pvem="0" convergencia="12" na="1" noreg="0" coalicion="0" nulos="6" total="153" />
  <resultado seccion="0061" casilla="C1" simbolo="0" pan="1" pri="90" prd="35" pt="9" pvem="4" convergencia="10" na="2" noreg="1" coalicion="5" nulos="6" total="163" />
  <resultado seccion="0062" casilla="BA" simbolo="0" pan="4" pri="120" prd="47" pt="6" pvem="3" convergencia="5" na="8" noreg="0" coalicion="0" nulos="3" total="196" />
  <resultado seccion="0062" casilla="C1" simbolo="0" pan="2" pri="99" prd="66" pt="12" pvem="2" convergencia="3" na="6" noreg="0" coalicion="0" nulos="3" total="193" />
  <resultado seccion="0063" casilla="BA" simbolo="0" pan="5" pri="161" prd="110" pt="10" pvem="8" convergencia="13" na="14" noreg="0" coalicion="1" nulos="5" total="327" />
  <resultado seccion="0063" casilla="C1" simbolo="0" pan="6" pri="167" prd="90" pt="10" pvem="8" convergencia="16" na="9" noreg="0" coalicion="1" nulos="8" total="315" />
  <resultado seccion="0063" casilla="C2" simbolo="0" pan="15" pri="137" prd="106" pt="17" pvem="1" convergencia="16" na="6" noreg="0" coalicion="0" nulos="7" total="305" />
  <resultado seccion="0064" casilla="BA" simbolo="0" pan="10" pri="183" prd="88" pt="26" pvem="8" convergencia="22" na="4" noreg="0" coalicion="1" nulos="7" total="349" />
  <resultado seccion="0064" casilla="C1" simbolo="0" pan="7" pri="195" prd="80" pt="14" pvem="5" convergencia="19" na="4" noreg="0" coalicion="4" nulos="9" total="337" />
  <resultado seccion="0065" casilla="BA" simbolo="0" pan="5" pri="151" prd="46" pt="25" pvem="3" convergencia="9" na="4" noreg="0" coalicion="2" nulos="14" total="259" />
  <resultado seccion="0065" casilla="C1" simbolo="0" pan="5" pri="151" prd="55" pt="18" pvem="2" convergencia="28" na="11" noreg="0" coalicion="3" nulos="8" total="281" />
  <resultado seccion="0066" casilla="BA" simbolo="0" pan="8" pri="109" prd="26" pt="17" pvem="1" convergencia="19" na="0" noreg="0" coalicion="2" nulos="4" total="186" />
  <resultado seccion="0066" casilla="C1" simbolo="0" pan="3" pri="133" prd="26" pt="17" pvem="3" convergencia="18" na="2" noreg="0" coalicion="0" nulos="5" total="207" />
  <resultado seccion="0067" casilla="BA" simbolo="0" pan="28" pri="173" prd="70" pt="21" pvem="7" convergencia="13" na="5" noreg="0" coalicion="0" nulos="3" total="320" />
  <resultado seccion="0068" casilla="BA" simbolo="0" pan="2" pri="103" prd="54" pt="5" pvem="4" convergencia="7" na="3" noreg="0" coalicion="0" nulos="1" total="179" />
  <resultado seccion="0068" casilla="C1" simbolo="0" pan="3" pri="107" prd="58" pt="4" pvem="6" convergencia="15" na="1" noreg="0" coalicion="1" nulos="0" total="195" />
  <resultado seccion="0069" casilla="BA" simbolo="0" pan="3" pri="183" prd="116" pt="2" pvem="6" convergencia="21" na="10" noreg="2" coalicion="0" nulos="9" total="352" />
  <resultado seccion="0070" casilla="BA" simbolo="0" pan="1" pri="135" prd="79" pt="10" pvem="5" convergencia="10" na="8" noreg="0" coalicion="5" nulos="3" total="256" />
  <resultado seccion="0070" casilla="C1" simbolo="0" pan="3" pri="146" prd="70" pt="15" pvem="4" convergencia="7" na="11" noreg="0" coalicion="0" nulos="2" total="258" />
  <resultado seccion="0070" casilla="C2" simbolo="0" pan="7" pri="150" prd="87" pt="9" pvem="4" convergencia="7" na="10" noreg="0" coalicion="3" nulos="8" total="285" />
  <resultado seccion="0071" casilla="BA" simbolo="0" pan="13" pri="188" prd="84" pt="5" pvem="5" convergencia="17" na="4" noreg="0" coalicion="2" nulos="7" total="325" />
  <resultado seccion="0071" casilla="C1" simbolo="0" pan="7" pri="175" prd="74" pt="3" pvem="1" convergencia="11" na="5" noreg="0" coalicion="0" nulos="5" total="281" />
  <resultado seccion="0071" casilla="C2" simbolo="0" pan="6" pri="172" prd="79" pt="4" pvem="9" convergencia="16" na="4" noreg="0" coalicion="2" nulos="5" total="297" />
  <resultado seccion="0071" casilla="C3" simbolo="0" pan="10" pri="204" prd="75" pt="5" pvem="4" convergencia="14" na="3" noreg="0" coalicion="0" nulos="10" total="325" />
  <resultado seccion="0071" casilla="C4" simbolo="0" pan="13" pri="191" prd="67" pt="8" pvem="7" convergencia="23" na="2" noreg="1" coalicion="4" nulos="6" total="322" />
  <resultado seccion="0072" casilla="BA" simbolo="0" pan="9" pri="156" prd="65" pt="7" pvem="11" convergencia="10" na="2" noreg="0" coalicion="3" nulos="4" total="267" />
  <resultado seccion="0072" casilla="C1" simbolo="0" pan="4" pri="193" prd="71" pt="8" pvem="11" convergencia="7" na="5" noreg="0" coalicion="5" nulos="7" total="311" />
  <resultado seccion="0072" casilla="ESMR" simbolo="0" pan="5" pri="126" prd="52" pt="7" pvem="7" convergencia="5" na="1" noreg="0" coalicion="3" nulos="4" total="210" />
  <resultado seccion="0072" casilla="ESRP" simbolo="0" pan="7" pri="173" prd="70" pt="5" pvem="2" convergencia="5" na="6" noreg="0" coalicion="1" nulos="3" total="272" />
  <resultado seccion="0073" casilla="BA" simbolo="0" pan="4" pri="108" prd="47" pt="6" pvem="3" convergencia="21" na="4" noreg="1" coalicion="1" nulos="7" total="202" />
  <resultado seccion="0073" casilla="C1" simbolo="0" pan="7" pri="131" prd="46" pt="8" pvem="2" convergencia="22" na="6" noreg="0" coalicion="2" nulos="2" total="226" />
  <resultado seccion="0074" casilla="BA" simbolo="0" pan="6" pri="145" prd="31" pt="9" pvem="1" convergencia="25" na="9" noreg="0" coalicion="2" nulos="1" total="229" />
  <resultado seccion="0074" casilla="C1" simbolo="0" pan="7" pri="111" prd="31" pt="14" pvem="1" convergencia="16" na="2" noreg="0" coalicion="0" nulos="2" total="184" />
  <resultado seccion="0075" casilla="BA" simbolo="0" pan="9" pri="185" prd="84" pt="10" pvem="9" convergencia="47" na="3" noreg="0" coalicion="0" nulos="0" total="347" />
  <resultado seccion="0075" casilla="C1" simbolo="0" pan="8" pri="190" prd="91" pt="5" pvem="7" convergencia="18" na="5" noreg="0" coalicion="2" nulos="7" total="333" />
  <resultado seccion="0076" casilla="BA" simbolo="0" pan="4" pri="131" prd="50" pt="7" pvem="2" convergencia="7" na="2" noreg="0" coalicion="0" nulos="4" total="207" />
  <resultado seccion="0076" casilla="C1" simbolo="0" pan="5" pri="119" prd="48" pt="11" pvem="5" convergencia="25" na="4" noreg="0" coalicion="1" nulos="4" total="222" />
  <resultado seccion="0077" casilla="BA" simbolo="0" pan="6" pri="153" prd="79" pt="11" pvem="3" convergencia="10" na="5" noreg="0" coalicion="2" nulos="5" total="274" />
  <resultado seccion="0077" casilla="C1" simbolo="0" pan="6" pri="175" prd="57" pt="1" pvem="4" convergencia="18" na="4" noreg="0" coalicion="1" nulos="3" total="269" />
  <resultado seccion="0078" casilla="BA" simbolo="0" pan="5" pri="156" prd="77" pt="9" pvem="6" convergencia="23" na="2" noreg="1" coalicion="3" nulos="3" total="285" />
  <resultado seccion="0078" casilla="C1" simbolo="0" pan="4" pri="154" prd="75" pt="5" pvem="4" convergencia="19" na="6" noreg="1" coalicion="4" nulos="5" total="277" />
  <resultado seccion="0079" casilla="BA" simbolo="0" pan="6" pri="158" prd="83" pt="8" pvem="2" convergencia="17" na="3" noreg="0" coalicion="0" nulos="9" total="286" />
  <resultado seccion="0079" casilla="C1" simbolo="0" pan="8" pri="159" prd="83" pt="4" pvem="5" convergencia="32" na="0" noreg="0" coalicion="0" nulos="7" total="298" />
  <resultado seccion="0080" casilla="BA" simbolo="0" pan="1" pri="100" prd="45" pt="3" pvem="1" convergencia="3" na="3" noreg="0" coalicion="2" nulos="3" total="161" />
  <resultado seccion="0080" casilla="C1" simbolo="0" pan="3" pri="101" prd="44" pt="3" pvem="3" convergencia="9" na="2" noreg="0" coalicion="0" nulos="5" total="170" />
  <resultado seccion="0081" casilla="BA" simbolo="0" pan="8" pri="189" prd="71" pt="3" pvem="1" convergencia="26" na="3" noreg="0" coalicion="1" nulos="5" total="307" />
  <resultado seccion="0081" casilla="C1" simbolo="0" pan="9" pri="177" prd="80" pt="8" pvem="4" convergencia="10" na="3" noreg="1" coalicion="0" nulos="8" total="300" />
  <resultado seccion="0081" casilla="C2" simbolo="0" pan="8" pri="132" prd="92" pt="5" pvem="1" convergencia="26" na="6" noreg="0" coalicion="2" nulos="3" total="275" />
  <resultado seccion="0082" casilla="BA" simbolo="0" pan="7" pri="171" prd="76" pt="5" pvem="3" convergencia="8" na="3" noreg="0" coalicion="2" nulos="5" total="280" />
  <resultado seccion="0082" casilla="C1" simbolo="0" pan="8" pri="191" prd="68" pt="10" pvem="5" convergencia="12" na="3" noreg="1" coalicion="1" nulos="7" total="306" />
  <resultado seccion="0083" casilla="BA" simbolo="0" pan="4" pri="213" prd="113" pt="8" pvem="2" convergencia="14" na="15" noreg="0" coalicion="5" nulos="5" total="379" />
  <resultado seccion="0083" casilla="C1" simbolo="0" pan="8" pri="209" prd="119" pt="11" pvem="4" convergencia="18" na="9" noreg="2" coalicion="2" nulos="4" total="386" />
  <resultado seccion="0084" casilla="BA" simbolo="0" pan="11" pri="181" prd="74" pt="5" pvem="14" convergencia="17" na="11" noreg="1" coalicion="1" nulos="9" total="324" />
  <resultado seccion="0084" casilla="C1" simbolo="0" pan="10" pri="200" prd="95" pt="4" pvem="11" convergencia="15" na="6" noreg="0" coalicion="2" nulos="6" total="349" />
  <resultado seccion="0085" casilla="BA" simbolo="0" pan="3" pri="202" prd="84" pt="6" pvem="11" convergencia="24" na="4" noreg="0" coalicion="0" nulos="2" total="336" />
  <resultado seccion="0085" casilla="C1" simbolo="0" pan="7" pri="205" prd="73" pt="6" pvem="3" convergencia="24" na="2" noreg="0" coalicion="3" nulos="8" total="331" />
  <resultado seccion="0086" casilla="BA" simbolo="0" pan="9" pri="165" prd="67" pt="6" pvem="3" convergencia="13" na="5" noreg="0" coalicion="4" nulos="4" total="276" />
  <resultado seccion="0086" casilla="C1" simbolo="0" pan="3" pri="186" prd="58" pt="6" pvem="6" convergencia="12" na="6" noreg="0" coalicion="0" nulos="0" total="277" />
  <resultado seccion="0086" casilla="C2" simbolo="0" pan="8" pri="158" prd="82" pt="11" pvem="3" convergencia="18" na="2" noreg="0" coalicion="3" nulos="5" total="290" />
  <resultado seccion="0086" casilla="C3" simbolo="0" pan="7" pri="149" prd="84" pt="7" pvem="4" convergencia="19" na="0" noreg="0" coalicion="3" nulos="3" total="276" />
  <resultado seccion="0086" casilla="C4" simbolo="0" pan="5" pri="172" prd="75" pt="8" pvem="2" convergencia="14" na="2" noreg="0" coalicion="0" nulos="5" total="283" />
  <resultado seccion="0087" casilla="BA" simbolo="0" pan="10" pri="142" prd="142" pt="13" pvem="6" convergencia="25" na="0" noreg="0" coalicion="0" nulos="5" total="343" />
  <resultado seccion="0087" casilla="C1" simbolo="0" pan="4" pri="165" prd="66" pt="9" pvem="4" convergencia="31" na="3" noreg="1" coalicion="2" nulos="6" total="291" />
  <resultado seccion="0087" casilla="C2" simbolo="0" pan="5" pri="140" prd="106" pt="6" pvem="2" convergencia="25" na="2" noreg="0" coalicion="1" nulos="2" total="289" />
  <resultado seccion="0088" casilla="BA" simbolo="0" pan="6" pri="177" prd="96" pt="5" pvem="6" convergencia="15" na="16" noreg="0" coalicion="4" nulos="4" total="329" />
  <resultado seccion="0088" casilla="C1" simbolo="0" pan="8" pri="136" prd="97" pt="10" pvem="4" convergencia="6" na="14" noreg="0" coalicion="2" nulos="5" total="282" />
  <resultado seccion="0088" casilla="C2" simbolo="0" pan="7" pri="148" prd="94" pt="6" pvem="9" convergencia="12" na="14" noreg="0" coalicion="2" nulos="2" total="294" />
  <resultado seccion="0089" casilla="BA" simbolo="0" pan="2" pri="142" prd="96" pt="6" pvem="3" convergencia="25" na="1" noreg="0" coalicion="0" nulos="0" total="275" />
  <resultado seccion="0089" casilla="C1" simbolo="0" pan="2" pri="130" prd="91" pt="7" pvem="6" convergencia="15" na="1" noreg="0" coalicion="0" nulos="8" total="260" />
  <resultado seccion="0089" casilla="C2" simbolo="0" pan="4" pri="133" prd="109" pt="7" pvem="1" convergencia="19" na="1" noreg="1" coalicion="1" nulos="6" total="282" />
  <resultado seccion="0137" casilla="BA" simbolo="0" pan="6" pri="142" prd="89" pt="9" pvem="2" convergencia="72" na="4" noreg="0" coalicion="0" nulos="5" total="329" />
  <resultado seccion="0137" casilla="C1" simbolo="0" pan="3" pri="172" prd="65" pt="8" pvem="2" convergencia="57" na="6" noreg="0" coalicion="0" nulos="6" total="319" />
  <resultado seccion="0138" casilla="BA" simbolo="0" pan="7" pri="211" prd="114" pt="6" pvem="4" convergencia="41" na="3" noreg="0" coalicion="0" nulos="9" total="395" />
  <resultado seccion="0138" casilla="C1" simbolo="0" pan="3" pri="209" prd="138" pt="3" pvem="2" convergencia="29" na="0" noreg="0" coalicion="0" nulos="6" total="390" />
  <resultado seccion="0139" casilla="BA" simbolo="0" pan="8" pri="170" prd="185" pt="21" pvem="8" convergencia="9" na="0" noreg="0" coalicion="1" nulos="7" total="409" />
  <resultado seccion="0139" casilla="C1" simbolo="0" pan="13" pri="197" prd="128" pt="36" pvem="0" convergencia="14" na="0" noreg="0" coalicion="0" nulos="3" total="391" />
  <resultado seccion="0147" casilla="BA" simbolo="0" pan="1" pri="186" prd="143" pt="5" pvem="2" convergencia="18" na="8" noreg="0" coalicion="2" nulos="3" total="368" />
  <resultado seccion="0147" casilla="C1" simbolo="0" pan="4" pri="198" prd="136" pt="5" pvem="1" convergencia="15" na="7" noreg="0" coalicion="2" nulos="13" total="381" />
  <resultado seccion="0149" casilla="BA" simbolo="0" pan="9" pri="147" prd="130" pt="4" pvem="6" convergencia="20" na="5" noreg="0" coalicion="1" nulos="8" total="330" />
  <resultado seccion="0149" casilla="C1" simbolo="0" pan="5" pri="160" prd="131" pt="7" pvem="1" convergencia="18" na="4" noreg="0" coalicion="0" nulos="6" total="332" />
  <resultado seccion="0150" casilla="BA" simbolo="0" pan="5" pri="119" prd="75" pt="4" pvem="2" convergencia="8" na="7" noreg="1" coalicion="1" nulos="19" total="241" />
  <resultado seccion="0150" casilla="C1" simbolo="0" pan="6" pri="117" prd="97" pt="4" pvem="3" convergencia="11" na="8" noreg="0" coalicion="0" nulos="11" total="257" />
  <resultado seccion="0151" casilla="BA" simbolo="0" pan="3" pri="176" prd="105" pt="8" pvem="3" convergencia="14" na="3" noreg="0" coalicion="1" nulos="4" total="317" />
  <resultado seccion="0151" casilla="C1" simbolo="0" pan="6" pri="175" prd="116" pt="9" pvem="3" convergencia="15" na="9" noreg="0" coalicion="0" nulos="9" total="342" />
  <resultado seccion="0152" casilla="BA" simbolo="0" pan="1" pri="162" prd="110" pt="22" pvem="3" convergencia="18" na="0" noreg="0" coalicion="1" nulos="10" total="327" />
  <resultado seccion="0152" casilla="C1" simbolo="0" pan="1" pri="147" prd="132" pt="14" pvem="3" convergencia="10" na="0" noreg="0" coalicion="1" nulos="5" total="313" />
  <resultado seccion="0152" casilla="C2" simbolo="0" pan="3" pri="173" prd="95" pt="13" pvem="7" convergencia="5" na="1" noreg="0" coalicion="0" nulos="8" total="305" />
  <resultado seccion="0160" casilla="BA" simbolo="0" pan="8" pri="127" prd="64" pt="2" pvem="1" convergencia="13" na="9" noreg="0" coalicion="0" nulos="5" total="229" />
  <resultado seccion="0160" casilla="C1" simbolo="0" pan="11" pri="123" prd="72" pt="5" pvem="1" convergencia="8" na="26" noreg="0" coalicion="0" nulos="8" total="254" />
  <resultado seccion="0160" casilla="C2" simbolo="0" pan="1" pri="81" prd="90" pt="6" pvem="0" convergencia="23" na="13" noreg="0" coalicion="0" nulos="5" total="219" />
  <resultado seccion="0161" casilla="BA" simbolo="0" pan="4" pri="122" prd="83" pt="3" pvem="0" convergencia="33" na="1" noreg="0" coalicion="1" nulos="9" total="256" />
  <resultado seccion="0161" casilla="C1" simbolo="0" pan="0" pri="134" prd="85" pt="2" pvem="1" convergencia="24" na="1" noreg="0" coalicion="0" nulos="8" total="255" />
  <resultado seccion="0162" casilla="BA" simbolo="0" pan="12" pri="196" prd="65" pt="11" pvem="6" convergencia="10" na="4" noreg="2" coalicion="2" nulos="7" total="315" />
  <resultado seccion="0162" casilla="C1" simbolo="0" pan="5" pri="208" prd="77" pt="6" pvem="10" convergencia="5" na="1" noreg="0" coalicion="1" nulos="3" total="316" />
  <resultado seccion="0162" casilla="C2" simbolo="0" pan="4" pri="195" prd="72" pt="4" pvem="2" convergencia="7" na="6" noreg="0" coalicion="0" nulos="0" total="290" />
  <resultado seccion="0164" casilla="BA" simbolo="0" pan="40" pri="170" prd="75" pt="22" pvem="2" convergencia="2" na="1" noreg="0" coalicion="2" nulos="7" total="321" />
  <resultado seccion="0164" casilla="C1" simbolo="0" pan="14" pri="187" prd="96" pt="16" pvem="0" convergencia="4" na="6" noreg="0" coalicion="1" nulos="4" total="328" />
  <resultado seccion="0165" casilla="BA" simbolo="0" pan="4" pri="167" prd="87" pt="2" pvem="6" convergencia="5" na="13" noreg="0" coalicion="1" nulos="7" total="292" />
  <resultado seccion="0165" casilla="C1" simbolo="0" pan="7" pri="148" prd="101" pt="5" pvem="2" convergencia="1" na="3" noreg="0" coalicion="0" nulos="2" total="269" />
  <resultado seccion="0165" casilla="C2" simbolo="0" pan="2" pri="180" prd="107" pt="4" pvem="1" convergencia="0" na="0" noreg="0" coalicion="0" nulos="5" total="299" />
  <resultado seccion="0166" casilla="BA" simbolo="0" pan="3" pri="193" prd="112" pt="16" pvem="2" convergencia="15" na="2" noreg="0" coalicion="0" nulos="9" total="352" />
  <resultado seccion="0166" casilla="C1" simbolo="0" pan="3" pri="177" prd="144" pt="4" pvem="7" convergencia="20" na="2" noreg="0" coalicion="0" nulos="23" total="380" />
</detallado>