﻿<detallado distrito="XIV" nombre="NACAJUCA" listanominal="67,101" pan="1,288" pri="22,375" prd="16,728" pt="1,617" pvem="439" convergencia="135" na="736" noreg="13" coalicion="104" nulos="1,106" votaciontotal="44,541">
  <resultado seccion="0954" casilla="BA" simbolo="0" pan="29" pri="205" prd="82" pt="4" pvem="4" convergencia="2" na="12" noreg="1" coalicion="0" nulos="9" total="348" />
  <resultado seccion="0954" casilla="C1" simbolo="0" pan="28" pri="275" prd="53" pt="3" pvem="5" convergencia="1" na="11" noreg="0" coalicion="2" nulos="5" total="383" />
  <resultado seccion="0955" casilla="BA" simbolo="0" pan="41" pri="281" prd="169" pt="14" pvem="2" convergencia="3" na="11" noreg="2" coalicion="3" nulos="9" total="535" />
  <resultado seccion="0955" casilla="C1" simbolo="0" pan="37" pri="307" prd="149" pt="15" pvem="2" convergencia="1" na="6" noreg="1" coalicion="1" nulos="11" total="530" />
  <resultado seccion="0956" casilla="BA" simbolo="0" pan="31" pri="185" prd="116" pt="25" pvem="9" convergencia="0" na="6" noreg="0" coalicion="5" nulos="7" total="384" />
  <resultado seccion="0956" casilla="C1" simbolo="0" pan="20" pri="207" prd="106" pt="13" pvem="6" convergencia="1" na="7" noreg="0" coalicion="2" nulos="8" total="370" />
  <resultado seccion="0956" casilla="C2" simbolo="0" pan="24" pri="238" prd="91" pt="13" pvem="4" convergencia="0" na="3" noreg="1" coalicion="1" nulos="3" total="378" />
  <resultado seccion="0957" casilla="BA" simbolo="0" pan="28" pri="231" prd="100" pt="6" pvem="2" convergencia="3" na="11" noreg="0" coalicion="4" nulos="9" total="394" />
  <resultado seccion="0957" casilla="C1" simbolo="0" pan="50" pri="252" prd="82" pt="4" pvem="2" convergencia="2" na="11" noreg="0" coalicion="5" nulos="14" total="422" />
  <resultado seccion="0957" casilla="ESMR" simbolo="0" pan="17" pri="218" prd="106" pt="7" pvem="1" convergencia="1" na="3" noreg="0" coalicion="0" nulos="6" total="359" />
  <resultado seccion="0957" casilla="ESRP" simbolo="0" pan="0" pri="10" prd="5" pt="0" pvem="0" convergencia="0" na="1" noreg="0" coalicion="0" nulos="0" total="16" />
  <resultado seccion="0958" casilla="BA" simbolo="0" pan="28" pri="234" prd="105" pt="7" pvem="1" convergencia="3" na="4" noreg="0" coalicion="0" nulos="8" total="390" />
  <resultado seccion="0958" casilla="C1" simbolo="0" pan="33" pri="252" prd="97" pt="12" pvem="4" convergencia="1" na="5" noreg="0" coalicion="2" nulos="7" total="413" />
  <resultado seccion="0958" casilla="C2" simbolo="0" pan="51" pri="246" prd="73" pt="13" pvem="2" convergencia="2" na="10" noreg="0" coalicion="5" nulos="13" total="415" />
  <resultado seccion="0959" casilla="BA" simbolo="0" pan="41" pri="252" prd="190" pt="7" pvem="6" convergencia="5" na="4" noreg="1" coalicion="5" nulos="6" total="517" />
  <resultado seccion="0959" casilla="C1" simbolo="0" pan="52" pri="246" prd="169" pt="12" pvem="3" convergencia="0" na="7" noreg="1" coalicion="2" nulos="16" total="508" />
  <resultado seccion="0960" casilla="BA" simbolo="0" pan="26" pri="271" prd="156" pt="47" pvem="2" convergencia="0" na="5" noreg="1" coalicion="0" nulos="13" total="521" />
  <resultado seccion="0960" casilla="C1" simbolo="0" pan="17" pri="259" prd="198" pt="41" pvem="2" convergencia="0" na="6" noreg="0" coalicion="1" nulos="12" total="536" />
  <resultado seccion="0960" casilla="C2" simbolo="0" pan="18" pri="241" prd="220" pt="41" pvem="1" convergencia="2" na="4" noreg="0" coalicion="0" nulos="8" total="535" />
  <resultado seccion="0961" casilla="BA" simbolo="0" pan="2" pri="147" prd="110" pt="13" pvem="0" convergencia="2" na="2" noreg="0" coalicion="0" nulos="9" total="285" />
  <resultado seccion="0962" casilla="BA" simbolo="0" pan="12" pri="163" prd="312" pt="38" pvem="5" convergencia="0" na="1" noreg="0" coalicion="0" nulos="6" total="537" />
  <resultado seccion="0962" casilla="C1" simbolo="0" pan="13" pri="215" prd="240" pt="63" pvem="3" convergencia="1" na="3" noreg="0" coalicion="0" nulos="6" total="544" />
  <resultado seccion="0962" casilla="C2" simbolo="0" pan="11" pri="184" prd="249" pt="62" pvem="1" convergencia="0" na="3" noreg="0" coalicion="0" nulos="7" total="517" />
  <resultado seccion="0963" casilla="BA" simbolo="0" pan="8" pri="222" prd="185" pt="18" pvem="2" convergencia="1" na="2" noreg="1" coalicion="0" nulos="8" total="447" />
  <resultado seccion="0963" casilla="C1" simbolo="0" pan="12" pri="238" prd="164" pt="11" pvem="2" convergencia="0" na="4" noreg="0" coalicion="1" nulos="5" total="437" />
  <resultado seccion="0963" casilla="C2" simbolo="0" pan="4" pri="242" prd="176" pt="15" pvem="1" convergencia="1" na="3" noreg="0" coalicion="0" nulos="5" total="447" />
  <resultado seccion="0964" casilla="BA" simbolo="0" pan="16" pri="204" prd="198" pt="15" pvem="4" convergencia="0" na="29" noreg="0" coalicion="3" nulos="12" total="481" />
  <resultado seccion="0964" casilla="C1" simbolo="0" pan="7" pri="222" prd="190" pt="10" pvem="2" convergencia="3" na="15" noreg="0" coalicion="2" nulos="17" total="468" />
  <resultado seccion="0964" casilla="C2" simbolo="0" pan="16" pri="186" prd="192" pt="23" pvem="0" convergencia="1" na="14" noreg="0" coalicion="2" nulos="21" total="455" />
  <resultado seccion="0965" casilla="BA" simbolo="0" pan="9" pri="321" prd="146" pt="20" pvem="3" convergencia="0" na="12" noreg="0" coalicion="0" nulos="28" total="539" />
  <resultado seccion="0965" casilla="C1" simbolo="0" pan="11" pri="275" prd="179" pt="40" pvem="1" convergencia="0" na="13" noreg="0" coalicion="1" nulos="27" total="547" />
  <resultado seccion="0965" casilla="C2" simbolo="0" pan="8" pri="291" prd="164" pt="21" pvem="1" convergencia="1" na="24" noreg="0" coalicion="0" nulos="50" total="560" />
  <resultado seccion="0966" casilla="BA" simbolo="0" pan="0" pri="245" prd="172" pt="15" pvem="1" convergencia="1" na="15" noreg="0" coalicion="3" nulos="16" total="468" />
  <resultado seccion="0967" casilla="BA" simbolo="0" pan="6" pri="170" prd="180" pt="29" pvem="4" convergencia="2" na="16" noreg="0" coalicion="0" nulos="2" total="409" />
  <resultado seccion="0967" casilla="C1" simbolo="0" pan="2" pri="146" prd="181" pt="55" pvem="5" convergencia="1" na="9" noreg="0" coalicion="1" nulos="14" total="414" />
  <resultado seccion="0967" casilla="C2" simbolo="0" pan="4" pri="132" prd="189" pt="35" pvem="6" convergencia="5" na="3" noreg="0" coalicion="0" nulos="9" total="383" />
  <resultado seccion="0968" casilla="BA" simbolo="0" pan="6" pri="202" prd="186" pt="58" pvem="2" convergencia="2" na="8" noreg="0" coalicion="1" nulos="15" total="480" />
  <resultado seccion="0968" casilla="C1" simbolo="0" pan="9" pri="204" prd="177" pt="48" pvem="3" convergencia="2" na="13" noreg="0" coalicion="3" nulos="28" total="487" />
  <resultado seccion="0969" casilla="BA" simbolo="0" pan="13" pri="203" prd="194" pt="35" pvem="9" convergencia="2" na="11" noreg="0" coalicion="0" nulos="26" total="493" />
  <resultado seccion="0969" casilla="C1" simbolo="0" pan="7" pri="199" prd="217" pt="33" pvem="10" convergencia="0" na="15" noreg="0" coalicion="0" nulos="31" total="512" />
  <resultado seccion="0969" casilla="EX" simbolo="0" pan="4" pri="196" prd="72" pt="7" pvem="4" convergencia="0" na="3" noreg="0" coalicion="0" nulos="8" total="294" />
  <resultado seccion="0970" casilla="BA" simbolo="0" pan="3" pri="266" prd="246" pt="10" pvem="2" convergencia="0" na="5" noreg="0" coalicion="0" nulos="15" total="547" />
  <resultado seccion="0970" casilla="C1" simbolo="0" pan="2" pri="253" prd="280" pt="8" pvem="1" convergencia="1" na="5" noreg="0" coalicion="2" nulos="8" total="560" />
  <resultado seccion="0971" casilla="BA" simbolo="0" pan="2" pri="214" prd="189" pt="16" pvem="1" convergencia="1" na="10" noreg="0" coalicion="1" nulos="11" total="445" />
  <resultado seccion="0971" casilla="C1" simbolo="0" pan="9" pri="238" prd="173" pt="10" pvem="2" convergencia="2" na="17" noreg="0" coalicion="1" nulos="5" total="457" />
  <resultado seccion="0971" casilla="C2" simbolo="0" pan="1" pri="217" prd="194" pt="5" pvem="2" convergencia="2" na="26" noreg="1" coalicion="1" nulos="6" total="455" />
  <resultado seccion="0971" casilla="C3" simbolo="0" pan="1" pri="198" prd="238" pt="10" pvem="0" convergencia="1" na="9" noreg="0" coalicion="0" nulos="9" total="466" />
  <resultado seccion="0972" casilla="BA" simbolo="0" pan="4" pri="251" prd="178" pt="19" pvem="3" convergencia="1" na="9" noreg="0" coalicion="0" nulos="10" total="475" />
  <resultado seccion="0972" casilla="C1" simbolo="0" pan="3" pri="243" prd="203" pt="15" pvem="3" convergencia="2" na="6" noreg="0" coalicion="0" nulos="7" total="482" />
  <resultado seccion="0972" casilla="C2" simbolo="0" pan="2" pri="230" prd="200" pt="24" pvem="3" convergencia="0" na="6" noreg="0" coalicion="0" nulos="13" total="478" />
  <resultado seccion="0973" casilla="BA" simbolo="0" pan="3" pri="178" prd="182" pt="80" pvem="2" convergencia="1" na="18" noreg="0" coalicion="2" nulos="14" total="480" />
  <resultado seccion="0974" casilla="BA" simbolo="0" pan="5" pri="246" prd="199" pt="29" pvem="4" convergencia="2" na="7" noreg="0" coalicion="2" nulos="6" total="500" />
  <resultado seccion="0974" casilla="C1" simbolo="0" pan="2" pri="240" prd="231" pt="17" pvem="1" convergencia="1" na="4" noreg="0" coalicion="1" nulos="8" total="505" />
  <resultado seccion="0974" casilla="C2" simbolo="0" pan="4" pri="247" prd="208" pt="18" pvem="3" convergencia="1" na="5" noreg="0" coalicion="0" nulos="8" total="494" />
  <resultado seccion="0974" casilla="EX" simbolo="0" pan="2" pri="193" prd="71" pt="4" pvem="1" convergencia="0" na="4" noreg="0" coalicion="0" nulos="7" total="282" />
  <resultado seccion="0974" casilla="EXC1" simbolo="0" pan="2" pri="193" prd="71" pt="4" pvem="1" convergencia="0" na="4" noreg="0" coalicion="0" nulos="7" total="282" />
  <resultado seccion="0975" casilla="BA" simbolo="0" pan="5" pri="159" prd="140" pt="13" pvem="3" convergencia="1" na="2" noreg="0" coalicion="0" nulos="2" total="325" />
  <resultado seccion="0975" casilla="C1" simbolo="0" pan="7" pri="174" prd="124" pt="6" pvem="1" convergencia="1" na="5" noreg="0" coalicion="1" nulos="5" total="324" />
  <resultado seccion="0976" casilla="BA" simbolo="0" pan="21" pri="194" prd="306" pt="18" pvem="5" convergencia="1" na="11" noreg="0" coalicion="1" nulos="9" total="566" />
  <resultado seccion="0976" casilla="C1" simbolo="0" pan="36" pri="266" prd="220" pt="10" pvem="4" convergencia="2" na="17" noreg="0" coalicion="0" nulos="14" total="569" />
  <resultado seccion="0977" casilla="BA" simbolo="0" pan="5" pri="191" prd="151" pt="6" pvem="6" convergencia="2" na="13" noreg="0" coalicion="1" nulos="8" total="383" />
  <resultado seccion="0977" casilla="C1" simbolo="0" pan="5" pri="226" prd="121" pt="19" pvem="5" convergencia="0" na="4" noreg="0" coalicion="0" nulos="5" total="385" />
  <resultado seccion="0978" casilla="BA" simbolo="0" pan="14" pri="196" prd="158" pt="5" pvem="3" convergencia="1" na="4" noreg="0" coalicion="0" nulos="4" total="385" />
  <resultado seccion="0978" casilla="C1" simbolo="0" pan="12" pri="198" prd="159" pt="6" pvem="3" convergencia="0" na="1" noreg="0" coalicion="0" nulos="9" total="388" />
  <resultado seccion="0979" casilla="BA" simbolo="0" pan="2" pri="204" prd="230" pt="31" pvem="8" convergencia="2" na="13" noreg="0" coalicion="0" nulos="15" total="505" />
  <resultado seccion="0979" casilla="C1" simbolo="0" pan="5" pri="230" prd="235" pt="20" pvem="10" convergencia="0" na="19" noreg="0" coalicion="4" nulos="13" total="536" />
  <resultado seccion="0980" casilla="BA" simbolo="0" pan="12" pri="195" prd="189" pt="9" pvem="1" convergencia="2" na="5" noreg="0" coalicion="8" nulos="4" total="425" />
  <resultado seccion="0980" casilla="C1" simbolo="0" pan="7" pri="237" prd="123" pt="16" pvem="2" convergencia="1" na="6" noreg="0" coalicion="2" nulos="6" total="400" />
  <resultado seccion="0980" casilla="C2" simbolo="0" pan="3" pri="174" prd="178" pt="11" pvem="7" convergencia="2" na="4" noreg="1" coalicion="1" nulos="10" total="391" />
  <resultado seccion="0981" casilla="BA" simbolo="0" pan="5" pri="162" prd="101" pt="5" pvem="6" convergencia="1" na="9" noreg="0" coalicion="0" nulos="6" total="295" />
  <resultado seccion="0981" casilla="C1" simbolo="0" pan="4" pri="146" prd="94" pt="12" pvem="8" convergencia="1" na="4" noreg="0" coalicion="0" nulos="8" total="277" />
  <resultado seccion="0982" casilla="BA" simbolo="0" pan="11" pri="276" prd="168" pt="3" pvem="2" convergencia="0" na="14" noreg="0" coalicion="2" nulos="5" total="481" />
  <resultado seccion="0982" casilla="C1" simbolo="0" pan="10" pri="284" prd="177" pt="3" pvem="9" convergencia="1" na="6" noreg="0" coalicion="1" nulos="9" total="500" />
  <resultado seccion="0982" casilla="C2" simbolo="0" pan="7" pri="243" prd="194" pt="2" pvem="8" convergencia="2" na="6" noreg="0" coalicion="0" nulos="8" total="470" />
  <resultado seccion="0982" casilla="C3" simbolo="0" pan="7" pri="241" prd="215" pt="1" pvem="6" convergencia="1" na="6" noreg="0" coalicion="0" nulos="8" total="485" />
  <resultado seccion="0983" casilla="BA" simbolo="0" pan="9" pri="119" prd="129" pt="3" pvem="11" convergencia="1" na="1" noreg="0" coalicion="0" nulos="8" total="281" />
  <resultado seccion="0983" casilla="C1" simbolo="0" pan="7" pri="124" prd="134" pt="1" pvem="3" convergencia="4" na="4" noreg="0" coalicion="0" nulos="5" total="282" />
  <resultado seccion="0983" casilla="C2" simbolo="0" pan="4" pri="119" prd="139" pt="6" pvem="7" convergencia="0" na="7" noreg="0" coalicion="1" nulos="8" total="291" />
  <resultado seccion="0983" casilla="C3" simbolo="0" pan="15" pri="125" prd="145" pt="1" pvem="5" convergencia="3" na="6" noreg="0" coalicion="0" nulos="8" total="308" />
  <resultado seccion="0983" casilla="C4" simbolo="0" pan="15" pri="147" prd="139" pt="5" pvem="7" convergencia="3" na="6" noreg="0" coalicion="1" nulos="5" total="328" />
  <resultado seccion="0984" casilla="BA" simbolo="0" pan="5" pri="131" prd="154" pt="11" pvem="8" convergencia="1" na="1" noreg="0" coalicion="0" nulos="7" total="318" />
  <resultado seccion="0984" casilla="C1" simbolo="0" pan="5" pri="126" prd="153" pt="14" pvem="4" convergencia="0" na="4" noreg="0" coalicion="0" nulos="8" total="314" />
  <resultado seccion="0984" casilla="C2" simbolo="0" pan="6" pri="139" prd="152" pt="14" pvem="3" convergencia="1" na="5" noreg="0" coalicion="0" nulos="9" total="329" />
  <resultado seccion="0985" casilla="BA" simbolo="0" pan="9" pri="184" prd="131" pt="10" pvem="10" convergencia="0" na="3" noreg="0" coalicion="0" nulos="10" total="357" />
  <resultado seccion="0985" casilla="C1" simbolo="0" pan="11" pri="207" prd="115" pt="10" pvem="5" convergencia="2" na="6" noreg="0" coalicion="0" nulos="9" total="365" />
  <resultado seccion="0985" casilla="C2" simbolo="0" pan="11" pri="198" prd="128" pt="18" pvem="5" convergencia="4" na="4" noreg="0" coalicion="0" nulos="7" total="375" />
  <resultado seccion="0985" casilla="C3" simbolo="0" pan="9" pri="164" prd="160" pt="10" pvem="8" convergencia="2" na="2" noreg="0" coalicion="0" nulos="9" total="364" />
  <resultado seccion="0986" casilla="BA" simbolo="0" pan="5" pri="195" prd="142" pt="7" pvem="2" convergencia="2" na="2" noreg="0" coalicion="0" nulos="7" total="362" />
  <resultado seccion="0986" casilla="C1" simbolo="0" pan="9" pri="213" prd="128" pt="3" pvem="8" convergencia="4" na="1" noreg="0" coalicion="0" nulos="9" total="375" />
  <resultado seccion="0986" casilla="C2" simbolo="0" pan="7" pri="220" prd="139" pt="7" pvem="2" convergencia="0" na="2" noreg="0" coalicion="0" nulos="8" total="385" />
  <resultado seccion="0986" casilla="C3" simbolo="0" pan="5" pri="141" prd="141" pt="4" pvem="2" convergencia="2" na="1" noreg="1" coalicion="0" nulos="15" total="312" />
  <resultado seccion="0986" casilla="C4" simbolo="0" pan="12" pri="153" prd="149" pt="5" pvem="3" convergencia="2" na="2" noreg="0" coalicion="0" nulos="14" total="340" />
  <resultado seccion="0986" casilla="C5" simbolo="0" pan="12" pri="203" prd="140" pt="4" pvem="8" convergencia="0" na="2" noreg="0" coalicion="0" nulos="8" total="377" />
  <resultado seccion="0986" casilla="C6" simbolo="0" pan="12" pri="184" prd="115" pt="4" pvem="1" convergencia="1" na="1" noreg="0" coalicion="1" nulos="15" total="334" />
  <resultado seccion="0986" casilla="C7" simbolo="0" pan="6" pri="194" prd="131" pt="6" pvem="9" convergencia="1" na="1" noreg="0" coalicion="1" nulos="5" total="354" />
  <resultado seccion="0986" casilla="C8" simbolo="0" pan="5" pri="189" prd="145" pt="11" pvem="3" convergencia="0" na="5" noreg="0" coalicion="0" nulos="12" total="370" />
  <resultado seccion="0986" casilla="C9" simbolo="0" pan="11" pri="183" prd="111" pt="8" pvem="3" convergencia="1" na="1" noreg="0" coalicion="0" nulos="13" total="331" />
  <resultado seccion="0986" casilla="C10" simbolo="0" pan="10" pri="183" prd="104" pt="1" pvem="4" convergencia="0" na="5" noreg="0" coalicion="0" nulos="7" total="314" />
  <resultado seccion="0986" casilla="C11" simbolo="0" pan="9" pri="169" prd="129" pt="3" pvem="4" convergencia="0" na="4" noreg="0" coalicion="0" nulos="7" total="325" />
  <resultado seccion="0987" casilla="BA" simbolo="0" pan="13" pri="171" prd="125" pt="6" pvem="9" convergencia="4" na="2" noreg="0" coalicion="1" nulos="9" total="340" />
  <resultado seccion="0987" casilla="C1" simbolo="0" pan="12" pri="157" prd="121" pt="3" pvem="5" convergencia="2" na="3" noreg="0" coalicion="3" nulos="9" total="315" />
  <resultado seccion="0987" casilla="C2" simbolo="0" pan="6" pri="180" prd="122" pt="9" pvem="4" convergencia="0" na="3" noreg="0" coalicion="0" nulos="12" total="336" />
  <resultado seccion="0988" casilla="BA" simbolo="0" pan="11" pri="216" prd="89" pt="1" pvem="3" convergencia="2" na="4" noreg="1" coalicion="1" nulos="8" total="336" />
  <resultado seccion="0988" casilla="C1" simbolo="0" pan="7" pri="177" prd="83" pt="0" pvem="10" convergencia="2" na="2" noreg="0" coalicion="0" nulos="9" total="290" />
  <resultado seccion="0989" casilla="BA" simbolo="0" pan="22" pri="225" prd="76" pt="3" pvem="7" convergencia="1" na="6" noreg="0" coalicion="1" nulos="19" total="360" />
  <resultado seccion="0989" casilla="C1" simbolo="0" pan="12" pri="237" prd="105" pt="2" pvem="6" convergencia="0" na="5" noreg="0" coalicion="3" nulos="10" total="380" />
  <resultado seccion="0990" casilla="BA" simbolo="0" pan="10" pri="180" prd="81" pt="8" pvem="3" convergencia="2" na="3" noreg="0" coalicion="0" nulos="10" total="297" />
  <resultado seccion="0990" casilla="C1" simbolo="0" pan="6" pri="183" prd="102" pt="3" pvem="6" convergencia="0" na="2" noreg="0" coalicion="4" nulos="6" total="312" />
  <resultado seccion="0990" casilla="C2" simbolo="0" pan="6" pri="219" prd="85" pt="3" pvem="8" convergencia="0" na="1" noreg="0" coalicion="1" nulos="5" total="328" />
</detallado>