﻿<detallado distrito="VI" nombre="COMALCALCO" listanominal="124,963" pan="1,668" pri="42,615" prd="40,716" pt="194" pvem="672" convergencia="373" na="1,133" noreg="32" coalicion="174" nulos="1,205" votaciontotal="88,782">
  <resultado seccion="0512" casilla="BA" simbolo="0" pan="11" pri="184" prd="212" pt="1" pvem="10" convergencia="2" na="9" noreg="0" coalicion="1" nulos="4" total="434" />
  <resultado seccion="0512" casilla="C1" simbolo="0" pan="11" pri="188" prd="169" pt="3" pvem="6" convergencia="0" na="10" noreg="1" coalicion="2" nulos="3" total="393" />
  <resultado seccion="0513" casilla="BA" simbolo="0" pan="5" pri="161" prd="238" pt="0" pvem="5" convergencia="2" na="7" noreg="0" coalicion="0" nulos="2" total="420" />
  <resultado seccion="0513" casilla="C1" simbolo="0" pan="16" pri="167" prd="231" pt="1" pvem="7" convergencia="1" na="7" noreg="1" coalicion="2" nulos="5" total="438" />
  <resultado seccion="0513" casilla="C2" simbolo="0" pan="7" pri="141" prd="231" pt="3" pvem="4" convergencia="0" na="10" noreg="0" coalicion="1" nulos="4" total="401" />
  <resultado seccion="0513" casilla="C3" simbolo="0" pan="7" pri="168" prd="217" pt="0" pvem="7" convergencia="2" na="9" noreg="1" coalicion="0" nulos="6" total="417" />
  <resultado seccion="0514" casilla="BA" simbolo="0" pan="14" pri="174" prd="196" pt="3" pvem="2" convergencia="5" na="5" noreg="0" coalicion="1" nulos="4" total="404" />
  <resultado seccion="0515" casilla="BA" simbolo="0" pan="4" pri="203" prd="202" pt="1" pvem="3" convergencia="2" na="2" noreg="0" coalicion="0" nulos="5" total="422" />
  <resultado seccion="0515" casilla="C1" simbolo="0" pan="6" pri="173" prd="227" pt="0" pvem="8" convergencia="3" na="6" noreg="0" coalicion="0" nulos="3" total="426" />
  <resultado seccion="0516" casilla="BA" simbolo="0" pan="5" pri="186" prd="204" pt="2" pvem="8" convergencia="1" na="1" noreg="0" coalicion="3" nulos="3" total="413" />
  <resultado seccion="0516" casilla="C1" simbolo="0" pan="7" pri="186" prd="201" pt="0" pvem="10" convergencia="2" na="7" noreg="2" coalicion="1" nulos="3" total="419" />
  <resultado seccion="0517" casilla="BA" simbolo="0" pan="5" pri="150" prd="158" pt="2" pvem="9" convergencia="1" na="15" noreg="0" coalicion="3" nulos="4" total="347" />
  <resultado seccion="0517" casilla="C1" simbolo="0" pan="6" pri="144" prd="174" pt="0" pvem="9" convergencia="0" na="5" noreg="0" coalicion="1" nulos="4" total="343" />
  <resultado seccion="0518" casilla="BA" simbolo="0" pan="2" pri="155" prd="181" pt="1" pvem="3" convergencia="1" na="4" noreg="0" coalicion="0" nulos="10" total="357" />
  <resultado seccion="0519" casilla="BA" simbolo="0" pan="4" pri="127" prd="115" pt="1" pvem="21" convergencia="0" na="9" noreg="1" coalicion="2" nulos="3" total="283" />
  <resultado seccion="0519" casilla="C1" simbolo="0" pan="6" pri="117" prd="146" pt="0" pvem="23" convergencia="3" na="4" noreg="0" coalicion="0" nulos="1" total="300" />
  <resultado seccion="0520" casilla="BA" simbolo="0" pan="7" pri="181" prd="223" pt="4" pvem="11" convergencia="3" na="11" noreg="0" coalicion="0" nulos="3" total="443" />
  <resultado seccion="0520" casilla="ESMR" simbolo="0" pan="6" pri="177" prd="190" pt="1" pvem="4" convergencia="5" na="6" noreg="0" coalicion="0" nulos="3" total="392" />
  <resultado seccion="0520" casilla="ESRP" simbolo="0" pan="0" pri="24" prd="13" pt="1" pvem="1" convergencia="3" na="3" noreg="0" coalicion="0" nulos="1" total="46" />
  <resultado seccion="0521" casilla="BA" simbolo="0" pan="6" pri="100" prd="115" pt="0" pvem="8" convergencia="2" na="6" noreg="0" coalicion="1" nulos="2" total="240" />
  <resultado seccion="0521" casilla="C1" simbolo="0" pan="5" pri="111" prd="107" pt="1" pvem="6" convergencia="2" na="4" noreg="0" coalicion="1" nulos="3" total="240" />
  <resultado seccion="0522" casilla="BA" simbolo="0" pan="11" pri="193" prd="259" pt="2" pvem="14" convergencia="1" na="8" noreg="0" coalicion="0" nulos="2" total="490" />
  <resultado seccion="0523" casilla="BA" simbolo="0" pan="18" pri="178" prd="228" pt="2" pvem="5" convergencia="3" na="15" noreg="0" coalicion="1" nulos="9" total="459" />
  <resultado seccion="0523" casilla="C1" simbolo="0" pan="9" pri="210" prd="213" pt="0" pvem="12" convergencia="2" na="9" noreg="0" coalicion="1" nulos="3" total="459" />
  <resultado seccion="0524" casilla="BA" simbolo="0" pan="16" pri="199" prd="216" pt="1" pvem="6" convergencia="0" na="11" noreg="0" coalicion="2" nulos="7" total="458" />
  <resultado seccion="0525" casilla="BA" simbolo="0" pan="5" pri="184" prd="211" pt="1" pvem="9" convergencia="0" na="5" noreg="2" coalicion="3" nulos="5" total="425" />
  <resultado seccion="0525" casilla="C1" simbolo="0" pan="12" pri="219" prd="186" pt="0" pvem="5" convergencia="0" na="7" noreg="0" coalicion="1" nulos="4" total="434" />
  <resultado seccion="0526" casilla="BA" simbolo="0" pan="6" pri="120" prd="129" pt="2" pvem="4" convergencia="1" na="2" noreg="0" coalicion="1" nulos="2" total="267" />
  <resultado seccion="0526" casilla="C1" simbolo="0" pan="4" pri="126" prd="132" pt="1" pvem="2" convergencia="0" na="6" noreg="0" coalicion="0" nulos="5" total="276" />
  <resultado seccion="0527" casilla="BA" simbolo="0" pan="2" pri="127" prd="142" pt="1" pvem="5" convergencia="2" na="8" noreg="0" coalicion="0" nulos="6" total="293" />
  <resultado seccion="0527" casilla="C1" simbolo="0" pan="1" pri="116" prd="137" pt="0" pvem="2" convergencia="1" na="14" noreg="0" coalicion="3" nulos="0" total="274" />
  <resultado seccion="0528" casilla="BA" simbolo="0" pan="11" pri="148" prd="180" pt="0" pvem="6" convergencia="5" na="22" noreg="0" coalicion="0" nulos="3" total="375" />
  <resultado seccion="0528" casilla="C1" simbolo="0" pan="8" pri="160" prd="199" pt="0" pvem="9" convergencia="1" na="16" noreg="0" coalicion="1" nulos="3" total="397" />
  <resultado seccion="0528" casilla="C2" simbolo="0" pan="12" pri="145" prd="189" pt="3" pvem="8" convergencia="2" na="9" noreg="0" coalicion="0" nulos="9" total="377" />
  <resultado seccion="0528" casilla="C3" simbolo="0" pan="5" pri="166" prd="197" pt="1" pvem="7" convergencia="1" na="8" noreg="0" coalicion="0" nulos="8" total="393" />
  <resultado seccion="0529" casilla="BA" simbolo="0" pan="1" pri="144" prd="157" pt="0" pvem="3" convergencia="0" na="5" noreg="0" coalicion="0" nulos="4" total="314" />
  <resultado seccion="0529" casilla="C1" simbolo="0" pan="1" pri="122" prd="154" pt="2" pvem="3" convergencia="1" na="4" noreg="0" coalicion="0" nulos="3" total="290" />
  <resultado seccion="0530" casilla="BA" simbolo="0" pan="5" pri="136" prd="137" pt="0" pvem="2" convergencia="0" na="5" noreg="1" coalicion="1" nulos="7" total="294" />
  <resultado seccion="0530" casilla="C1" simbolo="0" pan="6" pri="142" prd="132" pt="1" pvem="3" convergencia="2" na="6" noreg="0" coalicion="0" nulos="1" total="293" />
  <resultado seccion="0531" casilla="BA" simbolo="0" pan="10" pri="126" prd="175" pt="0" pvem="3" convergencia="3" na="8" noreg="0" coalicion="1" nulos="5" total="331" />
  <resultado seccion="0531" casilla="C1" simbolo="0" pan="4" pri="129" prd="155" pt="2" pvem="7" convergencia="2" na="10" noreg="0" coalicion="1" nulos="15" total="325" />
  <resultado seccion="0532" casilla="BA" simbolo="0" pan="5" pri="122" prd="153" pt="1" pvem="2" convergencia="1" na="5" noreg="0" coalicion="1" nulos="3" total="293" />
  <resultado seccion="0532" casilla="C1" simbolo="0" pan="2" pri="135" prd="149" pt="0" pvem="0" convergencia="0" na="13" noreg="1" coalicion="1" nulos="3" total="304" />
  <resultado seccion="0533" casilla="BA" simbolo="0" pan="4" pri="190" prd="192" pt="2" pvem="2" convergencia="0" na="13" noreg="0" coalicion="2" nulos="6" total="411" />
  <resultado seccion="0533" casilla="C1" simbolo="0" pan="12" pri="169" prd="172" pt="0" pvem="3" convergencia="0" na="18" noreg="0" coalicion="2" nulos="7" total="383" />
  <resultado seccion="0534" casilla="BA" simbolo="0" pan="11" pri="124" prd="147" pt="1" pvem="0" convergencia="2" na="5" noreg="0" coalicion="0" nulos="8" total="298" />
  <resultado seccion="0534" casilla="C1" simbolo="0" pan="7" pri="136" prd="157" pt="1" pvem="2" convergencia="4" na="8" noreg="0" coalicion="1" nulos="1" total="317" />
  <resultado seccion="0535" casilla="BA" simbolo="0" pan="10" pri="179" prd="184" pt="0" pvem="8" convergencia="2" na="2" noreg="0" coalicion="0" nulos="3" total="388" />
  <resultado seccion="0535" casilla="C1" simbolo="0" pan="6" pri="169" prd="165" pt="0" pvem="6" convergencia="0" na="2" noreg="0" coalicion="0" nulos="7" total="355" />
  <resultado seccion="0536" casilla="BA" simbolo="0" pan="9" pri="228" prd="199" pt="1" pvem="12" convergencia="8" na="14" noreg="0" coalicion="0" nulos="4" total="475" />
  <resultado seccion="0536" casilla="C1" simbolo="0" pan="13" pri="232" prd="227" pt="0" pvem="2" convergencia="1" na="14" noreg="1" coalicion="1" nulos="6" total="497" />
  <resultado seccion="0537" casilla="BA" simbolo="0" pan="6" pri="123" prd="93" pt="0" pvem="10" convergencia="0" na="7" noreg="0" coalicion="0" nulos="5" total="244" />
  <resultado seccion="0537" casilla="C1" simbolo="0" pan="13" pri="113" prd="121" pt="1" pvem="1" convergencia="1" na="1" noreg="1" coalicion="1" nulos="1" total="254" />
  <resultado seccion="0538" casilla="BA" simbolo="0" pan="7" pri="259" prd="207" pt="1" pvem="1" convergencia="0" na="2" noreg="0" coalicion="0" nulos="11" total="488" />
  <resultado seccion="0538" casilla="C1" simbolo="0" pan="13" pri="224" prd="256" pt="1" pvem="0" convergencia="0" na="1" noreg="1" coalicion="0" nulos="8" total="504" />
  <resultado seccion="0538" casilla="C2" simbolo="0" pan="8" pri="260" prd="199" pt="1" pvem="0" convergencia="1" na="0" noreg="0" coalicion="0" nulos="5" total="474" />
  <resultado seccion="0539" casilla="BA" simbolo="0" pan="24" pri="320" prd="189" pt="0" pvem="3" convergencia="1" na="18" noreg="0" coalicion="2" nulos="11" total="568" />
  <resultado seccion="0540" casilla="BA" simbolo="0" pan="23" pri="138" prd="120" pt="0" pvem="3" convergencia="1" na="2" noreg="0" coalicion="1" nulos="8" total="296" />
  <resultado seccion="0540" casilla="C1" simbolo="0" pan="20" pri="183" prd="83" pt="0" pvem="1" convergencia="1" na="3" noreg="0" coalicion="0" nulos="5" total="296" />
  <resultado seccion="0541" casilla="BA" simbolo="0" pan="3" pri="185" prd="123" pt="0" pvem="1" convergencia="2" na="4" noreg="0" coalicion="0" nulos="4" total="322" />
  <resultado seccion="0541" casilla="C1" simbolo="0" pan="1" pri="170" prd="113" pt="0" pvem="1" convergencia="11" na="2" noreg="0" coalicion="0" nulos="3" total="301" />
  <resultado seccion="0542" casilla="BA" simbolo="0" pan="76" pri="191" prd="138" pt="4" pvem="2" convergencia="16" na="4" noreg="1" coalicion="0" nulos="18" total="450" />
  <resultado seccion="0542" casilla="C1" simbolo="0" pan="75" pri="197" prd="105" pt="1" pvem="4" convergencia="18" na="7" noreg="0" coalicion="0" nulos="16" total="423" />
  <resultado seccion="0543" casilla="BA" simbolo="0" pan="7" pri="233" prd="147" pt="0" pvem="2" convergencia="5" na="3" noreg="0" coalicion="0" nulos="2" total="399" />
  <resultado seccion="0543" casilla="C1" simbolo="0" pan="6" pri="208" prd="165" pt="1" pvem="0" convergencia="7" na="6" noreg="0" coalicion="0" nulos="3" total="396" />
  <resultado seccion="0544" casilla="BA" simbolo="0" pan="2" pri="215" prd="303" pt="0" pvem="1" convergencia="0" na="16" noreg="0" coalicion="0" nulos="10" total="547" />
  <resultado seccion="0545" casilla="BA" simbolo="0" pan="11" pri="179" prd="135" pt="1" pvem="1" convergencia="1" na="1" noreg="0" coalicion="0" nulos="1" total="330" />
  <resultado seccion="0545" casilla="C1" simbolo="0" pan="6" pri="201" prd="140" pt="0" pvem="1" convergencia="1" na="4" noreg="0" coalicion="1" nulos="2" total="356" />
  <resultado seccion="0545" casilla="EX" simbolo="0" pan="4" pri="167" prd="141" pt="1" pvem="0" convergencia="0" na="0" noreg="0" coalicion="0" nulos="1" total="314" />
  <resultado seccion="0546" casilla="BA" simbolo="0" pan="1" pri="203" prd="194" pt="0" pvem="0" convergencia="0" na="3" noreg="0" coalicion="0" nulos="9" total="410" />
  <resultado seccion="0546" casilla="C1" simbolo="0" pan="5" pri="181" prd="181" pt="0" pvem="1" convergencia="0" na="3" noreg="1" coalicion="0" nulos="4" total="376" />
  <resultado seccion="0547" casilla="BA" simbolo="0" pan="4" pri="192" prd="102" pt="0" pvem="1" convergencia="1" na="4" noreg="0" coalicion="1" nulos="6" total="311" />
  <resultado seccion="0547" casilla="C1" simbolo="0" pan="5" pri="174" prd="114" pt="2" pvem="0" convergencia="0" na="2" noreg="0" coalicion="1" nulos="1" total="299" />
  <resultado seccion="0548" casilla="BA" simbolo="0" pan="1" pri="249" prd="200" pt="2" pvem="1" convergencia="0" na="1" noreg="0" coalicion="1" nulos="3" total="458" />
  <resultado seccion="0548" casilla="C1" simbolo="0" pan="2" pri="268" prd="162" pt="0" pvem="0" convergencia="1" na="1" noreg="0" coalicion="1" nulos="5" total="440" />
  <resultado seccion="0549" casilla="BA" simbolo="0" pan="1" pri="225" prd="139" pt="1" pvem="1" convergencia="2" na="3" noreg="0" coalicion="0" nulos="2" total="374" />
  <resultado seccion="0549" casilla="C1" simbolo="0" pan="4" pri="149" prd="201" pt="1" pvem="2" convergencia="15" na="4" noreg="0" coalicion="0" nulos="0" total="376" />
  <resultado seccion="0550" casilla="BA" simbolo="0" pan="2" pri="203" prd="319" pt="3" pvem="1" convergencia="1" na="9" noreg="0" coalicion="0" nulos="8" total="546" />
  <resultado seccion="0550" casilla="C1" simbolo="0" pan="6" pri="227" prd="292" pt="1" pvem="5" convergencia="1" na="3" noreg="0" coalicion="0" nulos="9" total="544" />
  <resultado seccion="0551" casilla="BA" simbolo="0" pan="2" pri="244" prd="241" pt="1" pvem="4" convergencia="0" na="3" noreg="0" coalicion="0" nulos="5" total="500" />
  <resultado seccion="0551" casilla="C1" simbolo="0" pan="5" pri="241" prd="221" pt="0" pvem="2" convergencia="0" na="2" noreg="0" coalicion="0" nulos="4" total="475" />
  <resultado seccion="0552" casilla="BA" simbolo="0" pan="3" pri="194" prd="291" pt="0" pvem="5" convergencia="2" na="7" noreg="1" coalicion="1" nulos="9" total="513" />
  <resultado seccion="0552" casilla="C1" simbolo="0" pan="5" pri="224" prd="274" pt="1" pvem="6" convergencia="2" na="6" noreg="0" coalicion="0" nulos="5" total="523" />
  <resultado seccion="0553" casilla="BA" simbolo="0" pan="9" pri="185" prd="220" pt="0" pvem="0" convergencia="0" na="0" noreg="0" coalicion="2" nulos="2" total="418" />
  <resultado seccion="0553" casilla="C1" simbolo="0" pan="9" pri="205" prd="183" pt="0" pvem="1" convergencia="0" na="3" noreg="0" coalicion="0" nulos="6" total="407" />
  <resultado seccion="0554" casilla="BA" simbolo="0" pan="28" pri="224" prd="222" pt="0" pvem="1" convergencia="0" na="1" noreg="0" coalicion="1" nulos="12" total="489" />
  <resultado seccion="0554" casilla="C1" simbolo="0" pan="29" pri="252" prd="200" pt="0" pvem="2" convergencia="2" na="2" noreg="0" coalicion="0" nulos="4" total="491" />
  <resultado seccion="0555" casilla="BA" simbolo="0" pan="6" pri="207" prd="216" pt="1" pvem="0" convergencia="2" na="4" noreg="1" coalicion="0" nulos="7" total="444" />
  <resultado seccion="0555" casilla="C1" simbolo="0" pan="6" pri="203" prd="207" pt="2" pvem="4" convergencia="2" na="4" noreg="0" coalicion="0" nulos="7" total="435" />
  <resultado seccion="0555" casilla="C2" simbolo="0" pan="7" pri="193" prd="188" pt="0" pvem="0" convergencia="1" na="1" noreg="0" coalicion="1" nulos="5" total="396" />
  <resultado seccion="0555" casilla="EX" simbolo="0" pan="3" pri="174" prd="189" pt="0" pvem="2" convergencia="0" na="0" noreg="1" coalicion="0" nulos="5" total="374" />
  <resultado seccion="0555" casilla="EXC1" simbolo="0" pan="3" pri="173" prd="180" pt="2" pvem="0" convergencia="1" na="5" noreg="0" coalicion="1" nulos="5" total="370" />
  <resultado seccion="0555" casilla="EXC2" simbolo="0" pan="2" pri="168" prd="197" pt="0" pvem="1" convergencia="2" na="3" noreg="0" coalicion="0" nulos="1" total="374" />
  <resultado seccion="0556" casilla="BA" simbolo="0" pan="8" pri="229" prd="124" pt="1" pvem="0" convergencia="0" na="4" noreg="0" coalicion="0" nulos="8" total="374" />
  <resultado seccion="0556" casilla="C1" simbolo="0" pan="16" pri="202" prd="129" pt="0" pvem="0" convergencia="0" na="0" noreg="0" coalicion="0" nulos="5" total="352" />
  <resultado seccion="0557" casilla="BA" simbolo="0" pan="3" pri="246" prd="130" pt="2" pvem="0" convergencia="0" na="2" noreg="1" coalicion="0" nulos="2" total="386" />
  <resultado seccion="0557" casilla="C1" simbolo="0" pan="7" pri="181" prd="173" pt="4" pvem="3" convergencia="1" na="5" noreg="0" coalicion="0" nulos="1" total="375" />
  <resultado seccion="0557" casilla="C2" simbolo="0" pan="5" pri="231" prd="141" pt="0" pvem="1" convergencia="0" na="0" noreg="0" coalicion="0" nulos="7" total="385" />
  <resultado seccion="0558" casilla="BA" simbolo="0" pan="2" pri="192" prd="185" pt="1" pvem="2" convergencia="0" na="9" noreg="0" coalicion="0" nulos="0" total="391" />
  <resultado seccion="0558" casilla="C1" simbolo="0" pan="4" pri="200" prd="174" pt="1" pvem="2" convergencia="0" na="2" noreg="0" coalicion="0" nulos="7" total="390" />
  <resultado seccion="0558" casilla="EX" simbolo="0" pan="0" pri="119" prd="83" pt="2" pvem="1" convergencia="0" na="3" noreg="0" coalicion="0" nulos="0" total="208" />
  <resultado seccion="0559" casilla="BA" simbolo="0" pan="1" pri="221" prd="276" pt="1" pvem="0" convergencia="1" na="4" noreg="0" coalicion="1" nulos="1" total="506" />
  <resultado seccion="0559" casilla="C1" simbolo="0" pan="3" pri="172" prd="301" pt="0" pvem="2" convergencia="2" na="3" noreg="0" coalicion="0" nulos="7" total="490" />
  <resultado seccion="0560" casilla="BA" simbolo="0" pan="5" pri="178" prd="146" pt="0" pvem="2" convergencia="1" na="5" noreg="0" coalicion="1" nulos="6" total="344" />
  <resultado seccion="0560" casilla="C1" simbolo="0" pan="3" pri="180" prd="173" pt="0" pvem="7" convergencia="0" na="3" noreg="1" coalicion="1" nulos="3" total="371" />
  <resultado seccion="0560" casilla="C2" simbolo="0" pan="3" pri="181" prd="170" pt="2" pvem="4" convergencia="1" na="11" noreg="0" coalicion="3" nulos="9" total="384" />
  <resultado seccion="0561" casilla="BA" simbolo="0" pan="2" pri="136" prd="229" pt="1" pvem="2" convergencia="1" na="1" noreg="0" coalicion="0" nulos="3" total="375" />
  <resultado seccion="0561" casilla="C1" simbolo="0" pan="5" pri="149" prd="188" pt="1" pvem="7" convergencia="0" na="5" noreg="0" coalicion="0" nulos="0" total="355" />
  <resultado seccion="0562" casilla="BA" simbolo="0" pan="12" pri="168" prd="246" pt="0" pvem="4" convergencia="0" na="6" noreg="0" coalicion="0" nulos="3" total="439" />
  <resultado seccion="0562" casilla="C1" simbolo="0" pan="11" pri="176" prd="256" pt="1" pvem="2" convergencia="0" na="7" noreg="0" coalicion="0" nulos="2" total="455" />
  <resultado seccion="0563" casilla="BA" simbolo="0" pan="8" pri="176" prd="248" pt="0" pvem="0" convergencia="1" na="8" noreg="0" coalicion="0" nulos="3" total="444" />
  <resultado seccion="0563" casilla="C1" simbolo="0" pan="7" pri="192" prd="231" pt="0" pvem="0" convergencia="1" na="18" noreg="0" coalicion="0" nulos="5" total="454" />
  <resultado seccion="0564" casilla="BA" simbolo="0" pan="5" pri="132" prd="159" pt="0" pvem="0" convergencia="1" na="15" noreg="0" coalicion="1" nulos="7" total="320" />
  <resultado seccion="0564" casilla="C1" simbolo="0" pan="1" pri="132" prd="190" pt="2" pvem="4" convergencia="0" na="7" noreg="1" coalicion="0" nulos="0" total="337" />
  <resultado seccion="0565" casilla="BA" simbolo="0" pan="13" pri="227" prd="241" pt="2" pvem="2" convergencia="0" na="4" noreg="0" coalicion="0" nulos="7" total="496" />
  <resultado seccion="0565" casilla="C1" simbolo="0" pan="5" pri="234" prd="242" pt="0" pvem="5" convergencia="2" na="8" noreg="0" coalicion="0" nulos="5" total="501" />
  <resultado seccion="0566" casilla="BA" simbolo="0" pan="7" pri="166" prd="162" pt="0" pvem="2" convergencia="0" na="11" noreg="0" coalicion="0" nulos="2" total="350" />
  <resultado seccion="0566" casilla="C1" simbolo="0" pan="11" pri="187" prd="140" pt="0" pvem="0" convergencia="0" na="8" noreg="0" coalicion="1" nulos="1" total="348" />
  <resultado seccion="0567" casilla="BA" simbolo="0" pan="3" pri="187" prd="200" pt="1" pvem="0" convergencia="0" na="8" noreg="0" coalicion="1" nulos="3" total="403" />
  <resultado seccion="0567" casilla="C1" simbolo="0" pan="4" pri="143" prd="209" pt="1" pvem="3" convergencia="1" na="7" noreg="0" coalicion="2" nulos="0" total="370" />
  <resultado seccion="0568" casilla="BA" simbolo="0" pan="4" pri="149" prd="191" pt="1" pvem="2" convergencia="0" na="2" noreg="0" coalicion="2" nulos="4" total="355" />
  <resultado seccion="0568" casilla="C1" simbolo="0" pan="1" pri="154" prd="175" pt="1" pvem="1" convergencia="0" na="3" noreg="0" coalicion="1" nulos="4" total="340" />
  <resultado seccion="0568" casilla="C2" simbolo="0" pan="3" pri="160" prd="195" pt="0" pvem="1" convergencia="0" na="1" noreg="0" coalicion="2" nulos="1" total="363" />
  <resultado seccion="0569" casilla="BA" simbolo="0" pan="3" pri="166" prd="182" pt="0" pvem="1" convergencia="2" na="0" noreg="0" coalicion="0" nulos="4" total="358" />
  <resultado seccion="0569" casilla="C1" simbolo="0" pan="5" pri="154" prd="173" pt="2" pvem="1" convergencia="1" na="0" noreg="0" coalicion="0" nulos="8" total="344" />
  <resultado seccion="0570" casilla="BA" simbolo="0" pan="12" pri="243" prd="227" pt="1" pvem="4" convergencia="19" na="1" noreg="1" coalicion="0" nulos="15" total="523" />
  <resultado seccion="0570" casilla="C1" simbolo="0" pan="21" pri="273" prd="211" pt="1" pvem="7" convergencia="0" na="0" noreg="0" coalicion="0" nulos="15" total="528" />
  <resultado seccion="0570" casilla="C2" simbolo="0" pan="15" pri="253" prd="216" pt="3" pvem="2" convergencia="9" na="0" noreg="0" coalicion="0" nulos="21" total="519" />
  <resultado seccion="0571" casilla="BA" simbolo="0" pan="13" pri="222" prd="217" pt="2" pvem="2" convergencia="0" na="12" noreg="1" coalicion="0" nulos="12" total="481" />
  <resultado seccion="0571" casilla="C1" simbolo="0" pan="15" pri="280" prd="216" pt="1" pvem="2" convergencia="0" na="3" noreg="0" coalicion="0" nulos="7" total="524" />
  <resultado seccion="0572" casilla="BA" simbolo="0" pan="15" pri="214" prd="235" pt="0" pvem="3" convergencia="0" na="7" noreg="0" coalicion="2" nulos="10" total="486" />
  <resultado seccion="0572" casilla="C1" simbolo="0" pan="17" pri="215" prd="254" pt="2" pvem="3" convergencia="2" na="5" noreg="1" coalicion="4" nulos="3" total="506" />
  <resultado seccion="0573" casilla="BA" simbolo="0" pan="13" pri="182" prd="122" pt="1" pvem="3" convergencia="0" na="5" noreg="0" coalicion="1" nulos="4" total="331" />
  <resultado seccion="0573" casilla="C1" simbolo="0" pan="11" pri="145" prd="169" pt="0" pvem="1" convergencia="0" na="6" noreg="0" coalicion="0" nulos="0" total="332" />
  <resultado seccion="0573" casilla="C2" simbolo="0" pan="5" pri="152" prd="164" pt="1" pvem="2" convergencia="1" na="6" noreg="0" coalicion="1" nulos="8" total="340" />
  <resultado seccion="0574" casilla="BA" simbolo="0" pan="7" pri="184" prd="152" pt="1" pvem="4" convergencia="2" na="12" noreg="0" coalicion="5" nulos="5" total="372" />
  <resultado seccion="0574" casilla="C1" simbolo="0" pan="22" pri="163" prd="146" pt="0" pvem="4" convergencia="1" na="3" noreg="0" coalicion="0" nulos="5" total="344" />
  <resultado seccion="0574" casilla="C2" simbolo="0" pan="2" pri="166" prd="159" pt="1" pvem="6" convergencia="0" na="15" noreg="0" coalicion="1" nulos="8" total="358" />
  <resultado seccion="0575" casilla="BA" simbolo="0" pan="8" pri="187" prd="138" pt="0" pvem="3" convergencia="0" na="6" noreg="0" coalicion="0" nulos="6" total="348" />
  <resultado seccion="0575" casilla="C1" simbolo="0" pan="14" pri="182" prd="181" pt="1" pvem="2" convergencia="0" na="2" noreg="0" coalicion="1" nulos="7" total="390" />
  <resultado seccion="0575" casilla="C2" simbolo="0" pan="8" pri="175" prd="123" pt="1" pvem="3" convergencia="1" na="4" noreg="0" coalicion="0" nulos="3" total="318" />
  <resultado seccion="0575" casilla="EX" simbolo="0" pan="12" pri="245" prd="203" pt="2" pvem="2" convergencia="0" na="14" noreg="0" coalicion="0" nulos="0" total="478" />
  <resultado seccion="0576" casilla="BA" simbolo="0" pan="11" pri="265" prd="193" pt="0" pvem="5" convergencia="1" na="3" noreg="0" coalicion="0" nulos="10" total="488" />
  <resultado seccion="0576" casilla="C1" simbolo="0" pan="10" pri="231" prd="226" pt="1" pvem="1" convergencia="0" na="2" noreg="0" coalicion="0" nulos="8" total="479" />
  <resultado seccion="0576" casilla="C2" simbolo="0" pan="24" pri="236" prd="216" pt="1" pvem="0" convergencia="1" na="1" noreg="0" coalicion="1" nulos="4" total="484" />
  <resultado seccion="0577" casilla="BA" simbolo="0" pan="16" pri="275" prd="207" pt="0" pvem="4" convergencia="0" na="3" noreg="0" coalicion="0" nulos="9" total="514" />
  <resultado seccion="0577" casilla="C1" simbolo="0" pan="13" pri="213" prd="281" pt="0" pvem="2" convergencia="0" na="1" noreg="0" coalicion="4" nulos="7" total="521" />
  <resultado seccion="0578" casilla="BA" simbolo="0" pan="12" pri="162" prd="136" pt="0" pvem="2" convergencia="0" na="2" noreg="0" coalicion="2" nulos="5" total="321" />
  <resultado seccion="0578" casilla="C1" simbolo="0" pan="14" pri="170" prd="136" pt="1" pvem="1" convergencia="0" na="3" noreg="0" coalicion="1" nulos="6" total="332" />
  <resultado seccion="0578" casilla="EX" simbolo="0" pan="0" pri="150" prd="116" pt="0" pvem="0" convergencia="0" na="0" noreg="0" coalicion="0" nulos="0" total="266" />
  <resultado seccion="0579" casilla="BA" simbolo="0" pan="7" pri="150" prd="155" pt="1" pvem="0" convergencia="0" na="4" noreg="0" coalicion="0" nulos="10" total="327" />
  <resultado seccion="0579" casilla="C1" simbolo="0" pan="10" pri="165" prd="122" pt="0" pvem="0" convergencia="0" na="1" noreg="0" coalicion="1" nulos="6" total="305" />
  <resultado seccion="0580" casilla="BA" simbolo="0" pan="15" pri="148" prd="143" pt="2" pvem="1" convergencia="0" na="2" noreg="1" coalicion="3" nulos="8" total="323" />
  <resultado seccion="0580" casilla="C1" simbolo="0" pan="13" pri="130" prd="142" pt="1" pvem="1" convergencia="0" na="0" noreg="0" coalicion="1" nulos="2" total="290" />
  <resultado seccion="0581" casilla="BA" simbolo="0" pan="6" pri="276" prd="261" pt="0" pvem="2" convergencia="2" na="5" noreg="0" coalicion="0" nulos="7" total="559" />
  <resultado seccion="0581" casilla="C1" simbolo="0" pan="11" pri="263" prd="231" pt="1" pvem="2" convergencia="1" na="4" noreg="0" coalicion="1" nulos="6" total="520" />
  <resultado seccion="0582" casilla="BA" simbolo="0" pan="6" pri="216" prd="183" pt="2" pvem="6" convergencia="0" na="3" noreg="0" coalicion="0" nulos="7" total="423" />
  <resultado seccion="0582" casilla="C1" simbolo="0" pan="13" pri="229" prd="160" pt="3" pvem="6" convergencia="0" na="3" noreg="0" coalicion="1" nulos="7" total="422" />
  <resultado seccion="0583" casilla="BA" simbolo="0" pan="11" pri="249" prd="261" pt="1" pvem="1" convergencia="0" na="10" noreg="0" coalicion="1" nulos="9" total="543" />
  <resultado seccion="0583" casilla="C1" simbolo="0" pan="6" pri="314" prd="216" pt="0" pvem="1" convergencia="1" na="3" noreg="0" coalicion="0" nulos="8" total="549" />
  <resultado seccion="0584" casilla="BA" simbolo="0" pan="4" pri="202" prd="195" pt="0" pvem="0" convergencia="0" na="14" noreg="0" coalicion="1" nulos="5" total="421" />
  <resultado seccion="0584" casilla="C1" simbolo="0" pan="5" pri="197" prd="206" pt="0" pvem="2" convergencia="0" na="14" noreg="0" coalicion="3" nulos="6" total="433" />
  <resultado seccion="0585" casilla="BA" simbolo="0" pan="5" pri="230" prd="213" pt="0" pvem="2" convergencia="0" na="13" noreg="0" coalicion="1" nulos="9" total="473" />
  <resultado seccion="0585" casilla="C1" simbolo="0" pan="4" pri="238" prd="206" pt="3" pvem="2" convergencia="2" na="9" noreg="0" coalicion="1" nulos="5" total="470" />
  <resultado seccion="0586" casilla="BA" simbolo="0" pan="16" pri="272" prd="212" pt="1" pvem="2" convergencia="1" na="10" noreg="0" coalicion="0" nulos="9" total="523" />
  <resultado seccion="0586" casilla="C1" simbolo="0" pan="12" pri="259" prd="204" pt="0" pvem="2" convergencia="1" na="6" noreg="0" coalicion="3" nulos="1" total="488" />
  <resultado seccion="0587" casilla="BA" simbolo="0" pan="7" pri="243" prd="200" pt="1" pvem="6" convergencia="0" na="11" noreg="1" coalicion="4" nulos="6" total="479" />
  <resultado seccion="0587" casilla="C1" simbolo="0" pan="13" pri="269" prd="182" pt="0" pvem="5" convergencia="0" na="12" noreg="0" coalicion="5" nulos="11" total="497" />
  <resultado seccion="0587" casilla="C2" simbolo="0" pan="4" pri="252" prd="191" pt="2" pvem="3" convergencia="1" na="11" noreg="0" coalicion="1" nulos="5" total="470" />
  <resultado seccion="0588" casilla="BA" simbolo="0" pan="4" pri="219" prd="201" pt="3" pvem="3" convergencia="0" na="2" noreg="1" coalicion="0" nulos="5" total="438" />
  <resultado seccion="0588" casilla="C1" simbolo="0" pan="3" pri="219" prd="188" pt="0" pvem="0" convergencia="1" na="1" noreg="0" coalicion="1" nulos="9" total="422" />
  <resultado seccion="0589" casilla="BA" simbolo="0" pan="6" pri="249" prd="234" pt="1" pvem="0" convergencia="1" na="0" noreg="0" coalicion="1" nulos="13" total="505" />
  <resultado seccion="0589" casilla="C1" simbolo="0" pan="10" pri="255" prd="217" pt="2" pvem="2" convergencia="0" na="2" noreg="2" coalicion="0" nulos="9" total="499" />
  <resultado seccion="0590" casilla="BA" simbolo="0" pan="3" pri="206" prd="183" pt="0" pvem="1" convergencia="0" na="5" noreg="0" coalicion="1" nulos="6" total="405" />
  <resultado seccion="0590" casilla="C1" simbolo="0" pan="4" pri="180" prd="175" pt="1" pvem="4" convergencia="1" na="3" noreg="0" coalicion="1" nulos="5" total="374" />
  <resultado seccion="0590" casilla="C2" simbolo="0" pan="9" pri="144" prd="182" pt="0" pvem="2" convergencia="6" na="2" noreg="0" coalicion="2" nulos="1" total="348" />
  <resultado seccion="0590" casilla="C3" simbolo="0" pan="3" pri="152" prd="215" pt="0" pvem="2" convergencia="1" na="3" noreg="0" coalicion="1" nulos="4" total="381" />
  <resultado seccion="0591" casilla="BA" simbolo="0" pan="5" pri="188" prd="210" pt="1" pvem="1" convergencia="0" na="4" noreg="0" coalicion="0" nulos="8" total="417" />
  <resultado seccion="0591" casilla="C1" simbolo="0" pan="11" pri="149" prd="180" pt="2" pvem="0" convergencia="0" na="1" noreg="0" coalicion="0" nulos="13" total="356" />
  <resultado seccion="0591" casilla="C2" simbolo="0" pan="7" pri="181" prd="191" pt="2" pvem="2" convergencia="0" na="0" noreg="0" coalicion="0" nulos="3" total="386" />
  <resultado seccion="0592" casilla="BA" simbolo="0" pan="7" pri="233" prd="224" pt="8" pvem="15" convergencia="0" na="4" noreg="0" coalicion="0" nulos="11" total="502" />
  <resultado seccion="0592" casilla="C1" simbolo="0" pan="2" pri="250" prd="232" pt="0" pvem="1" convergencia="1" na="1" noreg="0" coalicion="0" nulos="5" total="492" />
  <resultado seccion="0592" casilla="C2" simbolo="0" pan="4" pri="237" prd="242" pt="0" pvem="4" convergencia="0" na="0" noreg="0" coalicion="0" nulos="13" total="500" />
  <resultado seccion="0593" casilla="BA" simbolo="0" pan="4" pri="282" prd="164" pt="0" pvem="3" convergencia="11" na="11" noreg="0" coalicion="1" nulos="6" total="482" />
  <resultado seccion="0593" casilla="C1" simbolo="0" pan="7" pri="264" prd="133" pt="0" pvem="3" convergencia="10" na="2" noreg="0" coalicion="2" nulos="3" total="424" />
  <resultado seccion="0594" casilla="BA" simbolo="0" pan="4" pri="230" prd="237" pt="1" pvem="5" convergencia="0" na="6" noreg="0" coalicion="2" nulos="3" total="488" />
  <resultado seccion="0594" casilla="C1" simbolo="0" pan="4" pri="230" prd="247" pt="0" pvem="2" convergencia="1" na="2" noreg="1" coalicion="0" nulos="5" total="492" />
  <resultado seccion="0595" casilla="BA" simbolo="0" pan="2" pri="238" prd="173" pt="0" pvem="0" convergencia="6" na="2" noreg="1" coalicion="0" nulos="5" total="427" />
  <resultado seccion="0595" casilla="C1" simbolo="0" pan="6" pri="224" prd="152" pt="2" pvem="0" convergencia="2" na="2" noreg="0" coalicion="0" nulos="6" total="394" />
  <resultado seccion="0596" casilla="BA" simbolo="0" pan="3" pri="174" prd="194" pt="1" pvem="0" convergencia="0" na="1" noreg="0" coalicion="0" nulos="0" total="373" />
  <resultado seccion="0596" casilla="C1" simbolo="0" pan="6" pri="176" prd="193" pt="0" pvem="0" convergencia="0" na="3" noreg="0" coalicion="1" nulos="6" total="385" />
  <resultado seccion="0597" casilla="BA" simbolo="0" pan="1" pri="184" prd="135" pt="0" pvem="0" convergencia="2" na="1" noreg="1" coalicion="0" nulos="7" total="331" />
  <resultado seccion="0597" casilla="C1" simbolo="0" pan="3" pri="204" prd="122" pt="0" pvem="1" convergencia="0" na="5" noreg="0" coalicion="3" nulos="2" total="340" />
  <resultado seccion="0598" casilla="BA" simbolo="0" pan="1" pri="170" prd="186" pt="1" pvem="0" convergencia="3" na="1" noreg="0" coalicion="2" nulos="5" total="369" />
  <resultado seccion="0598" casilla="C1" simbolo="0" pan="2" pri="161" prd="203" pt="0" pvem="4" convergencia="2" na="5" noreg="0" coalicion="0" nulos="23" total="400" />
  <resultado seccion="0598" casilla="C2" simbolo="0" pan="4" pri="210" prd="156" pt="1" pvem="0" convergencia="1" na="2" noreg="0" coalicion="2" nulos="8" total="384" />
  <resultado seccion="0599" casilla="BA" simbolo="0" pan="1" pri="185" prd="108" pt="0" pvem="0" convergencia="0" na="1" noreg="0" coalicion="0" nulos="3" total="298" />
  <resultado seccion="0599" casilla="C1" simbolo="0" pan="4" pri="177" prd="102" pt="1" pvem="1" convergencia="1" na="0" noreg="0" coalicion="3" nulos="3" total="292" />
  <resultado seccion="0600" casilla="BA" simbolo="0" pan="2" pri="166" prd="190" pt="0" pvem="3" convergencia="4" na="0" noreg="0" coalicion="2" nulos="3" total="370" />
  <resultado seccion="0600" casilla="C1" simbolo="0" pan="7" pri="137" prd="226" pt="3" pvem="4" convergencia="0" na="1" noreg="0" coalicion="1" nulos="2" total="381" />
  <resultado seccion="0600" casilla="C2" simbolo="0" pan="7" pri="184" prd="178" pt="0" pvem="11" convergencia="0" na="2" noreg="0" coalicion="1" nulos="4" total="387" />
  <resultado seccion="0601" casilla="BA" simbolo="0" pan="0" pri="234" prd="175" pt="2" pvem="2" convergencia="3" na="3" noreg="0" coalicion="3" nulos="5" total="427" />
  <resultado seccion="0601" casilla="C1" simbolo="0" pan="7" pri="233" prd="164" pt="5" pvem="1" convergencia="1" na="8" noreg="0" coalicion="0" nulos="6" total="425" />
  <resultado seccion="0601" casilla="C2" simbolo="0" pan="1" pri="233" prd="177" pt="1" pvem="0" convergencia="4" na="6" noreg="0" coalicion="0" nulos="6" total="428" />
  <resultado seccion="0602" casilla="BA" simbolo="0" pan="0" pri="242" prd="288" pt="0" pvem="2" convergencia="2" na="5" noreg="0" coalicion="0" nulos="3" total="542" />
  <resultado seccion="0602" casilla="C1" simbolo="0" pan="4" pri="271" prd="232" pt="0" pvem="1" convergencia="2" na="1" noreg="0" coalicion="3" nulos="6" total="520" />
  <resultado seccion="0603" casilla="BA" simbolo="0" pan="5" pri="198" prd="212" pt="1" pvem="0" convergencia="0" na="7" noreg="0" coalicion="1" nulos="1" total="425" />
  <resultado seccion="0603" casilla="EX" simbolo="0" pan="3" pri="306" prd="227" pt="1" pvem="0" convergencia="2" na="5" noreg="0" coalicion="0" nulos="3" total="547" />
  <resultado seccion="0604" casilla="BA" simbolo="0" pan="8" pri="278" prd="220" pt="1" pvem="3" convergencia="0" na="7" noreg="0" coalicion="0" nulos="7" total="524" />
  <resultado seccion="0604" casilla="C1" simbolo="0" pan="2" pri="274" prd="221" pt="1" pvem="2" convergencia="0" na="3" noreg="0" coalicion="2" nulos="5" total="510" />
  <resultado seccion="0605" casilla="BA" simbolo="0" pan="7" pri="222" prd="184" pt="0" pvem="5" convergencia="9" na="3" noreg="0" coalicion="5" nulos="14" total="449" />
  <resultado seccion="0606" casilla="BA" simbolo="0" pan="0" pri="220" prd="160" pt="0" pvem="2" convergencia="3" na="3" noreg="0" coalicion="0" nulos="8" total="396" />
  <resultado seccion="0606" casilla="C1" simbolo="0" pan="2" pri="233" prd="171" pt="0" pvem="1" convergencia="2" na="5" noreg="0" coalicion="2" nulos="13" total="429" />
  <resultado seccion="0606" casilla="C2" simbolo="0" pan="8" pri="252" prd="142" pt="2" pvem="1" convergencia="4" na="5" noreg="0" coalicion="1" nulos="3" total="418" />
  <resultado seccion="0607" casilla="BA" simbolo="0" pan="0" pri="192" prd="178" pt="1" pvem="0" convergencia="14" na="5" noreg="0" coalicion="2" nulos="8" total="400" />
  <resultado seccion="0607" casilla="C1" simbolo="0" pan="0" pri="235" prd="148" pt="0" pvem="2" convergencia="9" na="0" noreg="0" coalicion="1" nulos="8" total="403" />
  <resultado seccion="0607" casilla="C2" simbolo="0" pan="2" pri="179" prd="224" pt="0" pvem="3" convergencia="6" na="2" noreg="0" coalicion="0" nulos="5" total="421" />
  <resultado seccion="0608" casilla="BA" simbolo="0" pan="4" pri="222" prd="170" pt="1" pvem="0" convergencia="1" na="1" noreg="0" coalicion="2" nulos="4" total="405" />
  <resultado seccion="0608" casilla="C1" simbolo="0" pan="2" pri="213" prd="153" pt="1" pvem="3" convergencia="2" na="0" noreg="0" coalicion="0" nulos="3" total="377" />
  <resultado seccion="0608" casilla="C2" simbolo="0" pan="0" pri="200" prd="174" pt="2" pvem="8" convergencia="7" na="1" noreg="0" coalicion="1" nulos="4" total="397" />
</detallado>