ord,secn,tipo,munn,inegi,pri,pvem,medp,parm,pps,pan.prd.pt,nr,nul
1,1,Básica,1,18001,88,0,0,0,118,41,2,25
2,2,Básica,1,18001,67,0,5,1,71,51,1,5
3,2,Ext. 1,1,18001,48,0,3,0,40,24,0,8
4,3,Básica,1,18001,159,4,21,0,184,165,0,34
5,4,Básica,1,18001,86,2,4,0,148,72,0,28
6,5,Básica,1,18001,169,0,18,0,177,73,0,29
7,6,Básica,1,18001,121,0,9,0,141,93,0,0
8,7,Básica,1,18001,160,2,26,0,114,101,0,10
9,8,Básica,1,18001,158,2,17,0,133,123,0,26
10,9,Básica,1,18001,141,1,13,0,134,81,0,12
11,10,Básica,1,18001,199,0,15,0,180,111,0,27
12,11,Básica,1,18001,94,1,15,0,91,71,0,13
13,12,Básica,1,18001,155,1,16,0,182,85,0,25
14,13,Básica,1,18001,189,0,13,0,128,88,0,18
15,14,Básica,1,18001,90,0,6,0,53,62,0,8
16,15,Básica,1,18001,113,0,6,0,143,62,0,7
17,16,Básica,1,18001,120,0,17,0,142,82,0,12
18,17,Básica,1,18001,139,1,6,0,138,61,0,3
19,18,Básica,1,18001,104,0,6,0,164,69,0,23
20,19,Básica,1,18001,27,1,2,0,26,24,0,0
21,20,Básica,1,18001,70,0,2,0,30,7,0,0
22,20,Ext. 1,1,18001,24,0,1,0,27,3,0,3
23,21,Básica,1,18001,199,0,1,0,39,15,0,6
24,22,Básica,1,18001,49,0,3,0,56,1,0,7
25,23,Básica,1,18001,158,2,7,0,37,109,0,25
26,23,Ext. 1,1,18001,27,0,3,0,38,16,0,8
27,24,Básica,1,18001,179,3,3,0,78,36,0,19
28,24,Ext. 1,1,18001,71,0,0,0,15,8,0,0
29,24,Ext. 2,1,18001,32,0,0,0,16,2,0,0
30,25,Básica,1,18001,39,0,1,0,26,10,0,9
31,26,Básica,1,18001,59,0,5,0,23,8,2,0
32,27,Básica,1,18001,40,1,0,0,41,20,0,4
33,27,Ext. 1,1,18001,25,0,2,0,27,2,0,5
34,28,Básica,1,18001,79,0,2,0,37,23,0,0
35,29,Básica,1,18001,12,0,1,0,20,3,0,4
36,29,Ext. 1,1,18001,10,0,1,0,30,2,0,3
37,30,Básica,1,18001,65,0,6,0,25,8,0,0
38,31,Básica,1,18001,120,0,2,0,36,27,0,0
39,32,Básica,1,18001,166,1,1,0,63,5,0,14
40,33,Básica,1,18001,64,3,2,0,149,116,0,26
41,34,Básica,1,18001,38,0,3,0,37,14,0,4
42,34,Ext. 1,1,18001,18,0,1,0,13,18,0,4
43,35,Básica,1,18001,43,0,2,0,19,10,0,0
44,36,Básica,1,18001,156,2,8,0,89,90,0,46
45,37,Básica,1,18001,97,0,0,0,26,13,0,17
46,38,Básica,1,18001,159,2,11,0,200,107,0,43
47,39,Básica,1,18001,154,1,2,0,212,84,1,36
48,40,Básica,1,18001,82,0,3,0,149,72,0,0
49,40,Ext. 1,1,18001,20,0,1,0,83,7,0,9
50,41,Básica,1,18001,118,0,1,0,41,61,0,12
51,42,Básica,1,18001,13,0,4,0,20,29,0,0
52,43,Básica,1,18001,192,0,5,0,54,194,0,20
53,44,Básica,1,18001,17,0,2,0,45,8,0,8
54,45,Básica,1,18001,61,1,6,0,47,12,0,0
55,46,Básica,1,18001,160,0,5,0,51,210,0,27
56,47,Básica,1,18001,155,0,7,0,149,53,0,45
57,47,Ext. 1,1,18001,20,0,1,0,20,15,0,3
58,48,Básica,1,18001,39,0,2,0,9,12,0,2
60,49,Básica,2,18002,158,2,3,0,4,99,2,11
61,50,Básica,2,18002,184,3,23,0,4,135,3,14
62,51,Básica,2,18002,276,9,8,0,3,139,0,13
63,52,Básica,2,18002,286,3,4,0,6,105,2,22
64,53,Básica,2,18002,360,2,6,0,5,146,0,14
65,54,Básica,2,18002,360,13,13,0,5,289,0,16
66,55,Básica,2,18002,77,4,0,0,2,77,0,4
67,56,Básica,2,18002,307,5,2,0,5,143,0,11
68,57,Básica,2,18002,340,2,1,0,2,162,0,19
69,58,Básica,2,18002,181,3,1,0,5,146,0,0
70,59,Básica,2,18002,419,8,3,0,4,255,0,25
71,60,Básica,2,18002,271,2,1,0,0,101,0,12
72,61,Básica,2,18002,214,5,2,0,0,132,0,27
73,61,Ext. 1,2,18002,112,1,1,0,0,3,0,2
74,62,Básica,2,18002,100,1,1,0,1,15,0,7
75,63,Básica,2,18002,123,4,0,0,3,31,0,5
76,64,Básica,2,18002,122,0,0,0,0,14,0,0
77,65,Básica,2,18002,182,3,2,0,3,34,0,11
78,65,Ext. 1,2,18002,81,0,1,0,0,13,0,3
80,66,Básica,3,18003,113,0,2,0,0,95,0,17
81,67,Básica,3,18003,94,0,0,0,0,242,0,17
82,68,Básica,3,18003,133,0,1,0,0,271,0,27
83,69,Básica,3,18003,143,0,0,0,0,138,0,10
84,70,Básica,3,18003,90,0,0,0,0,39,0,5
85,71,Básica,3,18003,65,0,0,0,0,28,0,8
86,72,Básica,3,18003,38,0,0,0,0,20,0,3
87,73,Básica,3,18003,31,0,0,0,0,28,0,0
88,74,Básica,3,18003,95,0,1,0,0,97,0,15
89,74,Ext. 1,3,18003,32,0,0,0,0,53,1,5
90,75,Básica,3,18003,191,0,0,0,0,113,0,8
91,76,Básica,3,18003,57,0,0,0,0,49,0,3
92,77,Básica,3,18003,105,0,1,0,0,194,0,16
93,78,Básica,3,18003,167,0,2,0,0,163,0,6
94,79,Básica,3,18003,305,0,1,0,0,206,0,26
95,80,Básica,3,18003,133,0,1,0,0,167,1,12
96,81,Básica,3,18003,52,0,0,0,0,85,0,3
97,82,Básica,3,18003,74,0,2,0,0,157,0,8
98,83,Básica,3,18003,159,0,0,0,0,165,0,12
99,84,Básica,3,18003,37,0,0,0,0,53,0,1
100,85,Básica,3,18003,19,0,0,0,0,13,0,0
101,86,Básica,3,18003,135,0,0,0,0,18,0,2
102,87,Básica,3,18003,34,0,0,0,0,39,0,5
103,88,Básica,3,18003,154,0,0,0,0,56,0,1
104,89,Básica,3,18003,188,0,0,0,0,63,0,2
106,90,Básica,4,18020,222,0,6,0,19,269,0,24
107,90,Ext. 1,4,18020,109,0,4,0,5,27,0,6
108,91,Básica,4,18020,153,0,2,0,2,159,0,12
109,92,Básica,4,18020,56,0,0,0,0,110,0,8
110,93,Básica,4,18020,97,0,1,0,2,19,0,4
111,94,Básica,4,18020,104,1,2,0,3,139,0,7
112,95,Básica,4,18020,69,0,1,0,4,42,0,16
113,95,Ext. 1,4,18020,61,0,0,0,0,71,0,4
114,96,Básica,4,18020,214,0,6,0,4,188,0,21
115,97,Básica,4,18020,307,0,1,0,3,185,0,15
116,98,Básica,4,18020,328,2,2,0,5,115,0,17
117,98,Ext. 1,4,18020,31,0,0,0,4,11,0,1
118,98,Ext. 2,4,18020,61,0,0,1,0,17,1,4
119,99,Básica,4,18020,139,2,1,0,2,85,0,14
120,100,Básica,4,18020,225,0,0,0,0,258,0,25
121,101,Básica,4,18020,215,0,0,0,6,279,0,22
122,102,Básica,4,18020,237,0,0,0,3,219,0,15
123,103,Básica,4,18020,211,2,0,0,6,290,0,19
124,104,Básica,4,18020,352,0,1,0,8,348,0,30
125,105,Básica,4,18020,354,3,3,0,2,269,0,21
126,106,Básica,4,18020,359,0,12,0,2,181,0,18
127,107,Básica,4,18020,292,0,6,0,4,209,0,19
128,107,Ext. 1,4,18020,72,1,0,0,0,133,0,13
129,108,Básica,4,18020,315,1,14,0,2,150,0,13
130,109,Básica,4,18020,105,0,0,0,3,96,0,0
131,110,Básica,4,18020,154,3,0,0,3,98,0,0
132,110,Ext. 1,4,18020,57,0,0,0,0,80,0,13
133,111,Básica,4,18020,329,3,1,0,9,412,0,38
134,112,Básica,4,18020,268,0,0,0,9,244,0,24
135,113,Básica,4,18020,216,0,0,0,8,203,0,12
136,114,Básica,4,18020,382,0,0,0,6,171,0,12
137,115,Básica,4,18020,249,1,4,0,5,417,0,30
138,116,Básica,4,18020,284,2,1,0,5,359,0,21
139,117,Básica,4,18020,213,2,4,0,4,243,3,14
140,118,Básica,4,18020,305,0,13,0,15,350,0,30
141,119,Básica,4,18020,135,2,3,0,4,138,0,22
142,120,Básica,4,18020,244,0,13,0,13,236,0,14
143,121,Básica,4,18020,143,1,3,0,14,194,3,9
144,122,Básica,4,18020,140,2,3,0,4,131,0,10
145,123,Básica,4,18020,57,2,1,0,5,129,0,5
147,124,Básica,5,18004,171,1,4,0,12,130,3,13
148,125,Básica,5,18004,375,0,4,0,6,316,2,25
149,126,Básica,5,18004,136,2,5,0,2,142,2,19
150,127,Básica,5,18004,236,0,1,0,3,247,1,11
151,128,Básica,5,18004,324,1,2,0,5,234,3,11
152,129,Básica,5,18004,362,1,1,0,4,316,2,19
153,130,Básica,5,18004,242,1,0,0,0,138,0,12
154,131,Básica,5,18004,239,1,3,0,1,173,1,17
155,132,Básica,5,18004,167,2,1,0,4,198,2,21
156,133,Básica,5,18004,247,1,2,0,7,251,3,30
157,134,Básica,5,18004,267,0,0,0,5,217,0,0
158,135,Básica,5,18004,309,1,2,0,3,243,5,20
159,136,Básica,5,18004,277,2,1,0,2,200,0,11
160,137,Básica,5,18004,141,0,2,0,0,162,0,11
161,137,Ext. 1,5,18004,81,0,0,0,0,101,0,0
162,138,Básica,5,18004,107,0,0,0,3,91,0,4
163,139,Básica,5,18004,119,0,3,0,1,121,1,9
164,140,Básica,5,18004,193,0,0,0,2,91,0,0
165,141,Básica,5,18004,216,0,0,0,9,64,0,11
166,142,Básica,5,18004,58,3,0,0,1,34,0,1
167,143,Básica,5,18004,70,0,0,0,0,34,0,8
168,143,Ext. 1,5,18004,68,0,0,0,0,8,0,0
169,144,Básica,5,18004,142,1,1,0,3,237,2,11
170,145,Básica,5,18004,216,3,3,0,2,154,1,10
171,145,Ext. 1,5,18004,23,0,1,0,4,50,0,5
172,146,Básica,5,18004,77,0,0,0,1,66,0,0
173,147,Básica,5,18004,142,1,0,0,0,131,2,13
174,148,Básica,5,18004,193,1,0,0,2,251,2,17
175,149,Básica,5,18004,160,1,1,0,4,197,1,25
176,150,Básica,5,18004,151,0,2,0,0,181,0,12
177,151,Básica,5,18004,227,2,1,0,9,270,1,26
178,152,Básica,5,18004,156,2,0,0,4,208,5,14
179,153,Básica,5,18004,87,1,0,0,1,27,1,5
180,154,Básica,5,18004,130,0,0,0,2,56,0,3
181,155,Básica,5,18004,143,1,1,0,1,93,0,8
182,156,Básica,5,18004,152,0,0,0,4,94,0,14
183,157,Básica,5,18004,190,0,1,0,1,51,3,9
184,157,Ext. 1,5,18004,23,2,0,0,0,34,0,3
185,158,Básica,5,18004,109,2,0,0,4,204,5,14
186,159,Básica,5,18004,92,1,0,0,2,129,2,8
187,160,Básica,5,18004,124,0,1,0,3,210,1,14
188,161,Básica,5,18004,143,4,1,0,5,296,6,32
189,162,Básica,5,18004,88,0,0,0,3,108,0,9
190,163,Básica,5,18004,90,1,1,0,1,164,3,18
191,164,Básica,5,18004,146,4,0,0,2,192,4,15
192,165,Básica,5,18004,133,1,1,0,6,213,5,20
193,166,Básica,5,18004,103,3,1,0,1,227,0,21
194,167,Básica,5,18004,112,1,0,0,8,280,0,0
195,168,Básica,5,18004,147,1,1,0,1,347,7,27
196,169,Básica,5,18004,110,1,0,0,3,250,3,13
197,170,Básica,5,18004,63,3,0,0,1,32,0,5
198,171,Básica,5,18004,301,0,0,0,5,192,4,17
199,172,Básica,5,18004,26,1,0,0,1,29,0,2
200,173,Básica,5,18004,264,3,2,0,4,257,2,11
201,174,Básica,5,18004,46,0,0,0,2,14,0,0
202,175,Básica,5,18004,226,1,1,0,1,58,1,10
203,176,Básica,5,18004,283,1,1,0,4,98,3,4
204,177,Básica,5,18004,197,4,1,0,8,222,2,22
205,178,Básica,5,18004,144,0,0,0,3,136,0,1
206,179,Básica,5,18004,105,1,1,0,2,103,1,8
207,180,Básica,5,18004,175,2,0,0,1,121,2,7
208,181,Básica,5,18004,46,0,0,0,0,16,0,2
209,181,Ext. 1,5,18004,83,0,0,0,1,24,0,6
210,182,Básica,5,18004,112,0,0,0,2,24,0,0
211,183,Básica,5,18004,114,0,0,0,4,185,3,11
212,184,Básica,5,18004,151,2,1,2,7,180,0,8
213,185,Básica,5,18004,140,2,1,0,5,151,4,12
214,186,Básica,5,18004,146,1,1,0,1,158,2,18
215,187,Básica,5,18004,128,0,1,0,3,163,1,18
216,188,Básica,5,18004,166,2,2,0,3,191,0,9
217,189,Básica,5,18004,139,1,0,0,6,176,1,10
218,190,Básica,5,18004,140,0,0,0,2,173,3,14
219,190,Ext. 1,5,18004,95,0,2,0,0,153,3,10
220,190,Ext. 2,5,18004,40,0,0,0,1,34,1,7
221,191,Básica,5,18004,49,0,0,0,1,51,0,2
222,191,Ext. 1,5,18004,31,0,0,0,1,13,0,2
223,192,Básica,5,18004,205,6,1,0,18,174,7,22
224,193,Básica,5,18004,68,2,2,0,0,16,0,2
225,194,Básica,5,18004,89,0,0,0,0,46,0,4
226,195,Básica,5,18004,112,1,1,0,1,76,0,4
228,196,Básica,6,18005,267,0,0,0,1,188,1,11
229,197,Básica,6,18005,339,0,2,0,2,228,2,23
230,198,Básica,6,18005,77,0,0,0,0,20,0,6
231,199,Básica,6,18005,107,0,0,0,1,15,0,3
232,200,Básica,6,18005,58,0,0,0,0,13,0,3
233,201,Básica,6,18005,20,0,0,0,0,12,0,1
234,201,Ext. 1,6,18005,19,1,0,0,0,19,1,3
235,202,Básica,6,18005,139,0,0,0,0,34,0,17
236,202,Ext. 1,6,18005,38,0,0,0,0,12,0,3
237,203,Básica,6,18005,49,0,0,0,0,16,0,1
238,203,Ext. 1,6,18005,46,0,0,0,0,7,0,5
239,203,Ext. 2,6,18005,52,0,1,0,0,33,0,0
240,204,Básica,6,18005,71,0,0,0,0,19,0,1
241,205,Básica,6,18005,72,0,0,0,0,21,0,11
242,206,Básica,6,18005,93,0,1,0,0,13,0,3
243,207,Básica,6,18005,55,1,0,0,0,5,0,0
244,207,Ext. 1,6,18005,15,0,0,0,0,26,0,7
245,207,Ext. 2,6,18005,27,0,0,0,0,7,0,1
246,208,Básica,6,18005,128,0,0,0,2,38,0,11
247,209,Básica,6,18005,53,0,0,0,0,11,0,1
248,209,Ext. 1,6,18005,59,0,1,0,1,11,0,0
249,210,Básica,6,18005,39,0,0,0,0,53,0,5
250,210,Ext. 1,6,18005,12,0,0,0,0,34,0,1
251,211,Básica,6,18005,78,0,0,0,0,14,0,0
252,212,Básica,6,18005,25,0,0,0,0,19,0,1
253,212,Ext. 1,6,18005,42,0,0,0,0,6,0,4
254,213,Básica,6,18005,29,0,0,0,1,20,0,2
255,213,Ext. 1,6,18005,38,0,0,0,0,44,0,3
256,214,Básica,6,18005,70,1,1,0,1,36,0,4
257,214,Ext. 1,6,18005,29,0,0,0,0,13,0,1
259,215,Básica,7,18006,260,218,9,0,2,224,0,40
260,216,Básica,7,18006,212,195,6,0,5,177,0,42
261,217,Básica,7,18006,181,138,5,0,4,83,0,28
262,218,Básica,7,18006,224,211,6,0,4,206,0,55
263,219,Básica,7,18006,164,106,4,0,4,97,0,17
264,220,Básica,7,18006,188,193,4,0,1,118,0,47
265,221,Básica,7,18006,199,228,2,0,1,74,0,28
266,222,Básica,7,18006,276,208,3,0,1,144,0,30
267,223,Básica,7,18006,331,166,3,0,3,125,0,17
268,224,Básica,7,18006,203,107,4,0,1,83,0,0
269,225,Básica,7,18006,177,55,2,0,5,163,0,23
270,226,Básica,7,18006,215,84,3,0,4,168,0,17
271,227,Básica,7,18006,153,94,3,0,6,86,0,22
272,228,Básica,7,18006,147,145,1,0,3,77,0,19
273,229,Básica,7,18006,172,191,0,0,2,91,1,32
274,230,Básica,7,18006,138,50,11,0,5,74,0,15
275,231,Básica,7,18006,183,167,2,0,14,100,1,30
276,232,Básica,7,18006,81,32,0,0,2,10,0,7
277,232,Ext. 1,7,18006,41,14,0,0,1,3,0,9
278,232,Ext. 2,7,18006,31,11,0,0,0,7,0,3
279,233,Básica,7,18006,135,20,1,0,3,12,0,9
280,234,Básica,7,18006,78,36,0,0,2,42,1,12
281,235,Básica,7,18006,80,45,1,0,2,49,0,11
282,236,Básica,7,18006,189,155,10,0,8,156,2,43
283,237,Básica,7,18006,33,17,1,0,1,36,0,7
284,238,Básica,7,18006,107,59,4,0,1,22,0,12
286,239,Básica,8,18007,154,1,1,0,6,96,2,20
287,240,Básica,8,18007,146,1,0,0,6,165,0,19
288,241,Básica,8,18007,236,0,0,0,8,256,0,17
289,242,Básica,8,18007,246,1,1,0,3,229,0,13
290,243,Básica,8,18007,175,2,2,0,2,157,0,8
291,244,Básica,8,18007,201,0,1,0,3,237,0,27
292,245,Básica,8,18007,86,0,0,0,0,14,0,6
293,246,Básica,8,18007,28,0,0,0,1,14,2,2
294,246,Ext. 1,8,18007,60,2,0,0,0,10,1,3
295,247,Básica,8,18007,73,1,0,0,3,90,0,8
296,248,Básica,8,18007,252,2,0,0,11,94,0,20
297,249,Básica,8,18007,218,3,2,0,14,79,0,18
298,250,Básica,8,18007,234,2,0,0,5,47,0,5
299,251,Básica,8,18007,139,2,1,0,1,49,0,6
300,252,Básica,8,18007,414,2,0,0,3,51,0,17
301,252,Ext. 1,8,18007,123,0,0,0,2,15,0,5
302,253,Básica,8,18007,331,0,4,0,2,330,1,23
303,254,Básica,8,18007,132,0,7,0,4,176,0,0
304,255,Básica,8,18007,173,0,6,0,3,108,0,11
305,256,Básica,8,18007,188,1,10,0,2,152,0,18
307,257,Básica,9,18009,152,0,1,0,0,92,1,13
308,258,Básica,9,18009,307,0,0,0,0,109,0,0
309,259,Básica,9,18009,114,0,0,0,0,143,0,24
310,259,Ext. 1,9,18009,131,0,0,0,0,3,0,1
311,260,Básica,9,18009,122,0,0,0,0,108,0,0
312,260,Ext. 1,9,18009,20,0,0,0,0,23,0,8
313,261,Básica,9,18009,136,0,0,0,0,42,0,19
314,262,Básica,9,18009,56,0,1,0,0,97,0,0
315,262,Ext. 1,9,18009,6,0,0,0,0,84,0,0
316,263,Básica,9,18009,29,0,0,0,0,29,4,67
317,264,Básica,9,18009,41,0,0,0,0,45,0,10
318,264,Ext. 1,9,18009,31,0,0,0,0,10,0,2
319,265,Básica,9,18009,18,0,0,0,1,87,2,4
320,266,Básica,9,18009,97,0,2,0,1,23,0,8
321,267,Básica,9,18009,132,2,0,0,3,120,0,31
322,267,Ext. 1,9,18009,88,0,0,0,0,15,0,11
323,267,Ext. 2,9,18009,13,0,0,0,0,66,0,10
324,268,Básica,9,18009,97,0,0,0,0,61,0,12
325,268,Ext. 1,9,18009,55,0,0,0,0,21,0,0
326,268,Ext. 2,9,18009,60,0,0,0,0,9,0,3
327,269,Básica,9,18009,68,0,0,0,0,33,0,17
328,270,Básica,9,18009,173,0,0,0,0,199,26,60
329,270,Ext. 1,9,18009,88,0,0,0,0,6,0,0
330,271,Básica,9,18009,68,0,0,0,0,65,0,3
331,271,Ext. 1,9,18009,42,0,0,0,0,46,0,3
332,272,Básica,9,18009,51,0,0,0,0,77,0,0
333,273,Básica,9,18009,95,0,0,0,0,66,0,32
334,273,Ext. 1,9,18009,86,0,0,0,0,86,0,0
335,274,Básica,9,18009,154,0,0,0,5,42,0,30
336,275,Básica,9,18009,30,0,0,0,0,15,0,5
337,275,Ext. 1,9,18009,41,0,0,0,0,34,0,8
338,276,Básica,9,18009,148,2,0,0,1,22,0,13
339,276,Ext. 1,9,18009,16,0,0,0,0,66,0,12
341,277,Básica,10,18010,233,0,2,0,4,184,0,20
342,277,Ext. 1,10,18010,44,0,0,0,1,49,0,0
343,278,Básica,10,18010,106,0,0,0,1,39,0,7
344,278,Ext. 1,10,18010,83,1,2,0,0,42,0,0
345,279,Básica,10,18010,81,0,4,0,1,43,0,1
346,280,Básica,10,18010,85,0,0,0,0,55,0,5
347,281,Básica,10,18010,205,0,3,0,5,124,2,9
348,282,Básica,10,18010,246,1,9,0,2,120,0,8
349,283,Básica,10,18010,134,2,0,0,11,107,0,12
350,284,Básica,10,18010,65,0,0,0,1,22,0,1
351,285,Básica,10,18010,105,2,1,0,0,104,0,8
352,286,Básica,10,18010,259,0,1,0,0,67,0,3
353,286,Ext. 1,10,18010,73,0,0,0,1,11,0,5
354,287,Básica,10,18010,182,1,0,0,1,75,0,5
355,288,Básica,10,18010,196,1,1,0,7,213,0,17
356,289,Básica,10,18010,278,2,0,0,5,220,0,11
357,290,Básica,10,18010,246,1,7,0,0,102,0,12
358,291,Básica,10,18010,249,3,0,0,7,100,0,12
359,291,Ext. 1,10,18010,45,0,0,0,0,17,0,11
360,291,Ext. 2,10,18010,18,0,0,0,0,14,0,0
361,292,Básica,10,18010,98,2,0,0,0,19,0,4
362,292,Ext. 1,10,18010,59,0,0,0,0,4,0,0
363,293,Básica,10,18010,93,1,5,0,2,19,0,3
364,294,Básica,10,18010,72,0,0,0,1,28,0,1
365,295,Básica,10,18010,250,2,3,0,6,138,0,18
366,296,Básica,10,18010,199,1,2,0,3,125,0,6
367,297,Básica,10,18010,196,0,0,0,7,121,0,14
368,298,Básica,10,18010,159,1,0,0,7,118,3,12
369,299,Básica,10,18010,163,0,0,0,2,135,0,10
370,300,Básica,10,18010,166,2,0,0,1,203,0,18
371,301,Básica,10,18010,314,1,0,0,3,280,0,20
372,302,Básica,10,18010,290,0,2,0,3,124,0,13
373,303,Básica,10,18010,194,0,1,0,2,103,0,9
374,304,Básica,10,18010,226,2,0,0,2,142,2,12
375,305,Básica,10,18010,218,3,0,0,4,75,0,15
376,306,Básica,10,18010,256,2,0,0,8,181,0,22
377,307,Básica,10,18010,132,0,0,0,1,176,1,12
378,308,Básica,10,18010,208,1,1,0,1,81,0,23
379,309,Básica,10,18010,182,2,2,0,3,218,0,16
380,310,Básica,10,18010,250,2,1,0,1,236,0,14
381,311,Básica,10,18010,253,1,2,0,3,251,4,12
382,311,Ext. 1,10,18010,46,0,0,0,0,88,0,4
383,311,Ext. 2,10,18010,67,1,0,0,2,69,0,10
384,312,Básica,10,18010,208,1,0,0,5,134,0,0
385,313,Básica,10,18010,182,3,0,0,4,151,0,16
386,314,Básica,10,18010,195,0,13,0,5,156,0,21
387,315,Básica,10,18010,133,0,1,0,0,160,3,17
388,316,Básica,10,18010,29,0,0,0,1,26,0,6
389,316,Ext. 1,10,18010,39,0,0,0,2,29,0,2
390,316,Ext. 2,10,18010,39,0,0,0,1,19,0,3
391,317,Básica,10,18010,161,0,0,0,3,36,0,8
392,318,Básica,10,18010,109,0,0,0,2,64,0,23
393,319,Básica,10,18010,100,0,0,0,1,25,0,14
395,320,Básica,11,18011,270,0,1,0,4,366,1,32
396,321,Básica,11,18011,219,1,0,0,3,318,1,21
397,322,Básica,11,18011,228,0,0,0,2,303,3,19
398,323,Básica,11,18011,162,1,0,0,6,292,1,24
399,324,Básica,11,18011,215,0,1,0,1,250,1,30
400,325,Básica,11,18011,162,0,0,0,3,149,1,8
401,326,Básica,11,18011,223,1,0,0,2,219,0,14
402,327,Básica,11,18011,132,1,0,0,0,232,1,25
403,328,Básica,11,18011,165,0,0,0,4,255,0,22
404,329,Básica,11,18011,202,2,0,0,1,269,2,18
405,330,Básica,11,18011,141,1,0,0,1,134,1,7
406,331,Básica,11,18011,128,0,0,0,5,200,0,11
407,332,Básica,11,18011,65,0,0,0,0,1,0,0
408,333,Básica,11,18011,176,4,1,0,3,38,1,13
409,333,Ext. 1,11,18011,201,0,0,0,1,14,0,5
410,334,Básica,11,18011,44,0,0,0,0,59,0,5
411,334,Ext. 1,11,18011,30,0,0,0,0,21,1,2
412,335,Básica,11,18011,112,0,0,0,0,10,1,1
413,336,Básica,11,18011,79,0,1,0,0,123,1,8
414,337,Básica,11,18011,153,0,3,0,10,152,3,23
415,338,Básica,11,18011,100,0,2,0,9,136,1,16
416,339,Básica,11,18011,50,0,0,0,1,41,0,3
417,340,Básica,11,18011,88,0,0,0,5,69,1,11
418,341,Básica,11,18011,121,0,0,0,1,130,0,5
419,342,Básica,11,18011,85,1,0,0,3,99,0,7
420,343,Básica,11,18011,264,0,0,0,3,173,2,14
421,344,Básica,11,18011,130,0,0,0,1,115,0,21
422,345,Básica,11,18011,107,0,0,0,3,83,1,9
423,346,Básica,11,18011,103,0,0,0,1,33,0,2
424,346,Ext. 1,11,18011,66,0,0,0,1,30,0,3
425,346,Ext. 2,11,18011,39,0,0,0,1,19,0,2
427,347,Básica,12,18012,353,0,6,0,2,392,0,19
428,348,Básica,12,18012,194,0,0,0,1,229,0,0
429,349,Básica,12,18012,194,0,2,0,2,271,0,26
430,350,Básica,12,18012,292,0,1,0,0,398,0,0
431,351,Básica,12,18012,277,1,4,0,4,344,0,15
432,352,Básica,12,18012,210,0,1,0,3,271,0,12
433,353,Básica,12,18012,127,3,0,0,0,203,0,10
434,354,Básica,12,18012,59,0,2,0,0,127,0,6
435,355,Básica,12,18012,78,0,0,0,2,104,0,6
436,356,Básica,12,18012,164,0,11,0,10,214,0,25
437,357,Básica,12,18012,140,0,8,0,1,232,0,8
438,358,Básica,12,18012,104,0,0,0,0,136,0,0
439,359,Básica,12,18012,84,0,0,0,2,172,0,11
440,360,Básica,12,18012,136,0,3,0,5,255,1,21
441,361,Básica,12,18012,137,0,0,0,3,244,0,26
442,362,Básica,12,18012,76,0,0,0,6,87,0,4
443,363,Básica,12,18012,29,0,0,0,1,63,0,1
444,364,Básica,12,18012,54,0,0,0,1,50,0,3
445,365,Básica,12,18012,56,0,2,0,3,138,0,0
446,366,Básica,12,18012,103,1,2,0,6,181,1,26
447,367,Básica,12,18012,261,4,8,0,9,280,0,15
448,368,Básica,12,18012,98,0,0,0,1,132,0,0
449,369,Básica,12,18012,198,0,6,0,0,190,0,21
450,370,Básica,12,18012,103,1,0,0,0,148,0,10
451,371,Básica,12,18012,27,0,0,0,0,25,0,4
452,372,Básica,12,18012,56,0,0,0,1,62,0,4
453,373,Básica,12,18012,133,0,0,0,4,72,0,0
454,374,Básica,12,18012,43,0,0,0,3,46,0,10
455,375,Básica,12,18012,51,0,0,0,0,24,0,0
456,376,Básica,12,18012,318,2,1,0,8,253,0,30
457,377,Básica,12,18012,27,0,1,0,0,38,0,7
458,378,Básica,12,18012,44,0,1,0,1,50,0,0
459,379,Básica,12,18012,23,0,0,0,0,8,0,2
460,380,Básica,12,18012,88,0,0,0,1,16,0,4
461,381,Básica,12,18012,71,1,0,0,0,31,0,4
462,382,Básica,12,18012,322,0,1,0,9,176,0,33
463,383,Básica,12,18012,141,0,0,0,0,165,0,0
464,384,Básica,12,18012,75,0,2,0,4,153,0,15
465,385,Básica,12,18012,201,1,2,0,6,215,0,31
466,386,Básica,12,18012,215,0,0,0,3,265,0,15
467,387,Básica,12,18012,220,0,1,0,4,214,0,15
468,388,Básica,12,18012,122,1,0,0,7,199,0,0
469,389,Básica,12,18012,110,0,0,0,5,182,4,19
470,390,Básica,12,18012,242,0,0,0,0,220,0,25
471,391,Básica,12,18012,92,0,0,0,3,48,0,4
472,392,Básica,12,18012,212,0,0,0,3,177,3,16
473,393,Básica,12,18012,102,1,3,0,2,89,0,11
474,394,Básica,12,18012,102,2,0,0,3,73,0,10
475,395,Básica,12,18012,188,0,2,0,6,192,0,0
476,396,Básica,12,18012,35,0,1,0,2,69,0,5
477,397,Básica,12,18012,46,0,0,0,2,16,0,0
479,398,Básica,13,18013,220,0,2,0,10,277,0,21
480,399,Básica,13,18013,179,0,0,0,9,342,3,14
481,400,Básica,13,18013,193,1,1,0,8,216,0,19
482,401,Básica,13,18013,153,0,2,0,2,240,0,15
483,402,Básica,13,18013,125,0,0,0,1,12,0,0
484,403,Básica,13,18013,78,0,0,0,1,63,0,3
485,404,Básica,13,18013,92,2,0,0,4,67,0,2
486,404,Ext. 1,13,18013,19,0,0,0,0,28,0,2
487,405,Básica,13,18013,27,0,0,0,0,35,0,2
488,406,Básica,13,18013,130,0,1,0,3,141,1,5
489,407,Básica,13,18013,74,0,0,0,2,67,0,4
490,408,Básica,13,18013,113,0,0,0,4,171,0,0
491,409,Básica,13,18013,114,0,2,0,5,89,0,15
492,410,Básica,13,18013,333,1,0,0,5,62,2,9
494,411,Básica,14,18014,339,0,1,0,6,253,0,30
495,411,Ext. 1,14,18014,21,0,0,0,1,28,1,1
496,412,Básica,14,18014,486,0,1,0,7,395,0,22
497,413,Básica,14,18014,41,1,0,0,2,75,0,1
498,414,Básica,14,18014,103,0,1,0,2,66,0,8
499,414,Ext. 1,14,18014,130,5,1,0,1,33,0,5
500,415,Básica,14,18014,208,0,1,0,3,163,0,22
501,416,Básica,14,18014,348,0,1,0,3,298,0,33
502,417,Básica,14,18014,46,0,0,0,0,24,0,2
503,417,Ext. 1,14,18014,59,0,0,0,0,18,0,2
504,418,Básica,14,18014,136,0,1,0,0,56,0,8
505,419,Básica,14,18014,202,0,0,0,1,69,0,18
506,420,Básica,14,18014,113,2,0,0,1,55,0,2
507,421,Básica,14,18014,453,2,0,0,12,221,0,25
508,422,Básica,14,18014,172,3,0,0,4,145,0,9
509,422,Ext. 1,14,18014,25,0,0,0,0,29,0,4
510,423,Básica,14,18014,171,0,0,0,2,95,0,9
511,423,Ext. 1,14,18014,57,1,0,0,0,21,1,10
512,424,Básica,14,18014,109,0,1,0,1,51,0,5
513,424,Ext. 1,14,18014,59,0,0,0,0,20,0,6
514,425,Básica,14,18014,177,0,1,0,3,125,0,10
515,426,Básica,14,18014,109,1,0,0,1,15,0,4
516,427,Básica,14,18014,215,1,1,0,3,228,0,14
517,428,Básica,14,18014,54,0,2,0,3,28,0,4
518,429,Básica,14,18014,246,3,4,0,10,154,0,49
519,430,Básica,14,18014,152,0,2,0,10,135,0,21
520,431,Básica,14,18014,132,7,0,0,5,136,0,10
521,432,Básica,14,18014,64,0,1,0,1,39,0,4
522,433,Básica,14,18014,405,1,7,0,20,145,0,40
523,434,Básica,14,18014,62,3,0,0,2,10,0,3
525,435,Básica,15,18015,116,0,0,0,3,238,1,17
526,436,Básica,15,18015,293,4,1,0,5,267,0,14
527,437,Básica,15,18015,305,0,0,0,3,399,1,19
528,438,Básica,15,18015,226,3,1,0,5,195,1,13
529,439,Básica,15,18015,120,0,2,0,2,145,2,2
530,440,Básica,15,18015,157,0,1,0,2,199,0,3
531,441,Básica,15,18015,189,4,3,0,5,266,0,17
532,442,Básica,15,18015,191,1,4,0,2,218,0,14
533,443,Básica,15,18015,173,4,11,0,5,190,0,9
534,444,Básica,15,18015,136,1,2,0,0,154,0,6
535,445,Básica,15,18015,122,0,1,0,1,111,0,3
536,446,Básica,15,18015,190,3,3,0,3,218,0,0
537,447,Básica,15,18015,259,0,0,0,9,293,2,6
538,448,Básica,15,18015,195,1,2,0,1,242,0,12
539,449,Básica,15,18015,90,1,3,0,0,70,0,2
540,450,Básica,15,18015,159,0,1,0,3,201,0,13
541,451,Básica,15,18015,236,0,2,0,2,313,0,10
542,452,Básica,15,18015,163,0,1,0,0,134,0,8
543,453,Básica,15,18015,80,0,0,0,0,122,0,0
544,454,Básica,15,18015,70,0,0,0,1,101,0,3
545,455,Básica,15,18015,145,2,0,0,2,192,0,9
546,456,Básica,15,18015,119,0,1,0,1,80,0,7
547,457,Básica,15,18015,257,1,29,0,2,228,0,22
548,458,Básica,15,18015,222,0,2,0,2,166,0,3
549,459,Básica,15,18015,496,1,7,0,5,131,0,14
550,460,Básica,15,18015,307,1,2,0,1,146,0,0
551,460,Ext. 1,15,18015,39,0,0,0,0,22,0,0
552,461,Básica,15,18015,200,0,0,0,0,88,0,0
553,462,Básica,15,18015,73,0,2,0,0,34,0,0
554,463,Básica,15,18015,404,1,0,0,2,142,0,4
555,464,Básica,15,18015,130,0,3,0,1,70,0,12
556,465,Básica,15,18015,272,0,0,0,0,135,0,23
557,466,Básica,15,18015,189,0,1,0,3,145,0,8
558,467,Básica,15,18015,79,1,15,0,3,74,1,5
559,468,Básica,15,18015,116,0,0,0,2,108,0,42
560,469,Básica,15,18015,186,0,2,0,1,105,1,9
561,470,Básica,15,18015,291,1,0,0,0,221,0,11
562,471,Básica,15,18015,102,0,1,0,2,123,0,7
563,472,Básica,15,18015,138,0,0,0,4,245,0,25
564,473,Básica,15,18015,181,1,2,0,2,188,0,14
565,474,Básica,15,18015,144,1,0,0,4,230,3,9
566,475,Básica,15,18015,49,0,1,0,0,158,0,0
567,476,Básica,15,18015,98,1,0,0,4,65,0,11
568,477,Básica,15,18015,95,2,0,0,3,100,0,8
569,478,Básica,15,18015,133,0,0,0,2,47,0,7
570,478,Ext. 1,15,18015,30,0,0,0,0,29,0,11
571,479,Básica,15,18015,37,1,0,0,0,15,0,0
572,480,Básica,15,18015,75,0,0,0,1,41,2,5
573,480,Ext. 1,15,18015,78,1,0,0,2,27,0,4
574,480,Ext. 2,15,18015,33,0,0,0,0,33,0,0
575,481,Básica,15,18015,60,0,1,1,0,27,0,15
576,482,Básica,15,18015,167,4,3,0,4,215,0,21
577,483,Básica,15,18015,273,1,1,0,0,285,0,37
578,484,Básica,15,18015,194,4,2,0,6,249,0,0
579,485,Básica,15,18015,160,2,0,0,2,123,1,9
580,485,Ext. 1,15,18015,100,0,0,0,0,4,2,1
581,486,Básica,15,18015,81,0,0,0,0,79,0,5
582,487,Básica,15,18015,167,3,2,0,3,175,0,23
583,487,Ext. 1,15,18015,60,1,1,0,1,84,0,4
584,488,Básica,15,18015,184,1,0,0,0,188,0,8
585,489,Básica,15,18015,78,2,2,0,4,179,0,11
586,489,Ext. 1,15,18015,40,1,0,0,0,44,0,2
587,490,Básica,15,18015,109,1,0,0,1,173,1,16
588,491,Básica,15,18015,125,0,2,0,2,140,0,19
589,492,Básica,15,18015,123,0,1,0,0,85,0,7
590,493,Básica,15,18015,225,1,0,0,2,271,3,9
591,494,Básica,15,18015,112,1,0,0,1,190,0,5
592,495,Básica,15,18015,129,0,5,0,5,218,0,10
593,496,Básica,15,18015,161,0,3,0,2,155,0,5
594,497,Básica,15,18015,150,3,19,0,5,222,1,6
595,498,Básica,15,18015,181,0,80,0,0,138,0,0
596,499,Básica,15,18015,79,0,9,0,0,16,0,2
597,500,Básica,15,18015,74,1,0,0,2,94,0,9
598,501,Básica,15,18015,95,0,2,0,3,136,0,11
599,502,Básica,15,18015,182,3,0,0,4,202,0,6
600,503,Básica,15,18015,234,1,3,0,7,252,0,23
601,504,Básica,15,18015,175,4,5,0,3,175,0,19
602,505,Básica,15,18015,214,0,5,0,2,291,1,19
603,506,Básica,15,18015,109,0,0,0,0,173,0,0
604,507,Básica,15,18015,182,0,0,0,2,190,0,16
605,508,Básica,15,18015,221,3,0,0,1,224,3,14
606,509,Básica,15,18015,166,0,0,0,2,110,0,10
607,510,Básica,15,18015,161,0,0,0,0,104,0,5
608,511,Básica,15,18015,285,1,2,0,3,207,0,23
609,512,Básica,15,18015,254,2,2,0,1,174,0,11
610,513,Básica,15,18015,173,2,1,0,4,158,0,11
611,514,Básica,15,18015,77,0,0,0,0,14,0,0
612,514,Ext. 1,15,18015,37,1,0,0,0,9,0,0
613,515,Básica,15,18015,108,0,0,0,3,187,0,11
614,516,Básica,15,18015,100,0,0,0,1,203,0,0
615,517,Básica,15,18015,74,0,0,0,4,187,0,13
616,518,Básica,15,18015,90,0,0,0,0,25,0,1
617,519,Básica,15,18015,99,1,0,0,3,89,0,8
618,520,Básica,15,18015,125,1,3,0,1,247,0,20
619,521,Básica,15,18015,137,1,2,0,0,146,0,0
620,522,Básica,15,18015,192,2,0,0,0,266,0,10
621,523,Básica,15,18015,268,2,2,0,1,303,0,14
622,524,Básica,15,18015,117,1,1,0,0,199,0,20
623,525,Básica,15,18015,94,1,1,0,1,151,0,9
624,526,Básica,15,18015,214,1,2,0,2,258,0,13
625,527,Básica,15,18015,152,0,1,0,0,187,0,12
626,528,Básica,15,18015,218,4,3,0,3,308,0,26
627,529,Básica,15,18015,106,0,0,0,1,178,0,5
628,530,Básica,15,18015,136,2,2,0,1,163,0,12
629,531,Básica,15,18015,160,3,5,0,3,259,0,18
630,532,Básica,15,18015,296,2,2,0,9,360,0,24
631,533,Básica,15,18015,36,0,0,0,0,68,0,4
632,534,Básica,15,18015,55,1,4,0,1,108,0,6
633,535,Básica,15,18015,129,1,4,0,0,177,0,6
634,536,Básica,15,18015,130,1,1,0,1,92,0,7
635,537,Básica,15,18015,127,0,2,0,1,185,0,13
636,538,Básica,15,18015,187,1,2,0,2,205,0,6
637,539,Básica,15,18015,113,1,2,0,8,240,2,11
638,540,Básica,15,18015,82,3,4,0,1,277,1,13
639,541,Básica,15,18015,157,2,5,0,3,281,2,13
640,542,Básica,15,18015,255,13,0,0,1,222,0,0
641,542,Ext. 1,15,18015,55,0,5,0,3,33,0,2
642,543,Básica,15,18015,289,5,4,0,2,390,0,19
643,544,Básica,15,18015,168,1,0,0,3,116,0,12
644,545,Básica,15,18015,194,4,2,0,2,224,0,23
645,546,Básica,15,18015,143,2,0,0,3,190,0,26
647,547,Básica,16,18016,91,7,3,0,0,160,0,0
648,548,Básica,16,18016,131,9,7,0,2,181,0,13
649,549,Básica,16,18016,196,21,3,0,2,176,2,8
650,550,Básica,16,18016,192,24,13,0,1,174,0,17
651,550,Ext. 1,16,18016,72,1,0,0,1,58,0,10
652,551,Básica,16,18016,198,41,10,0,1,175,0,21
653,552,Básica,16,18016,250,19,4,0,4,162,0,14
654,553,Básica,16,18016,142,11,0,0,1,159,0,11
655,554,Básica,16,18016,226,2,2,0,0,221,0,6
656,555,Básica,16,18016,212,21,2,0,0,122,0,9
657,556,Básica,16,18016,124,18,2,0,0,94,0,6
658,557,Básica,16,18016,101,23,10,0,0,61,0,6
659,558,Básica,16,18016,142,16,0,0,0,115,0,8
660,559,Básica,16,18016,128,10,2,0,1,115,0,9
661,560,Básica,16,18016,119,26,2,0,1,123,0,6
662,561,Básica,16,18016,134,13,1,0,0,135,0,8
663,562,Básica,16,18016,175,11,0,0,2,170,0,7
664,563,Básica,16,18016,188,17,1,0,0,173,0,10
665,564,Básica,16,18016,201,23,3,0,1,178,1,14
666,565,Básica,16,18016,54,0,17,0,0,34,0,3
667,566,Básica,16,18016,50,2,0,0,0,17,0,0
668,567,Básica,16,18016,315,1,2,0,0,115,0,8
669,567,Ext. 1,16,18016,43,0,0,0,1,40,0,1
670,568,Básica,16,18016,305,8,0,0,0,173,0,14
671,569,Básica,16,18016,74,0,1,0,0,155,0,4
672,570,Básica,16,18016,246,11,9,0,8,277,0,18
673,571,Básica,16,18016,179,9,2,0,0,255,0,21
674,572,Básica,16,18016,219,0,0,0,3,244,0,0
675,573,Básica,16,18016,292,3,1,0,0,173,0,11
676,574,Básica,16,18016,243,8,0,0,4,168,0,0
677,575,Básica,16,18016,215,5,0,0,5,256,0,0
678,576,Básica,16,18016,193,1,0,0,1,276,0,25
679,577,Básica,16,18016,195,1,0,0,0,161,0,9
680,578,Básica,16,18016,262,6,0,0,0,261,0,10
681,579,Básica,16,18016,179,23,55,0,1,154,0,20
682,580,Básica,16,18016,217,2,10,0,3,273,2,17
683,581,Básica,16,18016,214,0,5,0,2,87,0,0
684,582,Básica,16,18016,288,8,9,0,3,215,0,0
685,583,Básica,16,18016,225,1,1,0,1,285,0,8
686,584,Básica,16,18016,248,2,0,0,0,264,0,5
687,585,Básica,16,18016,193,3,0,0,1,155,3,4
688,586,Básica,16,18016,235,2,1,0,1,131,0,0
689,587,Básica,16,18016,174,2,3,0,4,221,0,32
690,588,Básica,16,18016,161,3,0,0,0,303,0,34
691,589,Básica,16,18016,98,4,0,0,1,68,0,4
692,590,Básica,16,18016,20,4,4,0,3,33,0,2
693,590,Ext. 1,16,18016,28,0,0,0,0,20,0,1
694,591,Básica,16,18016,129,4,2,0,8,286,0,21
695,592,Básica,16,18016,84,4,0,0,2,71,0,3
696,593,Básica,16,18016,135,2,0,0,1,54,0,2
697,594,Básica,16,18016,91,0,0,0,0,98,0,9
698,595,Básica,16,18016,119,3,0,0,0,75,0,0
699,596,Básica,16,18016,63,3,1,0,4,96,0,3
701,597,Básica,17,18017,84,4,0,0,1,164,0,8
702,598,Básica,17,18017,449,15,8,0,7,739,0,0
703,599,Básica,17,18017,129,2,1,0,1,92,0,12
704,600,Básica,17,18017,221,7,10,0,0,247,0,24
705,601,Básica,17,18017,269,10,6,0,4,454,0,39
706,602,Básica,17,18017,377,13,4,0,4,358,0,9
707,603,Básica,17,18017,238,7,2,0,3,302,2,19
708,604,Básica,17,18017,165,1,0,0,3,221,0,9
709,605,Básica,17,18017,201,5,1,0,1,238,0,21
710,606,Básica,17,18017,243,2,1,0,2,258,0,38
711,607,Básica,17,18017,311,11,3,0,3,382,0,31
712,608,Básica,17,18017,278,15,4,0,3,442,3,12
713,609,Básica,17,18017,435,12,7,0,7,593,0,0
714,609,Ext. 1,17,18017,268,4,6,0,7,459,0,29
715,610,Básica,17,18017,479,10,3,0,1,619,0,17
716,611,Básica,17,18017,478,18,4,0,17,814,0,0
717,612,Básica,17,18017,307,7,3,0,5,411,0,23
718,612,Ext. 1,17,18017,138,2,3,0,0,132,0,1
719,613,Básica,17,18017,315,12,8,0,5,422,0,19
720,614,Básica,17,18017,236,5,5,0,7,235,0,5
721,615,Básica,17,18017,308,11,2,0,1,325,0,14
722,616,Básica,17,18017,329,8,3,0,4,394,0,23
723,617,Básica,17,18017,420,11,1,0,4,505,0,12
724,618,Básica,17,18017,145,4,3,0,0,211,0,19
725,619,Básica,17,18017,146,0,1,0,2,204,0,16
726,620,Básica,17,18017,221,6,4,0,2,310,3,9
727,621,Básica,17,18017,224,7,2,0,4,341,0,24
728,622,Básica,17,18017,203,8,1,0,0,251,0,12
729,623,Básica,17,18017,286,5,2,0,2,333,0,23
730,624,Básica,17,18017,205,3,1,0,0,228,0,19
731,625,Básica,17,18017,183,6,3,0,2,179,0,9
732,626,Básica,17,18017,313,18,2,0,5,433,0,27
733,627,Básica,17,18017,320,7,0,0,3,397,0,25
734,628,Básica,17,18017,280,7,8,0,4,338,0,22
735,629,Básica,17,18017,195,7,7,0,3,353,0,21
736,630,Básica,17,18017,276,13,6,0,3,426,0,22
737,631,Básica,17,18017,330,4,0,0,0,452,0,0
738,632,Básica,17,18017,240,5,3,0,5,425,2,27
739,633,Básica,17,18017,270,9,0,0,0,375,0,15
740,633,Ext. 1,17,18017,235,6,4,0,0,337,0,10
741,634,Básica,17,18017,493,4,8,0,1,402,0,7
742,634,Ext. 1,17,18017,312,4,2,0,0,227,0,4
743,635,Básica,17,18017,371,7,15,0,3,354,0,19
744,636,Básica,17,18017,198,4,7,0,4,208,0,18
745,637,Básica,17,18017,192,6,4,0,7,288,0,0
746,638,Básica,17,18017,195,6,4,0,4,213,0,13
747,639,Básica,17,18017,272,8,2,0,4,259,0,15
748,640,Básica,17,18017,335,8,1,0,3,330,0,18
749,641,Básica,17,18017,190,7,0,0,2,185,0,23
750,642,Básica,17,18017,175,2,1,0,0,238,0,32
751,643,Básica,17,18017,297,8,4,0,4,349,0,22
752,644,Básica,17,18017,263,3,5,0,2,365,0,24
753,645,Básica,17,18017,289,9,5,0,7,303,0,20
754,646,Básica,17,18017,348,2,6,0,6,420,0,22
755,647,Básica,17,18017,188,6,2,0,12,189,0,5
756,648,Básica,17,18017,184,2,3,0,6,247,10,17
757,649,Básica,17,18017,167,2,2,0,3,207,0,8
758,650,Básica,17,18017,154,4,0,0,3,221,0,11
759,651,Básica,17,18017,300,9,12,0,3,436,0,0
760,652,Básica,17,18017,217,6,4,0,2,271,0,17
761,653,Básica,17,18017,216,4,5,0,2,243,0,7
762,654,Básica,17,18017,220,5,2,0,1,234,0,8
763,655,Básica,17,18017,226,9,9,0,2,226,0,0
764,656,Básica,17,18017,325,11,5,0,3,294,0,17
765,657,Básica,17,18017,250,6,2,0,3,235,0,18
766,658,Básica,17,18017,276,6,5,0,3,355,0,11
767,659,Básica,17,18017,171,2,1,0,0,222,0,17
768,660,Básica,17,18017,198,5,3,0,1,273,0,25
769,661,Básica,17,18017,180,3,1,0,1,207,0,7
770,662,Básica,17,18017,411,4,15,0,0,233,0,7
771,663,Básica,17,18017,367,9,4,0,2,389,0,8
772,664,Básica,17,18017,376,9,15,0,0,380,0,7
773,665,Básica,17,18017,350,4,2,0,4,348,0,4
774,666,Básica,17,18017,340,10,2,0,2,306,0,6
775,667,Básica,17,18017,306,3,6,0,5,241,0,17
776,668,Básica,17,18017,192,6,1,0,1,256,0,13
777,669,Básica,17,18017,231,8,1,0,2,269,0,10
778,670,Básica,17,18017,198,3,14,0,2,290,0,9
779,671,Básica,17,18017,104,1,0,0,0,174,1,3
780,672,Básica,17,18017,60,0,1,0,0,57,0,0
781,673,Básica,17,18017,197,3,1,0,6,219,0,8
782,674,Básica,17,18017,171,1,0,0,2,196,0,7
783,675,Básica,17,18017,105,2,4,0,0,170,0,5
784,676,Básica,17,18017,354,6,10,0,8,414,0,29
785,677,Básica,17,18017,199,5,4,0,7,333,0,15
786,678,Básica,17,18017,260,5,3,0,1,350,0,23
787,679,Básica,17,18017,209,4,6,0,3,450,0,33
788,680,Básica,17,18017,212,5,7,0,4,282,0,23
789,681,Básica,17,18017,239,11,4,0,1,328,0,10
790,682,Básica,17,18017,93,2,3,0,0,133,0,0
791,683,Básica,17,18017,99,2,0,0,0,114,0,1
792,684,Básica,17,18017,72,3,1,0,0,109,0,2
793,685,Básica,17,18017,174,1,7,0,0,209,0,13
794,686,Básica,17,18017,108,3,3,0,1,145,0,8
795,687,Básica,17,18017,298,3,4,0,0,277,0,13
796,688,Básica,17,18017,186,4,4,0,3,282,2,10
797,689,Básica,17,18017,199,3,3,0,1,205,0,6
798,690,Básica,17,18017,151,0,6,0,0,208,0,4
799,691,Básica,17,18017,261,5,4,0,2,225,0,10
800,692,Básica,17,18017,217,4,6,0,0,316,0,15
801,693,Básica,17,18017,212,8,5,0,3,333,0,22
802,694,Básica,17,18017,213,6,6,0,3,335,0,45
803,695,Básica,17,18017,491,13,12,0,4,599,0,41
804,696,Básica,17,18017,328,15,2,0,3,363,1,18
805,697,Básica,17,18017,231,9,2,0,0,231,0,11
806,698,Básica,17,18017,162,5,1,0,3,196,0,7
807,699,Básica,17,18017,172,2,1,0,0,163,1,7
808,700,Básica,17,18017,290,9,7,0,2,349,0,16
809,701,Básica,17,18017,511,10,6,0,1,381,0,11
810,702,Básica,17,18017,307,9,9,0,2,384,0,17
811,703,Básica,17,18017,269,5,4,0,2,257,0,12
812,704,Básica,17,18017,164,7,0,0,0,103,0,3
813,705,Básica,17,18017,285,5,6,0,2,342,0,14
814,706,Básica,17,18017,322,8,5,0,1,255,0,6
815,707,Básica,17,18017,168,11,2,0,0,252,0,20
816,708,Básica,17,18017,268,8,1,0,4,293,3,20
817,709,Básica,17,18017,427,11,3,0,4,546,2,16
818,710,Básica,17,18017,333,5,3,0,2,351,0,13
819,711,Básica,17,18017,457,6,5,0,5,607,0,45
820,712,Básica,17,18017,135,5,0,0,4,254,0,15
821,713,Básica,17,18017,225,3,1,0,2,360,0,11
822,714,Básica,17,18017,211,5,2,0,7,235,2,13
823,715,Básica,17,18017,423,15,8,0,3,440,0,16
824,716,Básica,17,18017,250,6,1,0,3,170,0,3
825,717,Básica,17,18017,108,7,2,0,1,102,1,10
826,718,Básica,17,18017,258,1,3,0,0,174,0,9
827,719,Básica,17,18017,402,12,8,0,4,442,0,22
828,720,Básica,17,18017,202,6,2,0,4,183,0,0
829,721,Básica,17,18017,221,7,0,0,3,227,0,20
830,722,Básica,17,18017,315,6,6,0,4,249,0,0
831,723,Básica,17,18017,494,9,3,0,2,574,0,33
832,724,Básica,17,18017,467,13,6,0,5,639,0,22
833,725,Básica,17,18017,383,7,6,0,0,492,1,13
834,726,Básica,17,18017,259,5,1,0,1,332,1,11
835,727,Básica,17,18017,191,5,3,0,2,246,1,13
836,728,Básica,17,18017,291,4,2,0,4,328,0,5
837,729,Básica,17,18017,214,8,2,0,3,255,0,5
838,730,Básica,17,18017,259,8,4,0,3,343,0,19
839,731,Básica,17,18017,184,9,3,0,2,266,0,13
840,732,Básica,17,18017,112,1,4,0,1,139,0,12
841,733,Básica,17,18017,353,10,8,0,0,414,0,24
842,734,Básica,17,18017,245,5,2,0,3,273,0,20
843,735,Básica,17,18017,227,4,2,0,3,272,0,21
844,736,Básica,17,18017,271,6,3,0,1,530,0,31
845,737,Básica,17,18017,272,3,12,0,4,479,0,26
846,737,Ext. 1,17,18017,394,6,12,0,3,426,0,7
847,738,Básica,17,18017,232,7,2,0,1,571,0,35
848,739,Básica,17,18017,524,6,4,0,2,512,0,26
849,740,Básica,17,18017,254,8,12,0,2,307,0,25
850,741,Básica,17,18017,220,7,5,0,2,252,0,7
851,742,Básica,17,18017,269,12,1,0,3,315,1,24
852,743,Básica,17,18017,160,6,7,0,4,240,0,24
853,744,Básica,17,18017,274,5,13,0,2,382,0,15
854,745,Básica,17,18017,247,6,15,0,0,445,0,13
855,746,Básica,17,18017,341,5,1,0,4,456,0,13
856,747,Básica,17,18017,162,3,3,0,5,401,0,31
857,748,Básica,17,18017,214,3,7,0,3,370,3,28
858,749,Básica,17,18017,316,4,0,0,3,442,0,30
859,750,Básica,17,18017,192,9,2,0,2,262,0,19
860,751,Básica,17,18017,216,3,0,0,0,284,0,6
861,752,Básica,17,18017,315,8,9,0,6,376,0,19
862,753,Básica,17,18017,239,5,8,0,4,328,0,0
863,754,Básica,17,18017,307,6,2,0,3,331,0,16
864,755,Básica,17,18017,230,2,3,0,1,257,0,11
865,756,Básica,17,18017,304,6,1,0,0,376,0,9
866,757,Básica,17,18017,218,12,1,0,0,250,0,3
867,758,Básica,17,18017,328,9,1,0,11,584,2,46
868,759,Básica,17,18017,181,3,2,0,2,311,0,25
869,760,Básica,17,18017,129,4,1,0,3,216,0,0
870,761,Básica,17,18017,184,3,1,0,1,257,0,5
871,762,Básica,17,18017,259,5,1,0,0,335,0,6
872,763,Básica,17,18017,234,4,1,0,4,400,0,24
873,764,Básica,17,18017,501,15,5,0,7,760,0,47
874,765,Básica,17,18017,429,9,1,0,4,491,0,47
875,766,Básica,17,18017,180,7,5,0,3,339,0,0
876,767,Básica,17,18017,199,7,1,0,3,210,3,6
877,768,Básica,17,18017,35,0,2,0,0,41,0,5
878,769,Básica,17,18017,53,2,1,0,0,23,0,4
879,769,Ext. 1,17,18017,123,2,4,0,0,53,0,9
880,770,Básica,17,18017,233,3,7,0,9,354,0,27
881,770,Ext. 1,17,18017,29,0,0,0,0,19,0,0
882,771,Básica,17,18017,68,1,1,0,1,50,0,6
883,771,Ext. 1,17,18017,44,0,0,0,3,24,0,4
884,772,Básica,17,18017,96,1,3,0,1,66,0,0
885,772,Ext. 1,17,18017,41,0,15,0,0,11,0,3
886,773,Básica,17,18017,95,0,0,0,4,138,0,0
887,774,Básica,17,18017,129,0,0,0,3,455,2,12
888,775,Básica,17,18017,50,2,0,0,2,42,0,5
889,775,Ext. 1,17,18017,25,1,2,0,1,24,0,2
890,776,Básica,17,18017,19,1,0,0,0,17,0,8
891,777,Básica,17,18017,24,0,1,0,0,34,0,6
892,778,Básica,17,18017,147,3,0,0,2,76,0,0
893,779,Básica,17,18017,212,4,2,0,3,219,0,22
894,780,Básica,17,18017,323,8,3,0,2,399,0,44
895,781,Básica,17,18017,155,5,3,0,4,210,0,14
896,782,Básica,17,18017,253,1,2,0,1,242,0,13
897,783,Básica,17,18017,334,4,5,0,1,226,0,12
898,784,Básica,17,18017,64,0,0,0,0,36,0,0
899,784,Ext. 1,17,18017,56,1,0,0,2,11,0,15
900,785,Básica,17,18017,158,4,3,0,4,294,0,45
901,786,Básica,17,18017,63,1,1,0,3,117,0,12
902,787,Básica,17,18017,115,1,2,0,3,58,0,8
903,788,Básica,17,18017,271,1,3,0,1,260,0,27
904,789,Básica,17,18017,213,7,4,0,2,268,0,22
905,790,Básica,17,18017,38,1,1,0,1,74,0,6
906,791,Básica,17,18017,54,0,0,0,1,40,0,4
907,792,Básica,17,18017,128,3,9,0,5,182,0,10
908,793,Básica,17,18017,110,1,1,0,4,76,1,0
909,794,Básica,17,18017,79,0,0,0,4,80,0,0
910,795,Básica,17,18017,192,1,0,0,5,132,0,28
911,796,Básica,17,18017,205,1,0,0,6,171,0,21
912,797,Básica,17,18017,149,5,0,0,7,233,0,14
913,798,Básica,17,18017,152,0,0,1,2,165,0,0
914,799,Básica,17,18017,191,4,0,0,4,195,0,8
915,800,Básica,17,18017,107,2,0,0,2,99,0,10
916,801,Básica,17,18017,194,5,0,0,2,244,1,0
917,802,Básica,17,18017,106,4,1,0,2,164,0,0
918,803,Básica,17,18017,93,1,0,0,1,61,0,20
919,803,Ext. 1,17,18017,50,0,0,0,0,88,2,0
920,803,Ext. 2,17,18017,93,1,0,0,1,61,0,20
921,804,Básica,17,18017,300,10,4,0,5,559,0,52
922,805,Básica,17,18017,199,9,1,0,0,323,0,20
923,806,Básica,17,18017,111,2,1,0,2,171,0,11
924,807,Básica,17,18017,386,4,1,0,6,413,0,45
925,808,Básica,17,18017,184,4,0,0,2,118,0,6
926,809,Básica,17,18017,211,1,4,0,2,285,0,9
928,810,Básica,18,18018,192,0,1,0,6,285,0,23
929,811,Básica,18,18018,148,0,2,0,0,248,0,13
930,812,Básica,18,18018,229,2,5,0,1,288,0,18
931,813,Básica,18,18018,245,0,5,0,0,196,0,9
932,814,Básica,18,18018,199,0,2,0,0,242,0,7
933,815,Básica,18,18018,149,1,1,0,2,211,0,23
934,816,Básica,18,18018,158,2,2,0,2,260,0,0
935,817,Básica,18,18018,117,0,1,0,0,127,0,2
936,818,Básica,18,18018,134,0,2,0,4,175,0,7
937,819,Básica,18,18018,174,0,4,0,1,197,0,4
938,820,Básica,18,18018,118,2,2,0,0,150,0,10
939,821,Básica,18,18018,182,0,1,0,11,180,0,20
940,822,Básica,18,18018,149,3,5,0,0,222,0,15
941,823,Básica,18,18018,149,3,1,0,2,262,0,0
942,824,Básica,18,18018,203,1,4,0,2,279,0,0
943,825,Básica,18,18018,195,0,1,0,1,318,0,26
944,826,Básica,18,18018,91,1,1,0,2,173,0,8
945,827,Básica,18,18018,176,2,3,0,5,246,0,6
946,828,Básica,18,18018,128,0,8,0,0,158,0,6
947,829,Básica,18,18018,103,1,4,0,0,142,0,7
948,830,Básica,18,18018,141,0,10,0,1,242,0,19
949,831,Básica,18,18018,136,0,7,0,0,139,0,3
950,832,Básica,18,18018,179,0,3,0,0,169,0,10
951,833,Básica,18,18018,160,0,6,0,1,163,0,5
952,834,Básica,18,18018,145,1,0,0,0,157,0,8
953,835,Básica,18,18018,174,0,0,0,2,234,0,11
954,836,Básica,18,18018,387,0,3,0,4,213,0,15
955,837,Básica,18,18018,288,1,1,0,2,244,0,21
956,837,Ext. 1,18,18018,43,1,0,0,1,17,0,4
957,838,Básica,18,18018,308,1,1,0,3,247,0,23
958,839,Básica,18,18018,241,0,1,0,4,195,0,19
959,840,Básica,18,18018,151,3,1,0,3,265,0,19
960,841,Básica,18,18018,161,0,0,0,0,140,0,0
961,842,Básica,18,18018,224,2,1,0,3,259,0,16
962,843,Básica,18,18018,251,3,0,0,0,161,0,0
964,844,Básica,19,19008,321,0,15,0,0,400,0,33
965,845,Básica,19,19008,390,0,3,0,0,568,0,40
966,846,Básica,19,19008,255,1,3,0,2,483,0,23
967,847,Básica,19,19008,455,3,25,0,2,716,0,29
968,848,Básica,19,19008,411,2,6,0,4,435,0,15
969,849,Básica,19,19008,237,0,2,0,0,222,0,20
970,850,Básica,19,19008,145,0,0,0,2,215,2,1
971,851,Básica,19,19008,158,0,1,0,1,202,0,12
972,852,Básica,19,19008,188,2,2,0,0,357,0,22
973,853,Básica,19,19008,188,0,0,0,1,229,0,13
974,854,Básica,19,19008,262,0,0,0,0,376,0,13
975,855,Básica,19,19008,244,2,1,0,2,185,1,10
976,856,Básica,19,19008,222,0,0,0,0,23,0,0
977,856,Ext. 1,19,19008,115,0,0,0,0,82,0,9
978,857,Básica,19,19008,193,2,3,0,2,421,0,14
979,858,Básica,19,19008,189,2,2,0,3,374,0,19
980,859,Básica,19,19008,412,4,4,0,7,410,3,38
981,860,Básica,19,19008,113,2,0,0,1,101,0,10
982,861,Básica,19,19008,199,0,3,0,0,239,0,15
983,862,Básica,19,19008,127,0,1,0,2,119,0,11
984,862,Ext. 1,19,19008,109,0,1,0,1,25,0,4
985,862,Ext. 2,19,19008,73,0,0,0,0,35,0,6
986,863,Básica,19,19008,111,0,0,0,0,62,0,47
987,864,Básica,19,19008,342,0,7,0,0,264,0,47
988,864,Ext. 1,19,19008,67,0,1,0,2,15,0,2
989,865,Básica,19,19008,289,0,1,0,3,134,0,15
990,865,Ext. 1,19,19008,74,0,0,0,1,52,1,5
992,866,Básica,20,18019,56,1,1,0,2,175,0,9
993,867,Básica,20,18019,125,0,0,0,0,179,0,68
994,868,Básica,20,18019,140,0,2,0,1,34,0,5
995,869,Básica,20,18019,268,1,2,0,4,294,0,28
996,870,Básica,20,18019,208,0,1,0,2,180,0,9
997,872,Básica,20,18019,83,1,0,0,2,19,0,3
998,873,Básica,20,18019,91,1,1,0,1,35,1,3
999,873,Ext. 1,20,18019,41,0,0,0,0,13,0,2
1000,873,Ext. 2,20,18019,31,0,0,0,0,51,0,2
1001,874,Básica,20,18019,66,0,0,0,0,34,0,1
1002,874,Ext. 1,20,18019,65,0,0,0,0,8,0,1
1003,875,Básica,20,18019,52,1,0,0,1,114,0,9
1004,876,Básica,20,18019,30,0,0,0,0,25,0,7
1005,878,Básica,20,18019,195,1,0,0,3,105,1,9
