ord,yr,munn,mun,secn,casilla,tipo,pan,prd,prs,pri-pvem-panal,pt-conve,nr,nul
1,2011,18001,acaponeta,1,001-B,B,63,88,2,205,0,0,9
2,2011,18001,acaponeta,2,002-B,B,67,85,3,146,7,0,8
3,2011,18001,acaponeta,2,002-E,E,70,56,1,135,0,0,5
4,2011,18001,acaponeta,3,003-B,B,120,157,2,268,8,0,5
5,2011,18001,acaponeta,3,003-C,C,108,131,2,262,7,0,16
6,2011,18001,acaponeta,4,004-B,B,84,89,5,258,2,0,0
7,2011,18001,acaponeta,5,005-B,B,160,106,8,273,4,0,19
8,2011,18001,acaponeta,6,006-B,B,88,28,6,183,6,0,0
9,2011,18001,acaponeta,7,007-B,B,132,72,3,162,7,0,6
10,2011,18001,acaponeta,8,008-B,B,165,80,6,274,5,0,20
11,2011,18001,acaponeta,9,009-B,B,122,81,3,210,6,0,4
12,2011,18001,acaponeta,9,009-C,C,123,70,1,252,8,0,13
13,2011,18001,acaponeta,10,010-B,B,208,96,10,285,8,0,26
14,2011,18001,acaponeta,11,011-B,B,69,53,14,120,6,0,5
15,2011,18001,acaponeta,12,012-B,B,130,86,2,248,4,0,0
16,2011,18001,acaponeta,13,013-B,B,164,79,2,188,4,0,15
17,2011,18001,acaponeta,14,014-B,B,70,40,14,62,1,0,4
18,2011,18001,acaponeta,15,015-B,B,84,84,7,156,1,0,8
19,2011,18001,acaponeta,16,016-B,B,199,109,7,233,10,0,7
20,2011,18001,acaponeta,17,017-B,B,161,91,4,247,2,0,14
21,2011,18001,acaponeta,18,018-B,B,160,70,4,248,3,0,0
22,2011,18001,acaponeta,19,019-B,B,30,6,0,57,0,0,4
23,2011,18001,acaponeta,20,020-B,B,64,2,0,43,0,0,6
24,2011,18001,acaponeta,20,020-E,E,43,0,0,27,0,0,3
25,2011,18001,acaponeta,21,021-B,B,149,6,1,171,4,0,2
26,2011,18001,acaponeta,22,022-B,B,69,4,0,79,1,0,0
27,2011,18001,acaponeta,23,023-B,B,83,96,13,123,1,0,21
28,2011,18001,acaponeta,23,023-E,E,44,22,1,42,0,0,0
29,2011,18001,acaponeta,24,024-B,B,106,49,2,237,3,0,27
30,2011,18001,acaponeta,24,024-E,E,43,12,1,82,0,0,2
31,2011,18001,acaponeta,25,025-B,B,26,11,0,42,0,0,0
32,2011,18001,acaponeta,26,026-B,B,51,19,1,50,0,0,0
33,2011,18001,acaponeta,27,027-B,B,9,49,2,143,0,0,3
34,2011,18001,acaponeta,27,027-E,E,20,10,0,42,0,0,0
35,2011,18001,acaponeta,28,028-B,B,23,57,2,129,0,0,2
36,2011,18001,acaponeta,29,029-B,B,36,3,0,32,0,0,0
37,2011,18001,acaponeta,29,029-E,E,11,2,0,24,0,0,0
38,2011,18001,acaponeta,30,030-B,B,69,11,0,55,0,0,0
39,2011,18001,acaponeta,31,031-B,B,33,2,0,212,0,0,4
40,2011,18001,acaponeta,32,032-B,B,71,18,1,183,0,0,0
41,2011,18001,acaponeta,33,033-B,B,207,83,3,207,5,1,23
42,2011,18001,acaponeta,34,034-B,B,65,13,0,59,0,0,4
43,2011,18001,acaponeta,34,034-E,E,28,13,1,12,0,0,2
44,2011,18001,acaponeta,35,035-B,B,16,7,0,41,0,0,7
45,2011,18001,acaponeta,36,036-B,B,196,74,5,239,1,0,5
46,2011,18001,acaponeta,37,037-B,B,40,56,1,88,0,0,0
47,2011,18001,acaponeta,38,038-B,B,181,111,0,353,0,0,20
48,2011,18001,acaponeta,39,039-B,B,186,96,1,252,1,1,21
49,2011,18001,acaponeta,40,040-B,B,83,106,1,220,0,0,17
50,2011,18001,acaponeta,40,040-E,E,78,12,0,48,0,0,0
51,2011,18001,acaponeta,41,041-B,B,96,34,1,105,0,0,0
52,2011,18001,acaponeta,42,042-B,B,8,22,3,25,2,0,2
53,2011,18001,acaponeta,43,043-B,B,88,104,6,238,7,0,0
54,2011,18001,acaponeta,44,044-B,B,24,4,1,66,0,0,3
55,2011,18001,acaponeta,45,045-B,B,48,45,0,54,0,0,0
56,2011,18001,acaponeta,46,046-B,B,387,55,9,75,2,0,42
57,2011,18001,acaponeta,47,047-B,B,143,128,4,129,3,0,0
58,2011,18001,acaponeta,47,047-E,E,30,10,0,20,0,0,2
59,2011,18001,acaponeta,48,048-B,B,69,17,1,37,1,0,0
60,2011,18002,ahuacatlan,49,049-B,B,149,12,2,117,133,0,9
61,2011,18002,ahuacatlan,50,050-B,B,269,15,3,99,111,0,21
62,2011,18002,ahuacatlan,51,051-B,B,194,17,1,98,156,1,21
63,2011,18002,ahuacatlan,52,052-B,B,144,10,3,105,99,0,11
64,2011,18002,ahuacatlan,52,052-C,C,133,13,3,89,110,0,16
65,2011,18002,ahuacatlan,53,053-B,B,129,8,0,83,89,0,4
66,2011,18002,ahuacatlan,53,053-C,C,151,8,1,83,98,0,7
67,2011,18002,ahuacatlan,54,054-B,B,210,7,0,85,103,0,0
68,2011,18002,ahuacatlan,54,054-C,C,179,8,0,82,104,0,15
69,2011,18002,ahuacatlan,55,055-B,B,85,7,1,77,17,0,7
70,2011,18002,ahuacatlan,56,056-B,B,197,11,2,215,32,0,13
71,2011,18002,ahuacatlan,57,057-B,B,149,28,1,307,84,0,15
72,2011,18002,ahuacatlan,58,058-B,B,129,14,2,163,43,0,8
73,2011,18002,ahuacatlan,59,059-B,B,182,29,1,208,44,2,12
74,2011,18002,ahuacatlan,59,059-C,C,196,12,0,189,37,0,0
75,2011,18002,ahuacatlan,60,060-B,B,130,14,3,178,53,0,22
76,2011,18002,ahuacatlan,61,061-B,B,171,14,1,224,63,0,20
77,2011,18002,ahuacatlan,61,061-E,E,44,5,0,37,13,0,4
78,2011,18002,ahuacatlan,62,062-B,B,60,5,1,70,19,0,7
79,2011,18002,ahuacatlan,63,063-B,B,34,2,4,110,40,1,4
80,2011,18002,ahuacatlan,64,064-B,B,40,8,3,83,21,0,6
81,2011,18002,ahuacatlan,65,065-B,B,118,10,1,151,18,1,12
82,2011,18002,ahuacatlan,65,065-E,E,39,2,0,101,23,0,2
83,2011,18003,amatlan de cañas,66,066-B,B,151,6,93,54,6,0,11
84,2011,18003,amatlan de cañas,67,067-B,B,261,49,137,66,7,0,22
85,2011,18003,amatlan de cañas,68,068-B,B,271,8,108,129,1,0,9
86,2011,18003,amatlan de cañas,69,069-B,B,167,12,72,50,4,0,7
87,2011,18003,amatlan de cañas,70,070-B,B,50,4,69,20,1,0,6
88,2011,18003,amatlan de cañas,71,071-B,B,67,2,47,19,4,0,8
89,2011,18003,amatlan de cañas,72,072-B,B,28,0,18,21,0,0,2
90,2011,18003,amatlan de cañas,73,073-B,B,37,1,5,17,1,0,0
91,2011,18003,amatlan de cañas,74,074-B,B,23,3,37,51,76,0,14
92,2011,18003,amatlan de cañas,74,074-E,E,33,1,28,6,9,0,5
93,2011,18003,amatlan de cañas,75,075-B,B,150,4,53,93,4,0,19
94,2011,18003,amatlan de cañas,76,076-B,B,30,2,48,8,2,0,7
95,2011,18003,amatlan de cañas,77,077-B,B,115,12,118,30,15,0,23
96,2011,18003,amatlan de cañas,78,078-B,B,120,15,169,93,31,0,23
97,2011,18003,amatlan de cañas,79,079-B,B,186,41,203,104,5,0,31
98,2011,18003,amatlan de cañas,80,080-B,B,59,2,245,19,10,0,18
99,2011,18003,amatlan de cañas,81,081-B,B,39,1,104,10,0,0,6
100,2011,18003,amatlan de cañas,82,082-B,B,112,4,206,16,5,0,11
101,2011,18003,amatlan de cañas,83,083-B,B,108,2,248,51,3,0,15
102,2011,18003,amatlan de cañas,84,084-B,B,33,2,17,26,1,0,4
103,2011,18003,amatlan de cañas,86,086-B,B,60,3,52,85,1,0,13
104,2011,18003,amatlan de cañas,87,087-B,B,40,2,13,6,0,0,2
105,2011,18003,amatlan de cañas,88,088-B,B,127,2,11,117,1,0,3
106,2011,18003,amatlan de cañas,89,089-B,B,116,8,106,16,2,0,17
107,2011,18020,bahia banderas,90,090-B,B,156,94,4,157,33,0,11
108,2011,18020,bahia banderas,90,090-C1,C1,128,90,2,147,28,0,13
109,2011,18020,bahia banderas,90,090-C2,C2,134,87,2,154,29,1,15
110,2011,18020,bahia banderas,90,090-C3,C3,134,90,2,156,21,1,10
111,2011,18020,bahia banderas,90,090-C4,C4,130,101,0,138,23,0,10
112,2011,18020,bahia banderas,90,090-C5,C5,126,106,1,157,23,0,11
113,2011,18020,bahia banderas,90,090-C6,C6,140,114,2,139,32,0,13
114,2011,18020,bahia banderas,90,090-C7,C7,138,98,4,128,29,0,17
115,2011,18020,bahia banderas,90,090-C8,C8,133,92,0,148,18,0,18
116,2011,18020,bahia banderas,90,090-E,E,116,56,0,167,11,0,5
117,2011,18020,bahia banderas,91,091-B,B,169,107,0,239,12,0,14
118,2011,18020,bahia banderas,92,092-B,B,142,86,1,164,15,0,17
119,2011,18020,bahia banderas,93,093-B,B,39,10,1,65,1,0,6
120,2011,18020,bahia banderas,94,094-B,B,129,16,0,215,8,0,0
121,2011,18020,bahia banderas,95,095-B,B,53,51,0,92,8,0,8
122,2011,18020,bahia banderas,95,095-E,E,78,45,0,93,3,0,0
123,2011,18020,bahia banderas,96,096-B,B,246,39,0,120,2,0,7
124,2011,18020,bahia banderas,96,096-C,C,230,39,1,149,4,0,11
125,2011,18020,bahia banderas,97,097-B,B,156,23,0,232,2,0,12
126,2011,18020,bahia banderas,97,097-C,C,164,28,0,183,5,0,9
127,2011,18020,bahia banderas,98,098-B,B,267,45,2,256,4,1,13
128,2011,18020,bahia banderas,98,098-C,C,219,43,2,301,6,0,12
129,2011,18020,bahia banderas,98,098-E1,E1,113,35,0,103,4,0,11
130,2011,18020,bahia banderas,98,098-E2,E2,98,11,1,104,3,0,5
131,2011,18020,bahia banderas,99,099-B,B,132,86,1,248,21,0,25
132,2011,18020,bahia banderas,100,100-B,B,87,83,0,226,26,0,11
133,2011,18020,bahia banderas,100,100-C,C,90,90,1,212,34,0,11
134,2011,18020,bahia banderas,101,101-B,B,132,99,3,215,15,0,17
135,2011,18020,bahia banderas,101,101-C,C,104,123,1,187,19,0,11
136,2011,18020,bahia banderas,102,102-B,B,158,62,3,159,66,0,21
137,2011,18020,bahia banderas,102,102-C,C,157,71,0,183,38,0,20
138,2011,18020,bahia banderas,103,103-B,B,103,59,0,223,8,0,7
139,2011,18020,bahia banderas,103,103-C,C,114,55,0,217,8,0,6
140,2011,18020,bahia banderas,104,104-B,B,161,84,2,282,21,0,21
141,2011,18020,bahia banderas,104,104-C,C,165,84,4,275,29,0,10
142,2011,18020,bahia banderas,105,105-B,B,157,219,2,76,4,0,16
143,2011,18020,bahia banderas,105,105-C,C,149,208,1,94,4,0,19
144,2011,18020,bahia banderas,106,106-B,B,167,189,2,75,4,0,20
145,2011,18020,bahia banderas,106,106-C,C,158,201,1,112,3,0,11
146,2011,18020,bahia banderas,107,107-B,B,174,139,0,56,6,1,23
147,2011,18020,bahia banderas,107,107-C,C,156,160,0,70,6,0,17
148,2011,18020,bahia banderas,107,107-E,E,217,46,0,95,3,0,12
149,2011,18020,bahia banderas,108,108-B,B,116,205,0,75,3,2,22
150,2011,18020,bahia banderas,108,108-C,C,114,221,0,67,10,0,16
151,2011,18020,bahia banderas,109,109-B,B,162,34,1,310,4,0,13
152,2011,18020,bahia banderas,110,110-B,B,161,49,0,304,7,0,13
153,2011,18020,bahia banderas,110,110-E,E,145,33,0,143,1,0,16
154,2011,18020,bahia banderas,111,111-B,B,137,125,1,209,16,0,22
155,2011,18020,bahia banderas,111,111-C1,C1,133,143,0,210,16,0,19
156,2011,18020,bahia banderas,111,111-C2,C2,141,127,1,174,12,0,20
157,2011,18020,bahia banderas,111,111-C3,C3,143,138,2,202,18,0,14
158,2011,18020,bahia banderas,112,112-B,B,155,107,1,198,14,1,18
159,2011,18020,bahia banderas,112,112-C1,C1,155,90,0,163,14,0,9
160,2011,18020,bahia banderas,112,112-C2,C2,157,91,0,159,17,0,16
161,2011,18020,bahia banderas,112,112-C3,C3,186,119,1,159,13,0,17
162,2011,18020,bahia banderas,113,113-B,B,145,36,0,130,3,1,10
163,2011,18020,bahia banderas,113,113-C,C,150,49,0,98,4,0,8
164,2011,18020,bahia banderas,114,114-B,B,168,22,0,170,7,0,17
165,2011,18020,bahia banderas,114,114-C1,C1,173,31,0,182,3,0,14
166,2011,18020,bahia banderas,114,114-C2,C2,173,23,1,192,11,2,11
167,2011,18020,bahia banderas,115,115-B,B,305,68,0,161,35,0,9
168,2011,18020,bahia banderas,115,115-C1,C1,315,58,2,165,31,0,11
169,2011,18020,bahia banderas,115,115-C2,C2,307,64,2,133,33,0,23
170,2011,18020,bahia banderas,115,115-C3,C3,325,68,3,161,32,0,27
171,2011,18020,bahia banderas,115,115-C4,C4,308,51,5,159,28,0,20
172,2011,18020,bahia banderas,116,116-B,B,269,56,2,167,24,0,17
173,2011,18020,bahia banderas,116,116-C1,C1,299,48,4,163,32,0,14
174,2011,18020,bahia banderas,116,116-C2,C2,270,69,3,169,30,2,18
175,2011,18020,bahia banderas,117,117-B,B,244,42,0,148,14,0,14
176,2011,18020,bahia banderas,117,117-C,C,246,50,0,157,13,0,1
177,2011,18020,bahia banderas,118,118-B,B,260,47,3,182,16,0,11
178,2011,18020,bahia banderas,118,118-C1,C1,264,46,2,182,18,0,19
179,2011,18020,bahia banderas,118,118-C2,C2,231,52,2,199,30,1,14
180,2011,18020,bahia banderas,118,118-C3,C3,272,62,2,181,17,0,14
181,2011,18020,bahia banderas,119,119-B,B,178,91,1,163,13,0,22
182,2011,18020,bahia banderas,119,119-C,C,241,68,2,176,16,0,19
183,2011,18020,bahia banderas,120,120-B,B,230,49,2,217,29,0,28
184,2011,18020,bahia banderas,120,120-C1,C1,214,52,5,188,34,1,36
185,2011,18020,bahia banderas,120,120-C2,C2,203,48,5,221,38,0,21
186,2011,18020,bahia banderas,121,121-B,B,158,40,0,223,12,0,7
187,2011,18020,bahia banderas,121,121-C,C,163,44,1,200,14,0,17
188,2011,18020,bahia banderas,122,122-B,B,149,30,2,162,31,0,5
189,2011,18020,bahia banderas,122,122-C,C,146,50,4,175,16,0,18
190,2011,18020,bahia banderas,123,123-B,B,132,19,0,88,15,0,11
191,2011,18020,bahia banderas,123,123-C,C,143,23,1,138,13,0,11
192,2011,18004,compostela,124,124-B,B,328,5,3,188,4,0,34
193,2011,18004,compostela,125,125-B,B,213,6,0,117,4,0,18
194,2011,18004,compostela,125,125-C,C,209,7,1,124,2,2,17
195,2011,18004,compostela,126,126-B,B,217,6,2,138,2,0,15
196,2011,18004,compostela,126,126-C,C,228,9,2,143,4,0,12
197,2011,18004,compostela,127,127-B,B,332,9,1,146,2,0,12
198,2011,18004,compostela,128,128-B,B,357,9,1,203,2,0,13
199,2011,18004,compostela,129,129-B,B,243,5,2,145,2,0,10
200,2011,18004,compostela,129,129-C,C,230,4,1,136,0,0,11
201,2011,18004,compostela,130,130-B,B,253,3,0,176,2,0,11
202,2011,18004,compostela,131,131-B,B,255,6,1,193,6,0,12
203,2011,18004,compostela,132,132-B,B,248,8,0,126,7,0,14
204,2011,18004,compostela,132,132-C,C,252,12,2,112,8,0,19
205,2011,18004,compostela,133,133-B,B,238,8,0,161,6,0,10
206,2011,18004,compostela,133,133-C,C,255,11,1,170,4,0,17
207,2011,18004,compostela,134,134-B,B,189,3,0,110,8,0,14
208,2011,18004,compostela,134,134-C,C,183,2,0,120,5,0,9
209,2011,18004,compostela,135,135-B,B,287,6,2,284,8,0,17
210,2011,18004,compostela,136,136-B,B,265,7,2,283,4,0,5
211,2011,18004,compostela,137,137-B,B,214,4,0,167,5,0,8
212,2011,18004,compostela,137,137-E,E,182,20,1,153,2,0,11
213,2011,18004,compostela,138,138-B,B,203,3,1,115,4,0,18
214,2011,18004,compostela,139,139-B,B,176,46,3,135,8,0,18
215,2011,18004,compostela,140,140-B,B,207,6,1,113,1,0,14
216,2011,18004,compostela,141,141-B,B,225,14,3,150,4,0,15
217,2011,18004,compostela,142,142-B,B,47,5,0,39,0,0,9
218,2011,18004,compostela,143,143-B,B,55,9,1,56,1,0,7
219,2011,18004,compostela,143,143-E,E,72,1,0,16,1,0,0
220,2011,18004,compostela,144,144-B,B,246,18,0,166,5,0,0
221,2011,18004,compostela,145,145-B,B,170,11,0,164,0,0,10
222,2011,18004,compostela,145,145-E,E,75,4,0,20,6,0,5
223,2011,18004,compostela,146,146-B,B,62,2,0,37,6,0,4
224,2011,18004,compostela,147,147-B,B,174,7,0,80,5,0,8
225,2011,18004,compostela,148,148-B,B,205,25,0,159,27,0,18
226,2011,18004,compostela,149,149-B,B,191,18,0,129,17,0,14
227,2011,18004,compostela,150,150-B,B,162,16,3,130,45,0,0
228,2011,18004,compostela,151,151-B,B,112,39,0,134,22,0,0
229,2011,18004,compostela,151,151-C,C,123,36,2,126,24,0,28
230,2011,18004,compostela,152,152-B,B,237,22,1,157,34,0,0
231,2011,18004,compostela,153,153-B,B,99,12,3,20,2,0,7
232,2011,18004,compostela,154,154-B,B,220,12,1,29,5,0,3
233,2011,18004,compostela,155,155-B,B,195,7,0,107,2,0,9
234,2011,18004,compostela,156,156-B,B,122,8,1,144,3,0,10
235,2011,18004,compostela,157,157-B,B,147,35,4,98,3,0,0
236,2011,18004,compostela,157,157-E,E,41,2,0,30,5,0,4
237,2011,18004,compostela,158,158-B,B,281,40,17,114,20,0,35
238,2011,18004,compostela,159,159-B,B,215,54,8,111,9,0,0
239,2011,18004,compostela,160,160-B,B,225,33,6,103,22,0,19
240,2011,18004,compostela,161,161-B,B,178,23,10,64,7,0,12
241,2011,18004,compostela,161,161-C,C,211,25,8,54,16,0,0
242,2011,18004,compostela,162,162-B,B,168,17,2,89,21,0,11
243,2011,18004,compostela,163,163-B,B,177,47,0,121,15,0,24
244,2011,18004,compostela,164,164-B,B,220,48,0,120,17,0,0
245,2011,18004,compostela,165,165-B,B,247,23,6,131,21,0,12
246,2011,18004,compostela,166,166-B,B,191,34,10,141,55,0,0
247,2011,18004,compostela,167,167-B,B,180,21,3,98,19,0,11
248,2011,18004,compostela,167,167-C,C,162,18,4,74,22,0,9
249,2011,18004,compostela,168,168-B,B,181,20,7,101,19,0,16
250,2011,18004,compostela,168,168-C,C,189,21,1,91,23,0,18
251,2011,18004,compostela,169,169-B,B,268,28,2,120,23,0,18
252,2011,18004,compostela,170,170-B,B,76,16,2,63,7,0,5
253,2011,18004,compostela,171,171-B,B,146,4,2,111,1,0,2
254,2011,18004,compostela,171,171-C,C,173,4,1,128,1,1,5
255,2011,18004,compostela,172,172-B,B,58,9,3,15,1,0,4
256,2011,18004,compostela,173,173-B,B,100,25,2,141,7,0,8
257,2011,18004,compostela,173,173-C,C,145,23,2,91,3,0,0
258,2011,18004,compostela,174,174-B,B,22,8,0,56,1,0,1
259,2011,18004,compostela,175,175-B,B,108,6,0,190,0,0,7
260,2011,18004,compostela,176,176-B,B,185,15,1,202,0,0,0
261,2011,18004,compostela,177,177-B,B,98,4,0,183,1,2,16
262,2011,18004,compostela,177,177-C,C,79,16,1,200,3,2,19
263,2011,18004,compostela,178,178-B,B,117,30,2,116,3,0,0
264,2011,18004,compostela,179,179-B,B,129,44,2,113,3,0,10
265,2011,18004,compostela,180,180-B,B,180,111,0,139,1,0,17
266,2011,18004,compostela,181,181-B,B,42,3,0,23,2,0,4
267,2011,18004,compostela,181,181-E,E,36,3,0,73,10,0,2
268,2011,18004,compostela,182,182-B,B,55,7,1,69,3,0,0
269,2011,18004,compostela,183,183-B,B,237,58,9,128,7,0,13
270,2011,18004,compostela,184,184-B,B,139,39,2,99,6,0,15
271,2011,18004,compostela,184,184-C,C,150,34,2,98,11,0,9
272,2011,18004,compostela,185,185-B,B,131,37,1,106,7,0,6
273,2011,18004,compostela,185,185-C,C,112,24,4,106,17,0,10
274,2011,18004,compostela,186,186-B,B,185,44,4,137,6,0,0
275,2011,18004,compostela,187,187-B,B,203,34,11,142,7,0,7
276,2011,18004,compostela,188,188-B,B,211,81,7,156,14,1,9
277,2011,18004,compostela,189,189-B,B,208,68,8,233,12,0,0
278,2011,18004,compostela,190,190-B,B,94,156,7,132,11,0,9
279,2011,18004,compostela,190,190-C,C,112,131,6,142,10,0,9
280,2011,18004,compostela,190,190-E1,E1,177,81,18,119,9,0,11
281,2011,18004,compostela,190,190-E1C,E1C,171,64,9,129,6,0,12
282,2011,18004,compostela,190,190-E2,E2,78,35,4,95,2,1,4
283,2011,18004,compostela,191,191-B,B,55,9,0,28,0,0,0
284,2011,18004,compostela,191,191-E,E,17,0,0,26,0,0,0
285,2011,18004,compostela,192,192-B,B,166,49,2,99,26,0,0
286,2011,18004,compostela,192,192-C,C,152,58,6,138,35,0,17
287,2011,18004,compostela,193,193-B,B,56,18,0,58,2,0,5
288,2011,18004,compostela,194,194-B,B,70,31,1,105,6,0,8
289,2011,18004,compostela,195,195-B,B,122,10,1,75,17,0,13
290,2011,18005,huajicori,196,196-B,B,5,240,0,170,0,1,11
291,2011,18005,huajicori,196,196-C,C,12,207,0,192,0,0,10
292,2011,18005,huajicori,197,197-B,B,13,187,0,188,1,0,0
293,2011,18005,huajicori,197,197-C,C,2,179,0,200,2,0,17
294,2011,18005,huajicori,198,198-B,B,5,76,1,102,0,0,0
295,2011,18005,huajicori,199,199-B,B,2,94,1,74,1,0,7
296,2011,18005,huajicori,200,200-B,B,1,31,0,118,1,0,3
297,2011,18005,huajicori,201,201-B,B,2,28,0,47,0,0,0
298,2011,18005,huajicori,201,201-E,E,1,12,1,60,0,0,0
299,2011,18005,huajicori,202,202-B,B,1,169,0,166,1,0,15
300,2011,18005,huajicori,202,202-E,E,4,30,0,43,0,0,0
301,2011,18005,huajicori,203,203-B,B,4,58,0,65,0,0,0
302,2011,18005,huajicori,203,203-E1,E1,3,91,0,30,0,0,13
303,2011,18005,huajicori,203,203-E2,E2,0,46,2,94,0,0,5
304,2011,18005,huajicori,204,204-B,B,3,52,0,66,0,0,0
305,2011,18005,huajicori,205,205-B,B,5,75,0,73,0,0,0
306,2011,18005,huajicori,206,206-B,B,2,59,0,132,0,0,4
307,2011,18005,huajicori,207,207-B,B,1,31,0,56,0,0,1
308,2011,18005,huajicori,207,207-E1,E1,0,18,0,36,0,0,0
309,2011,18005,huajicori,207,207-E2,E2,1,48,1,28,0,0,1
310,2011,18005,huajicori,208,208-B,B,9,144,0,145,2,0,9
311,2011,18005,huajicori,209,209-B,B,0,26,0,42,0,0,4
312,2011,18005,huajicori,209,209-E,E,1,34,0,64,0,0,0
313,2011,18005,huajicori,210,210-B,B,7,66,1,74,0,0,9
314,2011,18005,huajicori,210,210-E,E,0,33,0,24,0,0,0
315,2011,18005,huajicori,211,211-B,B,0,66,1,96,0,0,0
316,2011,18005,huajicori,212,212-B,B,2,32,0,50,0,0,1
317,2011,18005,huajicori,212,212-E,E,1,60,0,32,0,0,0
318,2011,18005,huajicori,213,213-B,B,1,12,0,48,0,0,1
319,2011,18005,huajicori,213,213-E,E,2,57,0,68,0,0,2
320,2011,18005,huajicori,214,214-B,B,4,64,4,75,0,0,11
321,2011,18005,huajicori,214,214-E,E,1,23,1,33,0,0,5
322,2011,18006,ixtlan del rio,215,215-B,B,332,101,5,86,20,0,18
323,2011,18006,ixtlan del rio,215,215-C,C,333,90,8,100,28,0,22
324,2011,18006,ixtlan del rio,216,216-B,B,370,97,4,92,14,0,14
325,2011,18006,ixtlan del rio,216,216-C,C,349,107,2,90,20,0,18
326,2011,18006,ixtlan del rio,217,217-B,B,176,61,1,50,7,0,9
327,2011,18006,ixtlan del rio,217,217-C,C,169,53,3,54,24,0,14
328,2011,18006,ixtlan del rio,218,218-B,B,311,72,5,96,31,0,16
329,2011,18006,ixtlan del rio,218,218-C,C,314,77,8,96,26,0,22
330,2011,18006,ixtlan del rio,219,219-B,B,110,49,3,105,19,0,16
331,2011,18006,ixtlan del rio,219,219-C,C,101,56,7,98,22,1,7
332,2011,18006,ixtlan del rio,220,220-B,B,161,52,4,63,9,0,18
333,2011,18006,ixtlan del rio,220,220-C,C,148,58,1,75,13,1,17
334,2011,18006,ixtlan del rio,221,221-B,B,214,135,3,122,11,0,19
335,2011,18006,ixtlan del rio,222,222-B,B,299,149,5,123,7,0,13
336,2011,18006,ixtlan del rio,223,223-B,B,196,92,2,77,9,0,7
337,2011,18006,ixtlan del rio,223,223-C,C,208,68,0,103,6,0,13
338,2011,18006,ixtlan del rio,224,224-B,B,379,64,5,100,7,0,17
339,2011,18006,ixtlan del rio,225,225-B,B,239,71,4,98,20,0,14
340,2011,18006,ixtlan del rio,226,226-B,B,197,99,0,176,11,0,13
341,2011,18006,ixtlan del rio,227,227-B,B,176,86,3,90,12,0,8
342,2011,18006,ixtlan del rio,228,228-B,B,156,92,2,104,6,0,6
343,2011,18006,ixtlan del rio,229,229-B,B,262,79,5,105,7,0,16
344,2011,18006,ixtlan del rio,230,230-B,B,230,102,12,182,37,1,26
345,2011,18006,ixtlan del rio,231,231-B,B,247,147,6,103,8,0,0
346,2011,18006,ixtlan del rio,232,232-B,B,45,7,2,82,7,0,13
347,2011,18006,ixtlan del rio,232,232-E1,E1,95,0,2,23,1,0,5
348,2011,18006,ixtlan del rio,232,232-E2,E2,40,12,1,14,7,0,3
349,2011,18006,ixtlan del rio,233,233-B,B,67,42,2,87,9,0,18
350,2011,18006,ixtlan del rio,234,234-B,B,68,24,2,69,10,0,9
351,2011,18006,ixtlan del rio,235,235-B,B,60,61,6,80,2,0,13
352,2011,18006,ixtlan del rio,236,236-B,B,117,84,4,93,12,0,14
353,2011,18006,ixtlan del rio,236,236-C,C,102,86,4,119,13,0,7
354,2011,18006,ixtlan del rio,237,237-B,B,52,10,1,41,0,0,5
355,2011,18006,ixtlan del rio,238,238-B,B,61,35,4,91,4,0,14
356,2011,18007,jala,239,239-B,B,168,51,1,172,4,0,12
357,2011,18007,jala,240,240-B,B,154,48,0,124,2,0,15
358,2011,18007,jala,241,241-B,B,274,88,0,241,7,0,17
359,2011,18007,jala,242,242-B,B,267,99,2,228,3,0,14
360,2011,18007,jala,243,243-B,B,180,94,1,144,2,0,10
361,2011,18007,jala,244,244-B,B,132,50,2,149,7,0,11
362,2011,18007,jala,244,244-C,C,148,57,0,143,4,0,10
363,2011,18007,jala,245,245-B,B,63,19,0,32,0,0,0
364,2011,18007,jala,246,246-B,B,4,21,0,61,1,0,0
365,2011,18007,jala,246,246-E,E,27,44,0,36,0,0,0
366,2011,18007,jala,247,247-B,B,89,21,0,116,0,0,7
367,2011,18007,jala,248,248-B,B,152,146,0,91,5,0,19
368,2011,18007,jala,248,248-C,C,140,173,4,65,7,0,9
369,2011,18007,jala,249,249-B,B,244,190,3,132,7,0,28
370,2011,18007,jala,250,250-B,B,127,102,2,94,92,0,0
371,2011,18007,jala,251,251-B,B,112,77,0,95,21,0,0
372,2011,18007,jala,252,252-B,B,260,145,1,164,10,0,43
373,2011,18007,jala,252,252-E,E,73,45,0,88,8,0,5
374,2011,18007,jala,253,253-B,B,189,74,1,121,26,1,14
375,2011,18007,jala,253,253-C,C,174,58,1,141,37,0,23
376,2011,18007,jala,254,254-B,B,212,139,0,162,32,0,23
377,2011,18007,jala,255,255-B,B,149,40,0,100,22,0,12
378,2011,18007,jala,256,256-B,B,188,44,0,152,29,0,19
379,2011,18009,el nayar,257,257-B,B,313,63,3,159,19,1,40
380,2011,18009,el nayar,258,258-B,B,243,65,1,149,5,0,63
381,2011,18009,el nayar,258,258-C,C,253,83,0,137,5,0,0
382,2011,18009,el nayar,259,259-B,B,166,51,3,171,1,0,0
383,2011,18009,el nayar,259,259-C,C,175,24,6,135,1,0,32
384,2011,18009,el nayar,259,259-E,E,89,62,9,118,4,0,52
385,2011,18009,el nayar,259,259-EC,EC,134,55,7,198,9,0,40
386,2011,18009,el nayar,260,260-B,B,153,17,0,102,0,0,0
387,2011,18009,el nayar,260,260-E,E,90,46,1,20,2,0,0
388,2011,18009,el nayar,261,261-B,B,180,38,0,101,6,0,33
389,2011,18009,el nayar,262,262-B,B,122,32,7,145,0,0,14
390,2011,18009,el nayar,262,262-E,E,126,9,1,64,0,0,10
391,2011,18009,el nayar,263,263-B,B,26,9,0,34,19,0,0
392,2011,18009,el nayar,264,264-B,B,111,49,0,40,0,0,18
393,2011,18009,el nayar,264,264-E,E,44,6,0,23,1,0,1
394,2011,18009,el nayar,265,265-B,B,145,10,1,64,0,0,0
395,2011,18009,el nayar,266,266-B,B,128,66,0,48,0,0,0
396,2011,18009,el nayar,267,267-B,B,224,37,2,92,7,0,60
397,2011,18009,el nayar,267,267-C,C,228,45,2,98,3,0,66
398,2011,18009,el nayar,267,267-E1,E1,138,16,3,32,0,0,0
399,2011,18009,el nayar,267,267-E2,E2,94,47,0,35,0,0,9
400,2011,18009,el nayar,268,268-B,B,122,0,1,125,0,0,5
401,2011,18009,el nayar,268,268-E1,E1,109,4,0,67,0,0,0
402,2011,18009,el nayar,268,268-E2,E2,126,3,3,148,3,0,9
403,2011,18009,el nayar,269,269-B,B,154,59,4,183,0,0,0
404,2011,18009,el nayar,270,270-B,B,224,37,2,121,1,0,102
405,2011,18009,el nayar,270,270-C,C,207,34,2,89,13,0,23
406,2011,18009,el nayar,270,270-E,E,168,1,3,63,0,0,14
407,2011,18009,el nayar,271,271-B,B,141,8,1,75,0,0,9
408,2011,18009,el nayar,271,271-E1,E1,161,13,2,70,3,0,15
409,2011,18009,el nayar,272,272-B,B,210,4,1,212,1,0,15
410,2011,18009,el nayar,273,273-B,B,176,4,2,153,0,0,0
411,2011,18009,el nayar,273,273-E,E,202,0,2,50,0,0,6
412,2011,18009,el nayar,274,274-B,B,219,20,1,240,1,0,41
413,2011,18009,el nayar,275,275-B,B,55,3,0,76,0,0,0
414,2011,18009,el nayar,275,275-E,E,123,3,0,76,0,0,0
415,2011,18009,el nayar,276,276-B,B,153,3,0,135,0,0,7
416,2011,18009,el nayar,276,276-E1,E1,166,3,0,78,0,0,8
417,2011,18009,el nayar,276,276-E2,E2,265,3,0,42,1,0,3
418,2011,18010,rosamorada,277,277-B,B,154,142,3,249,4,0,19
419,2011,18010,rosamorada,277,277-E,E,39,19,0,42,1,0,1
420,2011,18010,rosamorada,278,278-B,B,36,38,0,87,4,0,5
421,2011,18010,rosamorada,278,278-E,E,105,28,1,80,0,0,0
422,2011,18010,rosamorada,279,279-B,B,44,39,1,72,0,0,0
423,2011,18010,rosamorada,280,280-B,B,52,56,3,75,3,0,8
424,2011,18010,rosamorada,281,281-B,B,113,95,10,198,10,0,13
425,2011,18010,rosamorada,282,282-B,B,119,67,0,212,2,0,10
426,2011,18010,rosamorada,283,283-B,B,48,196,1,137,0,0,0
427,2011,18010,rosamorada,284,284-B,B,63,10,0,62,1,0,2
428,2011,18010,rosamorada,285,285-B,B,113,66,7,78,1,0,16
429,2011,18010,rosamorada,286,286-B,B,122,89,0,241,0,0,0
430,2011,18010,rosamorada,286,286-E,E,34,9,0,68,0,0,4
431,2011,18010,rosamorada,287,287-B,B,85,104,1,182,1,0,0
432,2011,18010,rosamorada,288,288-B,B,196,76,4,241,2,0,23
433,2011,18010,rosamorada,289,289-B,B,130,110,2,313,10,0,23
434,2011,18010,rosamorada,290,290-B,B,112,88,1,245,4,0,17
435,2011,18010,rosamorada,291,291-B,B,202,77,1,324,2,0,22
436,2011,18010,rosamorada,291,291-E,E,19,15,2,43,0,0,4
437,2011,18010,rosamorada,292,292-B,B,82,5,1,98,2,0,0
438,2011,18010,rosamorada,292,292-E,E,43,5,0,43,0,0,2
439,2011,18010,rosamorada,293,293-B,B,54,25,1,78,5,1,5
440,2011,18010,rosamorada,294,294-B,B,40,27,1,54,2,0,3
441,2011,18010,rosamorada,295,295-B,B,257,82,1,147,0,0,12
442,2011,18010,rosamorada,296,296-B,B,218,16,0,174,1,0,8
443,2011,18010,rosamorada,297,297-B,B,103,52,0,182,3,0,0
444,2011,18010,rosamorada,298,298-B,B,122,22,1,200,11,0,7
445,2011,18010,rosamorada,299,299-B,B,125,18,2,172,6,1,0
446,2011,18010,rosamorada,300,300-B,B,154,29,0,189,22,0,15
447,2011,18010,rosamorada,301,301-B,B,70,39,1,282,2,0,7
448,2011,18010,rosamorada,301,301-C,C,80,28,0,231,0,0,10
449,2011,18010,rosamorada,302,302-B,B,122,118,0,320,2,0,0
450,2011,18010,rosamorada,303,303-B,B,94,59,0,177,1,0,0
451,2011,18010,rosamorada,304,304-B,B,131,108,0,170,1,0,11
452,2011,18010,rosamorada,305,305-B,B,100,69,0,102,11,0,39
453,2011,18010,rosamorada,306,306-B,B,258,153,0,159,12,0,17
454,2011,18010,rosamorada,307,307-B,B,114,69,0,169,6,0,9
455,2011,18010,rosamorada,308,308-B,B,157,42,0,186,0,0,7
456,2011,18010,rosamorada,309,309-B,B,76,221,1,180,2,0,12
457,2011,18010,rosamorada,310,310-B,B,49,189,0,105,3,0,24
458,2011,18010,rosamorada,310,310-C,C,49,182,1,108,0,0,15
459,2011,18010,rosamorada,311,311-B,B,24,204,0,132,6,0,24
460,2011,18010,rosamorada,311,311-C,C,28,208,1,120,1,1,20
461,2011,18010,rosamorada,311,311-E,E,18,50,0,95,12,0,10
462,2011,18010,rosamorada,312,312-B,B,39,168,2,168,8,0,25
463,2011,18010,rosamorada,313,313-B,B,16,272,1,62,2,0,0
464,2011,18010,rosamorada,314,314-B,B,102,78,1,182,3,0,14
465,2011,18010,rosamorada,315,315-B,B,157,124,0,137,1,0,18
466,2011,18010,rosamorada,316,316-B,B,29,4,1,40,1,0,2
467,2011,18010,rosamorada,316,316-E1,E1,24,29,0,32,2,0,3
468,2011,18010,rosamorada,316,316-E2,E2,4,17,0,27,0,0,2
469,2011,18010,rosamorada,317,317-B,B,125,17,0,105,2,0,10
470,2011,18010,rosamorada,318,318-B,B,124,22,0,135,1,0,4
471,2011,18010,rosamorada,319,319-B,B,53,38,2,61,1,0,46
472,2011,18011,ruiz,320,320-B,B,203,71,1,187,8,1,10
473,2011,18011,ruiz,320,320-C,C,214,67,5,176,5,1,13
474,2011,18011,ruiz,321,321-B,B,259,46,9,255,8,3,16
475,2011,18011,ruiz,322,322-B,B,294,82,0,207,3,1,14
476,2011,18011,ruiz,323,323-B,B,173,50,7,117,7,0,16
477,2011,18011,ruiz,323,323-C,C,154,85,1,136,4,0,24
478,2011,18011,ruiz,324,324-B,B,233,94,4,181,7,0,21
479,2011,18011,ruiz,325,325-B,B,101,39,0,168,1,1,6
480,2011,18011,ruiz,326,326-B,B,136,63,1,249,3,1,8
481,2011,18011,ruiz,327,327-B,B,208,96,5,164,3,0,20
482,2011,18011,ruiz,328,328-B,B,278,45,3,239,2,0,12
483,2011,18011,ruiz,329,329-B,B,231,66,1,223,3,0,11
484,2011,18011,ruiz,330,330-B,B,112,27,1,144,2,0,1
485,2011,18011,ruiz,331,331-B,B,196,84,5,187,6,0,17
486,2011,18011,ruiz,332,332-B,B,14,3,0,84,0,0,0
487,2011,18011,ruiz,333,333-B,B,129,33,0,131,11,1,18
488,2011,18011,ruiz,333,333-E,E,176,56,3,125,2,1,10
489,2011,18011,ruiz,334,334-B,B,59,9,1,50,0,0,5
490,2011,18011,ruiz,334,334-E,E,31,3,0,64,0,0,6
491,2011,18011,ruiz,335,335-B,B,34,22,0,42,1,0,12
492,2011,18011,ruiz,336,336-B,B,155,28,0,66,0,0,13
493,2011,18011,ruiz,337,337-B,B,157,62,2,168,4,1,20
494,2011,18011,ruiz,338,338-B,B,166,24,1,116,5,0,12
495,2011,18011,ruiz,339,339-B,B,42,35,0,39,0,0,4
496,2011,18011,ruiz,340,340-B,B,48,95,0,73,1,0,8
497,2011,18011,ruiz,341,341-B,B,181,101,5,84,1,0,10
498,2011,18011,ruiz,342,342-B,B,91,27,0,84,2,0,8
499,2011,18011,ruiz,343,343-B,B,184,170,3,170,2,0,15
500,2011,18011,ruiz,344,344-B,B,30,93,7,163,7,0,13
501,2011,18011,ruiz,345,345-B,B,91,14,1,142,0,0,5
502,2011,18011,ruiz,346,346-B,B,18,17,0,87,2,0,8
503,2011,18011,ruiz,346,346-E1,E1,28,47,1,62,2,0,15
504,2011,18011,ruiz,346,346-E2,E2,6,39,0,31,0,0,6
505,2011,18012,san blas,347,347-B,B,62,28,1,298,117,0,12
506,2011,18012,san blas,347,347-C,C,94,28,1,258,143,0,10
507,2011,18012,san blas,348,348-B,B,59,24,1,179,98,0,19
508,2011,18012,san blas,348,348-C,C,67,12,0,170,133,0,14
509,2011,18012,san blas,349,349-B,B,123,20,5,300,176,0,0
510,2011,18012,san blas,350,350-B,B,54,17,3,202,82,0,12
511,2011,18012,san blas,350,350-C,C,57,21,3,196,82,0,11
512,2011,18012,san blas,351,351-B,B,116,24,3,202,146,0,27
513,2011,18012,san blas,352,352-B,B,71,17,3,189,92,0,0
514,2011,18012,san blas,352,352-C,C,69,15,1,179,84,0,12
515,2011,18012,san blas,353,353-B,B,163,6,6,117,22,0,9
516,2011,18012,san blas,354,354-B,B,31,7,14,113,34,0,7
517,2011,18012,san blas,355,355-B,B,32,0,0,75,57,0,6
518,2011,18012,san blas,356,356-B,B,214,35,4,173,80,0,26
519,2011,18012,san blas,357,357-B,B,155,15,6,117,129,0,43
520,2011,18012,san blas,358,358-B,B,63,4,5,108,28,0,0
521,2011,18012,san blas,359,359-B,B,51,21,6,164,129,0,38
522,2011,18012,san blas,360,360-B,B,73,22,1,244,124,0,35
523,2011,18012,san blas,361,361-B,B,100,29,5,248,140,0,36
524,2011,18012,san blas,362,362-B,B,31,3,0,138,20,0,5
525,2011,18012,san blas,363,363-B,B,25,1,2,44,9,0,0
526,2011,18012,san blas,364,364-B,B,56,5,0,28,13,0,1
527,2011,18012,san blas,365,365-B,B,21,13,0,93,83,0,21
528,2011,18012,san blas,366,366-B,B,76,16,3,165,20,0,0
529,2011,18012,san blas,367,367-B,B,82,8,1,182,52,0,0
530,2011,18012,san blas,367,367-C,C,70,17,3,201,45,0,0
531,2011,18012,san blas,368,368-B,B,64,5,5,116,36,0,5
532,2011,18012,san blas,369,369-B,B,89,8,6,186,43,0,0
533,2011,18012,san blas,370,370-B,B,77,7,2,106,67,0,0
534,2011,18012,san blas,371,371-B,B,34,6,1,17,12,0,0
535,2011,18012,san blas,372,372-B,B,40,4,1,98,7,0,1
536,2011,18012,san blas,373,373-B,B,68,3,0,147,21,0,0
537,2011,18012,san blas,374,374-B,B,9,2,0,48,21,0,9
538,2011,18012,san blas,375,375-B,B,11,5,0,49,33,0,3
539,2011,18012,san blas,376,376-B,B,55,10,7,166,123,0,25
540,2011,18012,san blas,376,376-C,C,80,11,4,131,115,0,24
541,2011,18012,san blas,377,377-B,B,26,2,1,32,15,0,7
542,2011,18012,san blas,378,378-B,B,38,5,1,79,11,0,6
543,2011,18012,san blas,379,379-B,B,10,12,1,13,3,0,3
544,2011,18012,san blas,380,380-B,B,31,1,2,65,15,0,3
545,2011,18012,san blas,381,381-B,B,12,5,0,38,50,0,2
546,2011,18012,san blas,382,382-B,B,116,28,1,141,45,0,41
547,2011,18012,san blas,382,382-C,C,117,25,2,127,27,0,18
548,2011,18012,san blas,383,383-B,B,141,36,6,176,127,0,27
549,2011,18012,san blas,384,384-B,B,89,5,0,117,26,0,16
550,2011,18012,san blas,385,385-B,B,64,17,5,211,152,0,0
551,2011,18012,san blas,386,386-B,B,114,10,4,124,95,0,17
552,2011,18012,san blas,386,386-C,C,108,9,5,133,83,0,0
553,2011,18012,san blas,387,387-B,B,76,48,2,133,23,0,17
554,2011,18012,san blas,387,387-C,C,72,43,2,123,16,0,36
555,2011,18012,san blas,388,388-B,B,112,49,2,166,26,0,25
556,2011,18012,san blas,389,389-B,B,111,52,3,150,24,0,21
557,2011,18012,san blas,390,390-B,B,88,42,2,140,9,3,22
558,2011,18012,san blas,390,390-C,C,85,46,3,134,9,0,31
559,2011,18012,san blas,391,391-B,B,91,4,0,53,6,0,11
560,2011,18012,san blas,392,392-B,B,171,7,3,214,85,0,18
561,2011,18012,san blas,393,393-B,B,88,4,0,106,66,0,17
562,2011,18012,san blas,394,394-B,B,45,16,3,80,7,0,11
563,2011,18012,san blas,395,395-B,B,194,14,5,275,52,0,30
564,2011,18012,san blas,396,396-B,B,62,1,0,64,10,0,3
565,2011,18012,san blas,397,397-B,B,11,2,2,38,10,0,1
566,2011,18013,san pedro lagunillas,398,398-B,B,157,145,1,217,15,0,33
567,2011,18013,san pedro lagunillas,399,399-B,B,188,132,1,203,19,1,23
568,2011,18013,san pedro lagunillas,400,400-B,B,124,104,0,224,24,0,13
569,2011,18013,san pedro lagunillas,401,401-B,B,132,222,0,155,7,0,13
570,2011,18013,san pedro lagunillas,402,402-B,B,15,5,0,129,2,0,3
571,2011,18013,san pedro lagunillas,403,403-B,B,61,44,1,74,3,0,6
572,2011,18013,san pedro lagunillas,404,404-B,B,47,18,2,89,4,0,6
573,2011,18013,san pedro lagunillas,404,404-E,E,18,25,1,26,2,0,1
574,2011,18013,san pedro lagunillas,405,405-B,B,39,8,0,38,0,0,2
575,2011,18013,san pedro lagunillas,406,406-B,B,203,13,1,103,1,0,30
576,2011,18013,san pedro lagunillas,407,407-B,B,96,11,0,66,0,0,5
577,2011,18013,san pedro lagunillas,408,408-B,B,215,33,0,75,1,0,0
578,2011,18013,san pedro lagunillas,409,409-B,B,131,13,0,107,4,1,8
579,2011,18013,san pedro lagunillas,410,410-B,B,153,91,2,156,30,0,45
580,2011,18014,santa maria del oro,411,411-B,B,113,62,2,252,1,0,16
581,2011,18014,santa maria del oro,411,411-C,C,119,44,2,255,5,0,24
582,2011,18014,santa maria del oro,411,411-E,E,10,11,0,70,0,0,1
583,2011,18014,santa maria del oro,412,412-B,B,191,64,2,404,0,0,30
584,2011,18014,santa maria del oro,412,412-C,C,183,78,1,377,0,0,19
585,2011,18014,santa maria del oro,413,413-B,B,32,9,0,94,0,0,22
586,2011,18014,santa maria del oro,414,414-B,B,71,23,0,149,4,0,14
587,2011,18014,santa maria del oro,414,414-E,E,39,17,0,149,1,0,13
588,2011,18014,santa maria del oro,415,415-B,B,94,48,0,327,1,0,27
589,2011,18014,santa maria del oro,416,416-B,B,153,8,2,227,0,0,0
590,2011,18014,santa maria del oro,416,416-C,C,150,8,0,230,2,0,0
591,2011,18014,santa maria del oro,417,417-B,B,63,4,1,51,0,0,0
592,2011,18014,santa maria del oro,417,417-E,E,14,9,1,82,0,0,7
593,2011,18014,santa maria del oro,418,418-B,B,64,14,4,178,1,0,25
594,2011,18014,santa maria del oro,419,419-B,B,115,29,0,227,0,0,13
595,2011,18014,santa maria del oro,420,420-B,B,23,26,1,203,1,0,18
596,2011,18014,santa maria del oro,421,421-B,B,57,16,3,464,4,0,37
597,2011,18014,santa maria del oro,421,421-C,C,50,19,1,481,4,0,35
598,2011,18014,santa maria del oro,422,422-B,B,115,15,0,289,0,0,18
599,2011,18014,santa maria del oro,422,422-E,E,7,9,1,61,0,0,0
600,2011,18014,santa maria del oro,423,423-B,B,110,6,0,243,1,0,9
601,2011,18014,santa maria del oro,423,423-E,E,19,9,0,123,0,0,0
602,2011,18014,santa maria del oro,424,424-B,B,40,1,1,116,2,0,7
603,2011,18014,santa maria del oro,424,424-E,E,8,3,0,88,0,0,2
604,2011,18014,santa maria del oro,425,425-B,B,55,44,0,260,4,0,22
605,2011,18014,santa maria del oro,426,426-B,B,23,3,0,131,0,0,4
606,2011,18014,santa maria del oro,427,427-B,B,177,20,1,424,0,0,31
607,2011,18014,santa maria del oro,428,428-B,B,40,1,0,55,1,0,14
608,2011,18014,santa maria del oro,429,429-B,B,107,11,3,483,6,1,24
609,2011,18014,santa maria del oro,430,430-B,B,62,32,2,238,0,0,22
610,2011,18014,santa maria del oro,431,431-B,B,72,28,2,263,2,0,21
611,2011,18014,santa maria del oro,432,432-B,B,44,10,1,35,1,0,2
612,2011,18014,santa maria del oro,433,433-B,B,173,17,2,285,1,0,0
613,2011,18014,santa maria del oro,433,433-C,C,155,22,2,276,6,0,26
614,2011,18014,santa maria del oro,434,434-B,B,16,1,0,56,0,0,6
615,2011,18015,santiago ixc,435,435-B,B,72,200,2,160,6,0,27
616,2011,18015,santiago ixc,436,436-B,B,41,127,1,145,10,0,5
617,2011,18015,santiago ixc,436,436-C,C,39,150,0,146,9,0,0
618,2011,18015,santiago ixc,437,437-B,B,107,222,3,101,6,0,0
619,2011,18015,santiago ixc,437,437-C,C,102,209,1,214,5,0,20
620,2011,18015,santiago ixc,438,438-B,B,70,240,1,193,10,0,15
621,2011,18015,santiago ixc,439,439-B,B,87,99,0,98,3,0,4
622,2011,18015,santiago ixc,440,440-B,B,67,129,0,149,18,0,3
623,2011,18015,santiago ixc,441,441-B,B,91,252,1,153,6,0,20
624,2011,18015,santiago ixc,442,442-B,B,52,123,0,111,10,0,0
625,2011,18015,santiago ixc,442,442-C,C,51,158,0,109,5,0,0
626,2011,18015,santiago ixc,443,443-B,B,59,192,3,167,8,0,7
627,2011,18015,santiago ixc,444,444-B,B,52,94,1,104,2,0,5
628,2011,18015,santiago ixc,445,445-B,B,22,71,2,109,4,0,6
629,2011,18015,santiago ixc,446,446-B,B,43,146,1,170,15,0,2
630,2011,18015,santiago ixc,447,447-B,B,52,205,3,243,20,0,19
631,2011,18015,santiago ixc,448,448-B,B,50,185,1,188,9,0,11
632,2011,18015,santiago ixc,449,449-B,B,36,63,0,79,2,0,2
633,2011,18015,santiago ixc,450,450-B,B,37,159,8,154,3,0,10
634,2011,18015,santiago ixc,451,451-B,B,60,133,10,123,5,0,16
635,2011,18015,santiago ixc,451,451-C,C,46,127,2,137,3,0,0
636,2011,18015,santiago ixc,452,452-B,B,26,91,2,153,5,0,5
637,2011,18015,santiago ixc,453,453-B,B,15,80,0,78,9,0,6
638,2011,18015,santiago ixc,454,454-B,B,16,77,0,64,2,0,3
639,2011,18015,santiago ixc,455,455-B,B,24,158,1,101,9,0,13
640,2011,18015,santiago ixc,456,456-B,B,18,109,1,97,2,0,9
641,2011,18015,santiago ixc,457,457-B,B,185,18,1,194,2,0,0
642,2011,18015,santiago ixc,457,457-C,C,159,23,1,200,0,0,4
643,2011,18015,santiago ixc,458,458-B,B,155,243,0,164,7,0,8
644,2011,18015,santiago ixc,459,459-B,B,95,94,1,191,0,0,0
645,2011,18015,santiago ixc,459,459-C,C,123,101,0,152,0,0,20
646,2011,18015,santiago ixc,460,460-B,B,103,232,2,207,3,0,34
647,2011,18015,santiago ixc,460,460-E1,E1,18,47,0,27,1,0,6
648,2011,18015,santiago ixc,460,460-E2,E2,6,28,0,12,1,0,0
649,2011,18015,santiago ixc,461,461-B,B,168,83,4,155,3,0,11
650,2011,18015,santiago ixc,462,462-B,B,28,41,1,52,1,0,7
651,2011,18015,santiago ixc,463,463-B,B,68,140,1,266,4,0,21
652,2011,18015,santiago ixc,464,464-B,B,49,143,1,114,3,0,12
653,2011,18015,santiago ixc,465,465-B,B,166,137,6,223,1,0,0
654,2011,18015,santiago ixc,466,466-B,B,141,114,6,194,3,0,31
655,2011,18015,santiago ixc,467,467-B,B,16,127,0,52,1,0,11
656,2011,18015,santiago ixc,468,468-B,B,34,128,0,131,4,0,23
657,2011,18015,santiago ixc,469,469-B,B,34,134,6,138,14,0,12
658,2011,18015,santiago ixc,470,470-B,B,107,150,10,147,13,0,24
659,2011,18015,santiago ixc,471,471-B,B,9,167,7,115,2,0,0
660,2011,18015,santiago ixc,472,472-B,B,28,221,10,163,1,0,16
661,2011,18015,santiago ixc,473,473-B,B,22,202,15,127,1,0,11
662,2011,18015,santiago ixc,474,474-B,B,40,255,17,147,3,0,12
663,2011,18015,santiago ixc,475,475-B,B,60,91,2,95,1,0,0
664,2011,18015,santiago ixc,476,476-B,B,17,99,1,100,1,0,5
665,2011,18015,santiago ixc,477,477-B,B,24,88,1,80,1,0,21
666,2011,18015,santiago ixc,478,478-B,B,24,68,0,113,1,0,9
667,2011,18015,santiago ixc,478,478-E,E,3,63,1,27,0,0,2
668,2011,18015,santiago ixc,479,479-B,B,13,10,1,37,1,0,0
669,2011,18015,santiago ixc,480,480-B,B,17,66,1,33,2,0,0
670,2011,18015,santiago ixc,480,480-E1,E1,7,60,2,40,0,0,0
671,2011,18015,santiago ixc,480,480-E2,E2,3,43,0,21,1,0,2
672,2011,18015,santiago ixc,481,481-B,B,4,47,0,64,0,0,4
673,2011,18015,santiago ixc,482,482-B,B,40,109,2,122,3,0,13
674,2011,18015,santiago ixc,482,482-C,C,33,121,1,136,4,0,0
675,2011,18015,santiago ixc,483,483-B,B,36,130,0,160,0,0,0
676,2011,18015,santiago ixc,483,483-C,C,35,141,3,142,2,0,0
677,2011,18015,santiago ixc,484,484-B,B,61,202,1,244,5,0,0
678,2011,18015,santiago ixc,485,485-B,B,33,140,4,277,4,0,9
679,2011,18015,santiago ixc,486,486-B,B,5,65,1,109,3,1,7
680,2011,18015,santiago ixc,487,487-B,B,56,154,1,163,3,0,0
681,2011,18015,santiago ixc,487,487-E1,E1,59,62,0,64,1,0,3
682,2011,18015,santiago ixc,487,487-E2,E2,17,19,0,14,2,0,6
683,2011,18015,santiago ixc,488,488-B,B,29,200,1,209,1,0,18
684,2011,18015,santiago ixc,489,489-B,B,44,180,2,101,7,0,11
685,2011,18015,santiago ixc,489,489-E,E,20,33,1,44,0,0,6
686,2011,18015,santiago ixc,490,490-B,B,36,199,1,91,6,0,11
687,2011,18015,santiago ixc,491,491-B,B,100,71,0,117,2,0,14
688,2011,18015,santiago ixc,492,492-B,B,16,100,0,90,2,0,15
689,2011,18015,santiago ixc,493,493-B,B,89,265,5,178,1,0,25
690,2011,18015,santiago ixc,494,494-B,B,47,123,1,124,7,0,13
691,2011,18015,santiago ixc,495,495-B,B,58,166,2,142,5,0,17
692,2011,18015,santiago ixc,496,496-B,B,98,122,4,112,3,0,0
693,2011,18015,santiago ixc,497,497-B,B,68,262,6,180,4,0,36
694,2011,18015,santiago ixc,498,498-B,B,54,206,6,197,2,0,0
695,2011,18015,santiago ixc,499,499-B,B,14,92,0,76,1,0,5
696,2011,18015,santiago ixc,500,500-B,B,21,140,2,81,2,0,9
697,2011,18015,santiago ixc,501,501-B,B,26,174,3,98,12,0,0
698,2011,18015,santiago ixc,502,502-B,B,59,261,1,125,10,2,17
699,2011,18015,santiago ixc,503,503-B,B,32,142,1,79,6,0,16
700,2011,18015,santiago ixc,503,503-C,C,30,153,3,90,4,0,10
701,2011,18015,santiago ixc,504,504-B,B,50,194,1,128,5,0,10
702,2011,18015,santiago ixc,505,505-B,B,32,123,2,139,4,0,0
703,2011,18015,santiago ixc,505,505-C,C,49,89,2,138,0,0,11
704,2011,18015,santiago ixc,506,506-B,B,18,107,0,139,1,0,18
705,2011,18015,santiago ixc,507,507-B,B,33,176,2,205,4,0,0
706,2011,18015,santiago ixc,508,508-B,B,163,144,4,163,2,0,6
707,2011,18015,santiago ixc,508,508-C,C,28,126,1,156,2,0,20
708,2011,18015,santiago ixc,509,509-B,B,28,102,3,113,2,0,12
709,2011,18015,santiago ixc,510,510-B,B,18,100,1,122,2,0,13
710,2011,18015,santiago ixc,511,511-B,B,32,105,1,147,1,0,6
711,2011,18015,santiago ixc,511,511-C,C,69,39,0,156,3,0,11
712,2011,18015,santiago ixc,512,512-B,B,82,100,2,242,2,0,12
713,2011,18015,santiago ixc,513,513-B,B,63,102,1,186,8,0,17
714,2011,18015,santiago ixc,514,514-B,B,3,23,0,119,0,0,4
715,2011,18015,santiago ixc,514,514-E,E,8,9,0,31,0,0,0
716,2011,18015,santiago ixc,515,515-B,B,28,145,0,120,6,0,0
717,2011,18015,santiago ixc,516,516-B,B,18,150,0,179,1,0,6
718,2011,18015,santiago ixc,517,517-B,B,14,111,1,128,1,0,9
719,2011,18015,santiago ixc,518,518-B,B,15,19,1,67,0,0,0
720,2011,18015,santiago ixc,519,519-B,B,21,111,1,93,0,0,9
721,2011,18015,santiago ixc,520,520-B,B,48,121,1,230,2,0,6
722,2011,18015,santiago ixc,521,521-B,B,13,168,0,145,4,0,27
723,2011,18015,santiago ixc,522,522-B,B,21,281,1,133,10,0,0
724,2011,18015,santiago ixc,523,523-B,B,20,311,4,237,3,0,30
725,2011,18015,santiago ixc,524,524-B,B,14,211,0,118,3,0,21
726,2011,18015,santiago ixc,525,525-B,B,13,140,1,102,1,0,11
727,2011,18015,santiago ixc,526,526-B,B,20,339,0,183,6,0,16
728,2011,18015,santiago ixc,527,527-B,B,12,245,0,152,6,0,16
729,2011,18015,santiago ixc,528,528-B,B,29,168,1,93,4,0,23
730,2011,18015,santiago ixc,528,528-C,C,18,182,0,96,7,0,20
731,2011,18015,santiago ixc,529,529-B,B,15,192,1,95,1,0,0
732,2011,18015,santiago ixc,530,530-B,B,13,189,2,119,0,0,17
733,2011,18015,santiago ixc,531,531-B,B,19,245,2,252,3,0,30
734,2011,18015,santiago ixc,532,532-B,B,21,184,1,144,2,0,12
735,2011,18015,santiago ixc,532,532-C,C,20,173,2,154,5,1,15
736,2011,18015,santiago ixc,533,533-B,B,7,51,0,22,0,0,2
737,2011,18015,santiago ixc,534,534-B,B,71,77,0,95,8,0,9
738,2011,18015,santiago ixc,535,535-B,B,68,129,2,105,11,0,0
739,2011,18015,santiago ixc,536,536-B,B,28,136,2,119,3,0,10
740,2011,18015,santiago ixc,537,537-B,B,70,171,0,133,4,0,25
741,2011,18015,santiago ixc,538,538-B,B,54,165,1,135,4,0,22
742,2011,18015,santiago ixc,539,539-B,B,21,216,0,128,4,0,0
743,2011,18015,santiago ixc,540,540-B,B,39,201,0,178,2,0,0
744,2011,18015,santiago ixc,541,541-B,B,69,239,0,171,8,0,23
745,2011,18015,santiago ixc,542,542-B,B,86,223,1,180,6,0,29
746,2011,18015,santiago ixc,542,542-E,E,8,47,0,65,0,0,3
747,2011,18015,santiago ixc,543,543-B,B,16,213,1,138,1,0,21
748,2011,18015,santiago ixc,543,543-C,C,10,221,4,125,2,0,11
749,2011,18015,santiago ixc,544,544-B,B,17,162,1,106,0,0,0
750,2011,18015,santiago ixc,545,545-B,B,93,77,5,119,2,0,18
751,2011,18015,santiago ixc,545,545-C,C,94,101,0,83,2,0,20
752,2011,18015,santiago ixc,546,546-B,B,106,100,2,152,0,0,15
753,2011,18015,santiago ixc,546,546-E,E,26,84,2,46,1,0,6
754,2011,18016,tecuala,547,547-B,B,24,97,3,149,90,0,14
755,2011,18016,tecuala,548,548-B,B,59,90,3,209,128,0,9
756,2011,18016,tecuala,549,549-B,B,54,113,0,187,90,0,16
757,2011,18016,tecuala,550,550-B,B,36,69,0,207,58,0,6
758,2011,18016,tecuala,550,550-C,C,29,77,3,193,52,0,12
759,2011,18016,tecuala,550,550-E,E,9,65,1,99,39,0,9
760,2011,18016,tecuala,551,551-B,B,47,103,1,248,67,0,18
761,2011,18016,tecuala,552,552-B,B,34,109,2,175,107,0,12
762,2011,18016,tecuala,553,553-B,B,34,89,3,116,93,0,17
763,2011,18016,tecuala,554,554-B,B,57,90,0,141,132,0,4
764,2011,18016,tecuala,555,555-B,B,41,53,0,155,96,0,17
765,2011,18016,tecuala,556,556-B,B,26,56,0,81,49,0,5
766,2011,18016,tecuala,557,557-B,B,18,40,0,94,37,0,3
767,2011,18016,tecuala,558,558-B,B,36,44,0,129,54,0,15
768,2011,18016,tecuala,559,559-B,B,59,37,0,167,51,1,26
769,2011,18016,tecuala,560,560-B,B,52,44,1,127,35,0,6
770,2011,18016,tecuala,561,561-B,B,54,51,1,114,76,0,7
771,2011,18016,tecuala,562,562-B,B,45,104,3,118,131,0,17
772,2011,18016,tecuala,563,563-B,B,41,76,1,191,75,0,51
773,2011,18016,tecuala,564,564-B,B,33,87,1,224,150,0,31
774,2011,18016,tecuala,565,565-B,B,2,12,2,60,33,0,0
775,2011,18016,tecuala,566,566-B,B,0,51,0,53,7,0,1
776,2011,18016,tecuala,567,567-B,B,99,76,2,140,157,0,55
777,2011,18016,tecuala,567,567-E,E,4,9,1,20,39,0,5
778,2011,18016,tecuala,568,568-B,B,49,93,2,224,107,0,17
779,2011,18016,tecuala,569,569-B,B,4,68,0,104,81,0,6
780,2011,18016,tecuala,570,570-B,B,38,84,1,176,44,0,31
781,2011,18016,tecuala,570,570-C,C,38,73,2,157,40,0,5
782,2011,18016,tecuala,571,571-B,B,167,122,7,140,63,0,23
783,2011,18016,tecuala,572,572-B,B,134,72,1,150,51,1,33
784,2011,18016,tecuala,573,573-B,B,143,82,2,199,86,0,23
785,2011,18016,tecuala,574,574-B,B,141,73,0,143,54,0,14
786,2011,18016,tecuala,575,575-B,B,160,99,3,207,70,0,26
787,2011,18016,tecuala,576,576-B,B,145,88,2,142,86,0,29
788,2011,18016,tecuala,577,577-B,B,21,51,3,224,66,0,13
789,2011,18016,tecuala,578,578-B,B,32,70,0,369,73,0,24
790,2011,18016,tecuala,579,579-B,B,8,124,0,34,262,0,29
791,2011,18016,tecuala,580,580-B,B,63,218,1,121,102,0,24
792,2011,18016,tecuala,581,581-B,B,70,72,4,67,160,0,11
793,2011,18016,tecuala,582,582-B,B,19,93,3,135,78,0,0
794,2011,18016,tecuala,582,582-C,C,13,78,3,131,105,0,12
795,2011,18016,tecuala,583,583-B,B,33,296,2,182,41,0,11
796,2011,18016,tecuala,584,584-B,B,43,243,0,160,61,0,9
797,2011,18016,tecuala,585,585-B,B,40,124,1,124,29,0,14
798,2011,18016,tecuala,586,586-B,B,29,162,1,170,36,0,0
799,2011,18016,tecuala,587,587-B,B,63,108,3,251,21,0,29
800,2011,18016,tecuala,588,588-B,B,83,57,2,135,24,0,25
801,2011,18016,tecuala,588,588-C,C,103,53,1,143,22,0,14
802,2011,18016,tecuala,589,589-B,B,21,39,1,97,4,0,20
803,2011,18016,tecuala,590,590-B,B,24,6,0,54,4,0,0
804,2011,18016,tecuala,590,590-E,E,4,15,0,50,1,0,0
805,2011,18016,tecuala,591,591-B,B,183,61,4,188,39,2,34
806,2011,18016,tecuala,592,592-B,B,21,40,15,82,26,0,16
807,2011,18016,tecuala,593,593-B,B,38,15,14,90,83,0,9
808,2011,18016,tecuala,594,594-B,B,8,66,2,56,81,0,20
809,2011,18016,tecuala,595,595-B,B,69,28,0,91,48,0,13
810,2011,18016,tecuala,596,596-B,B,43,28,3,94,26,0,10
811,2011,18017,tepic,597,597-B,B,236,106,4,159,16,0,13
812,2011,18017,tepic,598,598-B,B,158,86,3,222,23,0,20
813,2011,18017,tepic,598,598-C1,C1,153,103,7,242,21,1,11
814,2011,18017,tepic,598,598-C2,C2,168,99,4,229,16,0,6
815,2011,18017,tepic,598,598-C3,C3,156,76,3,209,20,1,17
816,2011,18017,tepic,599,599-B,B,90,35,3,284,8,2,4
817,2011,18017,tepic,600,600-B,B,108,27,2,169,19,0,13
818,2011,18017,tepic,600,600-C,C,106,43,2,173,24,0,10
819,2011,18017,tepic,601,601-B,B,167,51,2,172,19,0,4
820,2011,18017,tepic,601,601-C1,C1,181,50,2,180,13,0,10
821,2011,18017,tepic,601,601-C2,C2,139,45,3,191,14,2,7
822,2011,18017,tepic,602,602-B,B,210,51,5,184,15,1,13
823,2011,18017,tepic,602,602-C,C,196,72,2,165,9,0,12
824,2011,18017,tepic,603,603-B,B,115,36,2,170,25,0,5
825,2011,18017,tepic,603,603-C,C,126,37,2,143,14,0,4
826,2011,18017,tepic,604,604-B,B,110,49,0,149,3,0,11
827,2011,18017,tepic,604,604-C,C,90,38,3,181,11,2,7
828,2011,18017,tepic,605,605-B,B,112,55,2,167,8,0,9
829,2011,18017,tepic,605,605-C,C,119,35,4,186,12,1,9
830,2011,18017,tepic,606,606-B,B,144,50,7,170,11,0,1
831,2011,18017,tepic,606,606-C,C,140,49,4,179,7,0,15
832,2011,18017,tepic,607,607-B,B,158,70,4,245,14,0,17
833,2011,18017,tepic,607,607-C1,C1,148,83,7,226,20,0,17
834,2011,18017,tepic,607,607-C2,C2,158,74,3,255,20,0,14
835,2011,18017,tepic,608,608-B,B,156,71,5,184,20,2,19
836,2011,18017,tepic,608,608-C,C,134,77,2,205,19,0,19
837,2011,18017,tepic,608,608-E,E,106,72,4,168,23,2,16
838,2011,18017,tepic,609,609-B,B,114,81,1,257,22,0,13
839,2011,18017,tepic,609,609-C,C,160,88,2,238,17,2,17
840,2011,18017,tepic,609,609-E1,E1,222,65,5,248,45,0,23
841,2011,18017,tepic,609,609-E1C1,E1C1,190,105,6,248,36,0,15
842,2011,18017,tepic,609,609-E1C2,E1C2,211,88,5,228,26,0,0
843,2011,18017,tepic,609,609-E1C3,E1C3,183,81,11,231,48,1,20
844,2011,18017,tepic,609,609-E2,E2,107,43,2,185,19,1,12
845,2011,18017,tepic,609,609-E2C1,E2C1,152,54,3,159,16,0,7
846,2011,18017,tepic,609,609-E3,E3,236,82,9,268,12,0,12
847,2011,18017,tepic,609,609-E3C1,E3C1,212,91,3,247,31,0,11
848,2011,18017,tepic,609,609-E3C2,E3C2,196,74,6,283,18,2,15
849,2011,18017,tepic,610,610-B,B,285,69,6,227,10,0,7
850,2011,18017,tepic,610,610-C,C,313,55,7,213,13,0,10
851,2011,18017,tepic,611,611-B,B,205,85,5,213,29,0,8
852,2011,18017,tepic,611,611-C1,C1,184,89,5,192,36,0,16
853,2011,18017,tepic,611,611-C2,C2,191,56,4,226,17,0,14
854,2011,18017,tepic,611,611-C3,C3,200,82,3,203,34,2,10
855,2011,18017,tepic,611,611-C4,C4,192,70,4,237,29,2,9
856,2011,18017,tepic,611,611-C5,C5,184,63,4,264,33,0,16
857,2011,18017,tepic,611,611-E1,E1,136,86,3,185,31,1,12
858,2011,18017,tepic,611,611-E1C1,E1C1,134,84,3,180,24,0,11
859,2011,18017,tepic,611,611-E1C2,E1C2,180,58,7,165,32,0,14
860,2011,18017,tepic,612,612-B,B,305,72,7,276,27,0,11
861,2011,18017,tepic,612,612-C,C,299,64,5,235,27,2,15
862,2011,18017,tepic,613,613-B,B,243,69,4,217,20,1,10
863,2011,18017,tepic,613,613-C,C,249,65,2,196,20,0,8
864,2011,18017,tepic,614,614-B,B,260,76,0,204,9,0,11
865,2011,18017,tepic,615,615-B,B,235,100,4,249,24,0,13
866,2011,18017,tepic,616,616-B,B,171,60,4,159,7,1,9
867,2011,18017,tepic,616,616-C,C,160,80,0,172,12,2,5
868,2011,18017,tepic,617,617-B,B,175,64,2,174,16,0,7
869,2011,18017,tepic,617,617-C,C,170,58,0,172,16,2,3
870,2011,18017,tepic,618,618-B,B,143,63,5,151,17,1,6
871,2011,18017,tepic,619,619-B,B,176,57,1,205,15,1,6
872,2011,18017,tepic,620,620-B,B,221,49,5,213,19,0,6
873,2011,18017,tepic,621,621-B,B,133,39,4,133,8,0,10
874,2011,18017,tepic,621,621-C,C,134,31,1,152,7,0,9
875,2011,18017,tepic,622,622-B,B,218,72,4,196,8,0,14
876,2011,18017,tepic,623,623-B,B,132,50,2,163,8,0,5
877,2011,18017,tepic,623,623-C,C,115,41,3,181,15,0,9
878,2011,18017,tepic,624,624-B,B,145,43,4,296,18,0,16
879,2011,18017,tepic,625,625-B,B,150,46,1,201,12,0,5
880,2011,18017,tepic,626,626-B,B,176,48,3,187,16,1,9
881,2011,18017,tepic,626,626-C,C,188,47,3,192,21,1,10
882,2011,18017,tepic,627,627-B,B,165,35,3,169,16,1,9
883,2011,18017,tepic,627,627-C,C,169,38,5,151,14,1,9
884,2011,18017,tepic,628,628-B,B,139,34,6,140,11,0,4
885,2011,18017,tepic,628,628-C,C,127,25,2,131,16,0,11
886,2011,18017,tepic,629,629-B,B,122,21,1,142,11,0,9
887,2011,18017,tepic,629,629-C,C,116,22,2,151,14,1,12
888,2011,18017,tepic,630,630-B,B,165,68,4,226,18,2,12
889,2011,18017,tepic,630,630-C,C,150,58,1,243,12,0,5
890,2011,18017,tepic,631,631-B,B,213,59,1,239,13,1,10
891,2011,18017,tepic,631,631-C,C,206,80,3,209,16,0,11
892,2011,18017,tepic,632,632-B,B,162,68,3,199,21,0,7
893,2011,18017,tepic,632,632-C,C,166,63,4,161,22,0,14
894,2011,18017,tepic,633,633-B,B,262,71,2,197,14,0,17
895,2011,18017,tepic,633,633-C,C,236,79,6,221,21,0,7
896,2011,18017,tepic,633,633-E,E,203,55,2,191,13,0,5
897,2011,18017,tepic,633,633-EC1,EC1,185,49,7,276,15,0,8
898,2011,18017,tepic,633,633-EC2,EC2,168,60,2,195,14,0,3
899,2011,18017,tepic,634,634-B,B,273,79,1,205,21,0,11
900,2011,18017,tepic,634,634-C1,C1,272,67,4,202,16,0,16
901,2011,18017,tepic,634,634-C2,C2,279,59,6,206,10,0,9
902,2011,18017,tepic,634,634-E,E,259,64,2,208,15,0,4
903,2011,18017,tepic,635,635-B,B,259,82,2,242,20,0,12
904,2011,18017,tepic,635,635-C,C,250,74,9,243,23,0,5
905,2011,18017,tepic,636,636-B,B,177,38,2,168,16,0,12
906,2011,18017,tepic,637,637-B,B,189,70,7,210,22,0,12
907,2011,18017,tepic,638,638-B,B,149,37,4,204,16,0,13
908,2011,18017,tepic,639,639-B,B,180,52,3,227,14,1,13
909,2011,18017,tepic,640,640-B,B,139,31,3,142,16,1,2
910,2011,18017,tepic,640,640-C,C,149,28,3,145,18,0,5
911,2011,18017,tepic,641,641-B,B,167,42,2,162,16,1,5
912,2011,18017,tepic,642,642-B,B,175,55,6,266,17,1,12
913,2011,18017,tepic,643,643-B,B,264,82,7,259,18,2,11
914,2011,18017,tepic,644,644-B,B,279,72,2,190,14,1,8
915,2011,18017,tepic,645,645-B,B,262,93,2,248,0,10,11
916,2011,18017,tepic,646,646-B,B,165,54,3,135,11,2,10
917,2011,18017,tepic,646,646-C,C,176,51,4,118,13,1,12
918,2011,18017,tepic,647,647-B,B,164,29,3,122,14,1,7
919,2011,18017,tepic,648,648-B,B,185,56,2,199,13,0,10
920,2011,18017,tepic,649,649-B,B,142,45,2,173,18,0,8
921,2011,18017,tepic,650,650-B,B,131,73,3,166,17,0,13
922,2011,18017,tepic,651,651-B,B,130,67,3,158,12,0,2
923,2011,18017,tepic,651,651-C,C,174,71,3,140,9,0,12
924,2011,18017,tepic,652,652-B,B,252,59,1,196,14,0,16
925,2011,18017,tepic,653,653-B,B,173,42,1,138,7,0,8
926,2011,18017,tepic,654,654-B,B,191,51,4,164,12,0,4
927,2011,18017,tepic,655,655-B,B,177,61,3,200,18,0,3
928,2011,18017,tepic,656,656-B,B,218,52,4,272,19,2,12
929,2011,18017,tepic,657,657-B,B,199,64,3,192,7,0,9
930,2011,18017,tepic,658,658-B,B,246,91,3,264,13,0,17
931,2011,18017,tepic,659,659-B,B,155,37,2,156,9,0,9
932,2011,18017,tepic,660,660-B,B,203,48,3,230,8,0,11
933,2011,18017,tepic,661,661-B,B,207,76,1,133,13,0,5
934,2011,18017,tepic,661,661-C,C,240,71,2,122,5,0,9
935,2011,18017,tepic,662,662-B,B,321,109,2,266,19,0,10
936,2011,18017,tepic,663,663-B,B,317,74,6,168,8,0,8
937,2011,18017,tepic,663,663-C,C,321,82,2,198,14,0,11
938,2011,18017,tepic,664,664-B,B,324,74,3,196,15,0,14
939,2011,18017,tepic,664,664-C,C,356,70,2,167,10,2,11
940,2011,18017,tepic,665,665-B,B,432,71,0,174,14,0,8
941,2011,18017,tepic,666,666-B,B,331,45,3,207,9,0,10
942,2011,18017,tepic,667,667-B,B,266,57,2,162,13,0,7
943,2011,18017,tepic,668,668-B,B,217,58,2,146,9,2,4
944,2011,18017,tepic,669,669-B,B,213,44,3,154,18,0,6
945,2011,18017,tepic,670,670-B,B,232,34,1,158,11,0,6
946,2011,18017,tepic,671,671-B,B,105,32,3,71,2,0,2
947,2011,18017,tepic,672,672-B,B,42,9,0,20,4,0,0
948,2011,18017,tepic,673,673-B,B,209,35,1,99,7,0,8
949,2011,18017,tepic,674,674-B,B,168,33,1,94,9,0,1
950,2011,18017,tepic,675,675-B,B,123,24,0,56,7,0,5
951,2011,18017,tepic,676,676-B,B,190,70,10,183,10,0,9
952,2011,18017,tepic,676,676-C,C,180,70,5,174,7,0,9
953,2011,18017,tepic,677,677-B,B,243,64,6,216,15,0,14
954,2011,18017,tepic,678,678-B,B,250,94,5,189,21,2,8
955,2011,18017,tepic,678,678-C,C,236,82,3,203,25,2,7
956,2011,18017,tepic,679,679-B,B,133,108,5,216,76,0,31
957,2011,18017,tepic,679,679-C,C,154,89,4,219,77,2,24
958,2011,18017,tepic,680,680-B,B,131,57,1,151,25,0,17
959,2011,18017,tepic,680,680-C,C,161,48,8,143,12,1,10
960,2011,18017,tepic,681,681-B,B,277,79,4,183,16,1,8
961,2011,18017,tepic,682,682-B,B,127,30,1,51,4,0,3
962,2011,18017,tepic,683,683-B,B,79,15,2,56,3,1,4
963,2011,18017,tepic,684,684-B,B,93,15,1,46,3,1,3
964,2011,18017,tepic,685,685-B,B,152,31,2,114,5,0,3
965,2011,18017,tepic,686,686-B,B,113,20,2,86,2,0,2
966,2011,18017,tepic,687,687-B,B,270,54,0,204,18,0,5
967,2011,18017,tepic,688,688-B,B,254,22,2,164,13,1,6
968,2011,18017,tepic,689,689-B,B,195,46,5,95,8,2,2
969,2011,18017,tepic,690,690-B,B,169,17,1,98,5,0,3
970,2011,18017,tepic,691,691-B,B,182,36,2,165,11,0,6
971,2011,18017,tepic,692,692-B,B,297,50,2,171,12,3,12
972,2011,18017,tepic,693,693-B,B,146,65,3,162,13,1,16
973,2011,18017,tepic,693,693-C,C,152,75,5,174,12,0,8
974,2011,18017,tepic,694,694-B,B,125,64,2,229,45,2,23
975,2011,18017,tepic,694,694-C,C,120,69,1,241,43,0,23
976,2011,18017,tepic,695,695-B,B,175,56,9,227,21,2,14
977,2011,18017,tepic,695,695-C1,C1,145,52,2,242,27,0,14
978,2011,18017,tepic,695,695-C2,C2,171,55,3,217,18,2,5
979,2011,18017,tepic,695,695-C3,C3,164,62,3,240,21,0,10
980,2011,18017,tepic,696,696-B,B,191,35,3,137,13,2,8
981,2011,18017,tepic,696,696-C,C,207,34,1,120,9,0,3
982,2011,18017,tepic,697,697-B,B,238,19,3,150,9,2,7
983,2011,18017,tepic,698,698-B,B,152,31,3,109,9,0,3
984,2011,18017,tepic,699,699-B,B,102,31,4,85,7,0,0
985,2011,18017,tepic,700,700-B,B,210,46,2,93,7,1,7
986,2011,18017,tepic,700,700-C,C,207,45,4,90,7,0,6
987,2011,18017,tepic,701,701-B,B,317,67,1,166,12,1,9
988,2011,18017,tepic,701,701-C,C,313,86,1,186,11,0,6
989,2011,18017,tepic,702,702-B,B,166,62,4,149,14,0,6
990,2011,18017,tepic,702,702-C,C,160,48,1,157,13,0,5
991,2011,18017,tepic,703,703-B,B,251,52,4,138,12,0,12
992,2011,18017,tepic,704,704-B,B,127,21,2,93,6,1,4
993,2011,18017,tepic,705,705-B,B,300,39,3,211,6,0,7
994,2011,18017,tepic,706,706-B,B,272,53,4,172,14,0,10
995,2011,18017,tepic,707,707-B,B,192,32,1,162,20,0,11
996,2011,18017,tepic,708,708-B,B,227,43,2,196,11,0,9
997,2011,18017,tepic,709,709-B,B,264,65,1,166,26,1,9
998,2011,18017,tepic,709,709-C,C,245,75,1,174,18,0,12
999,2011,18017,tepic,710,710-B,B,214,63,1,160,11,0,7
1000,2011,18017,tepic,710,710-C,C,176,69,5,176,17,0,11
1001,2011,18017,tepic,711,711-B,B,193,80,2,185,18,2,8
1002,2011,18017,tepic,711,711-C1,C1,189,83,6,165,15,1,7
1003,2011,18017,tepic,711,711-C2,C2,202,99,3,163,16,0,16
1004,2011,18017,tepic,711,711-C3,C3,187,106,1,187,18,0,8
1005,2011,18017,tepic,711,711-E,E,261,104,5,244,19,1,11
1006,2011,18017,tepic,711,711-EC,EC,240,150,3,258,24,0,12
1007,2011,18017,tepic,712,712-B,B,72,36,1,135,48,0,19
1008,2011,18017,tepic,712,712-C,C,74,47,3,150,49,0,16
1009,2011,18017,tepic,713,713-B,B,269,72,3,126,11,0,4
1010,2011,18017,tepic,713,713-C,C,265,51,2,123,6,0,9
1011,2011,18017,tepic,714,714-B,B,178,56,3,192,16,0,6
1012,2011,18017,tepic,715,715-B,B,185,54,4,172,10,0,10
1013,2011,18017,tepic,715,715-C,C,219,56,2,163,3,0,10
1014,2011,18017,tepic,716,716-B,B,232,46,1,97,7,0,3
1015,2011,18017,tepic,717,717-B,B,38,13,1,39,4,0,0
1016,2011,18017,tepic,718,718-B,B,198,49,4,187,3,0,7
1017,2011,18017,tepic,719,719-B,B,220,73,4,171,14,0,17
1018,2011,18017,tepic,719,719-C,C,270,54,7,156,12,1,11
1019,2011,18017,tepic,720,720-B,B,195,72,5,233,12,0,12
1020,2011,18017,tepic,721,721-B,B,224,71,6,165,9,0,11
1021,2011,18017,tepic,722,722-B,B,265,60,3,229,25,0,5
1022,2011,18017,tepic,723,723-B,B,242,92,7,266,15,0,5
1023,2011,18017,tepic,723,723-C,C,223,99,8,253,23,2,14
1024,2011,18017,tepic,724,724-B,B,200,73,4,169,12,1,11
1025,2011,18017,tepic,724,724-C1,C1,180,57,3,201,10,2,11
1026,2011,18017,tepic,724,724-C2,C2,187,57,8,189,14,0,5
1027,2011,18017,tepic,725,725-B,B,308,66,4,135,12,0,2
1028,2011,18017,tepic,725,725-C,C,328,73,1,117,17,0,8
1029,2011,18017,tepic,726,726-B,B,340,64,0,192,23,0,11
1030,2011,18017,tepic,727,727-B,B,254,62,3,170,14,1,10
1031,2011,18017,tepic,728,728-B,B,225,67,0,89,7,0,9
1032,2011,18017,tepic,728,728-C,C,237,60,1,99,7,0,4
1033,2011,18017,tepic,729,729-B,B,219,61,4,191,15,0,11
1034,2011,18017,tepic,730,730-B,B,294,63,9,233,17,1,13
1035,2011,18017,tepic,731,731-B,B,248,55,6,216,10,0,17
1036,2011,18017,tepic,732,732-B,B,169,87,3,205,16,0,12
1037,2011,18017,tepic,732,732-C,C,170,87,2,230,12,0,11
1038,2011,18017,tepic,733,733-B,B,176,41,2,177,11,0,10
1039,2011,18017,tepic,733,733-C,C,181,49,6,192,13,0,6
1040,2011,18017,tepic,734,734-B,B,250,41,5,219,16,0,13
1041,2011,18017,tepic,735,735-B,B,211,60,5,215,8,0,9
1042,2011,18017,tepic,736,736-B,B,174,103,3,251,18,0,8
1043,2011,18017,tepic,736,736-C1,C1,160,108,4,241,21,0,13
1044,2011,18017,tepic,736,736-C2,C2,172,79,2,261,12,1,5
1045,2011,18017,tepic,737,737-B,B,135,128,0,163,8,0,10
1046,2011,18017,tepic,737,737-C,C,95,145,5,161,10,0,5
1047,2011,18017,tepic,737,737-E1,E1,286,82,2,219,11,0,11
1048,2011,18017,tepic,737,737-E1C1,E1C1,248,84,3,206,24,1,5
1049,2011,18017,tepic,737,737-E1C2,E1C2,266,70,4,217,17,1,13
1050,2011,18017,tepic,737,737-E1C3,E1C3,273,67,7,235,21,0,12
1051,2011,18017,tepic,737,737-E2,E2,306,93,3,202,21,1,10
1052,2011,18017,tepic,737,737-E2C1,E2C1,316,60,3,202,18,0,3
1053,2011,18017,tepic,737,737-E2C2,E2C2,290,79,5,203,15,0,9
1054,2011,18017,tepic,737,737-E2C3,E2C3,331,69,7,180,35,1,5
1055,2011,18017,tepic,737,737-E2C4,E2C4,300,89,3,214,16,0,6
1056,2011,18017,tepic,737,737-E3,E3,187,58,0,166,9,0,4
1057,2011,18017,tepic,738,738-B,B,112,161,2,233,17,1,8
1058,2011,18017,tepic,738,738-C,C,133,136,1,231,19,0,13
1059,2011,18017,tepic,739,739-B,B,178,70,4,183,16,0,7
1060,2011,18017,tepic,739,739-C,C,172,51,4,204,11,0,12
1061,2011,18017,tepic,740,740-B,B,112,34,1,135,32,0,6
1062,2011,18017,tepic,740,740-C,C,132,39,5,97,35,0,7
1063,2011,18017,tepic,741,741-B,B,270,69,5,180,12,0,8
1064,2011,18017,tepic,742,742-B,B,152,37,5,97,8,0,11
1065,2011,18017,tepic,742,742-C,C,161,30,4,117,12,0,4
1066,2011,18017,tepic,743,743-B,B,205,73,5,191,11,0,2
1067,2011,18017,tepic,744,744-B,B,242,52,5,177,14,0,9
1068,2011,18017,tepic,744,744-C,C,232,56,3,186,9,1,3
1069,2011,18017,tepic,745,745-B,B,159,34,5,113,72,0,9
1070,2011,18017,tepic,745,745-C,C,183,47,4,112,58,0,21
1071,2011,18017,tepic,746,746-B,B,202,50,3,162,7,0,0
1072,2011,18017,tepic,746,746-C,C,193,58,3,173,11,0,6
1073,2011,18017,tepic,747,747-B,B,119,77,3,131,13,0,12
1074,2011,18017,tepic,747,747-C,C,146,73,3,151,10,1,7
1075,2011,18017,tepic,748,748-B,B,117,78,2,147,13,0,6
1076,2011,18017,tepic,748,748-C,C,86,81,1,145,17,0,6
1077,2011,18017,tepic,749,749-B,B,216,74,2,210,20,0,7
1078,2011,18017,tepic,749,749-C1,C1,216,69,3,192,11,0,9
1079,2011,18017,tepic,749,749-C2,C2,184,62,6,223,14,0,6
1080,2011,18017,tepic,750,750-B,B,270,44,2,110,13,0,5
1081,2011,18017,tepic,751,751-B,B,231,89,6,207,20,0,6
1082,2011,18017,tepic,752,752-B,B,159,66,7,139,44,0,16
1083,2011,18017,tepic,752,752-C,C,155,41,2,163,41,0,11
1084,2011,18017,tepic,753,753-B,B,178,74,2,165,25,0,9
1085,2011,18017,tepic,753,753-C,C,203,62,2,152,23,0,14
1086,2011,18017,tepic,754,754-B,B,154,56,1,217,12,0,4
1087,2011,18017,tepic,754,754-C1,C1,148,55,2,231,6,0,13
1088,2011,18017,tepic,754,754-C2,C2,141,54,4,222,9,0,8
1089,2011,18017,tepic,755,755-B,B,137,37,1,128,24,0,6
1090,2011,18017,tepic,755,755-C,C,136,44,0,121,26,0,5
1091,2011,18017,tepic,756,756-B,B,132,72,6,151,11,1,4
1092,2011,18017,tepic,756,756-C,C,135,85,9,120,13,1,10
1093,2011,18017,tepic,757,757-B,B,228,74,0,274,18,0,6
1094,2011,18017,tepic,758,758-B,B,175,61,9,229,10,0,12
1095,2011,18017,tepic,758,758-C1,C1,148,54,6,235,16,0,10
1096,2011,18017,tepic,758,758-C2,C2,193,83,1,201,5,0,7
1097,2011,18017,tepic,758,758-E1,E1,237,101,2,237,17,0,5
1098,2011,18017,tepic,758,758-E1C1,E1C1,247,90,1,223,22,1,5
1099,2011,18017,tepic,758,758-E1C2,E1C2,256,106,8,190,19,0,6
1100,2011,18017,tepic,758,758-E2,E2,180,72,5,255,17,0,1
1101,2011,18017,tepic,758,758-E2C1,E2C1,191,83,2,247,23,0,9
1102,2011,18017,tepic,758,758-E2C2,E2C2,177,66,5,232,19,1,10
1103,2011,18017,tepic,758,758-E2C3,E2C3,205,70,1,231,24,0,4
1104,2011,18017,tepic,758,758-E2C4,E2C4,173,61,2,263,17,0,9
1105,2011,18017,tepic,758,758-E2C5,E2C5,190,75,4,254,17,0,8
1106,2011,18017,tepic,759,759-B,B,169,65,4,212,15,1,7
1107,2011,18017,tepic,759,759-C,C,177,59,5,210,14,0,10
1108,2011,18017,tepic,760,760-B,B,187,69,1,230,15,0,8
1109,2011,18017,tepic,760,760-C1,C1,201,76,5,159,15,1,7
1110,2011,18017,tepic,760,760-C2,C2,174,69,2,194,6,1,11
1111,2011,18017,tepic,761,761-B,B,213,85,4,198,18,0,9
1112,2011,18017,tepic,762,762-B,B,187,50,5,168,10,1,7
1113,2011,18017,tepic,762,762-C,C,178,62,2,186,18,0,1
1114,2011,18017,tepic,763,763-B,B,145,77,4,245,19,0,6
1115,2011,18017,tepic,763,763-C,C,140,65,5,250,18,0,11
1116,2011,18017,tepic,764,764-B,B,221,88,5,249,22,0,8
1117,2011,18017,tepic,764,764-C1,C1,204,102,6,260,18,0,10
1118,2011,18017,tepic,764,764-C2,C2,211,80,5,266,18,0,6
1119,2011,18017,tepic,764,764-C3,C3,236,89,3,231,24,0,10
1120,2011,18017,tepic,765,765-B,B,204,68,5,214,17,0,13
1121,2011,18017,tepic,765,765-C1,C1,180,73,3,272,20,0,8
1122,2011,18017,tepic,765,765-C2,C2,174,67,5,252,17,0,13
1123,2011,18017,tepic,766,766-B,B,111,65,5,195,14,1,12
1124,2011,18017,tepic,766,766-C,C,121,63,4,220,19,1,10
1125,2011,18017,tepic,767,767-B,B,183,45,4,219,12,0,9
1126,2011,18017,tepic,768,768-B,B,15,10,0,64,3,0,4
1127,2011,18017,tepic,769,769-B,B,37,26,3,36,4,0,7
1128,2011,18017,tepic,769,769-E1,E1,42,42,0,115,2,0,9
1129,2011,18017,tepic,769,769-E2,E2,17,14,2,161,1,0,0
1130,2011,18017,tepic,770,770-B,B,118,39,3,220,3,1,16
1131,2011,18017,tepic,770,770-C,C,93,50,5,226,3,0,18
1132,2011,18017,tepic,770,770-E,E,26,7,1,40,1,0,0
1133,2011,18017,tepic,771,771-B,B,24,14,0,91,0,0,3
1134,2011,18017,tepic,771,771-E,E,11,8,0,34,0,0,0
1135,2011,18017,tepic,772,772-B,B,35,102,0,125,4,0,14
1136,2011,18017,tepic,772,772-E,E,23,25,0,59,0,0,0
1137,2011,18017,tepic,773,773-B,B,71,17,4,141,6,1,12
1138,2011,18017,tepic,774,774-B,B,135,78,1,161,8,2,14
1139,2011,18017,tepic,774,774-C,C,168,79,3,114,2,0,19
1140,2011,18017,tepic,775,775-B,B,19,39,1,41,1,0,4
1141,2011,18017,tepic,775,775-E,E,25,3,1,28,0,0,1
1142,2011,18017,tepic,776,776-B,B,19,4,0,41,0,0,4
1143,2011,18017,tepic,777,777-B,B,25,48,0,25,1,0,5
1144,2011,18017,tepic,778,778-B,B,101,56,3,162,3,0,7
1145,2011,18017,tepic,779,779-B,B,170,67,1,244,11,0,9
1146,2011,18017,tepic,780,780-B,B,217,96,3,234,13,4,19
1147,2011,18017,tepic,780,780-C,C,194,118,8,214,12,0,27
1148,2011,18017,tepic,781,781-B,B,148,120,5,249,11,0,16
1149,2011,18017,tepic,782,782-B,B,101,66,1,137,27,1,17
1150,2011,18017,tepic,782,782-C,C,97,70,1,158,22,1,15
1151,2011,18017,tepic,783,783-B,B,190,117,2,296,11,2,11
1152,2011,18017,tepic,784,784-B,B,14,43,0,60,1,0,1
1153,2011,18017,tepic,784,784-E,E,5,17,0,122,3,1,2
1154,2011,18017,tepic,785,785-B,B,122,153,2,109,4,0,22
1155,2011,18017,tepic,785,785-C,C,80,156,0,141,1,1,14
1156,2011,18017,tepic,786,786-B,B,31,101,2,128,6,1,3
1157,2011,18017,tepic,787,787-B,B,65,34,2,133,4,1,4
1158,2011,18017,tepic,788,788-B,B,292,30,5,280,7,0,19
1159,2011,18017,tepic,789,789-B,B,347,44,4,273,11,1,17
1160,2011,18017,tepic,790,790-B,B,55,51,2,73,5,0,6
1161,2011,18017,tepic,791,791-B,B,31,10,1,46,1,0,1
1162,2011,18017,tepic,792,792-B,B,109,83,0,159,8,0,15
1163,2011,18017,tepic,793,793-B,B,93,55,1,82,4,1,6
1164,2011,18017,tepic,794,794-B,B,99,38,1,112,6,0,6
1165,2011,18017,tepic,795,795-B,B,144,30,1,261,9,1,11
1166,2011,18017,tepic,796,796-B,B,119,111,6,321,14,1,16
1167,2011,18017,tepic,797,797-B,B,206,94,4,280,4,0,14
1168,2011,18017,tepic,798,798-B,B,56,163,2,225,11,0,13
1169,2011,18017,tepic,799,799-B,B,182,68,1,253,21,0,11
1170,2011,18017,tepic,799,799-C,C,224,72,3,270,16,0,13
1171,2011,18017,tepic,800,800-B,B,113,44,4,145,14,0,10
1172,2011,18017,tepic,801,801-B,B,121,51,2,149,10,1,8
1173,2011,18017,tepic,801,801-C,C,87,74,1,120,8,0,6
1174,2011,18017,tepic,802,802-B,B,89,96,5,200,12,1,11
1175,2011,18017,tepic,803,803-B,B,60,25,1,142,13,0,13
1176,2011,18017,tepic,803,803-E1,E1,82,37,2,55,8,0,2
1177,2011,18017,tepic,803,803-E2,E2,40,9,0,111,17,0,12
1178,2011,18017,tepic,804,804-B,B,213,74,7,254,14,1,17
1179,2011,18017,tepic,804,804-C1,C1,183,74,3,277,14,0,19
1180,2011,18017,tepic,804,804-C2,C2,195,83,2,277,13,1,15
1181,2011,18017,tepic,805,805-B,B,158,42,0,166,6,0,9
1182,2011,18017,tepic,805,805-C,C,147,50,4,169,7,0,9
1183,2011,18017,tepic,806,806-B,B,206,65,1,193,9,3,14
1184,2011,18017,tepic,807,807-B,B,81,108,1,218,5,1,14
1185,2011,18017,tepic,807,807-C1,C1,106,109,0,225,5,0,16
1186,2011,18017,tepic,807,807-C2,C2,84,109,2,225,0,0,14
1187,2011,18017,tepic,808,808-B,B,85,62,2,249,6,0,13
1188,2011,18017,tepic,809,809-B,B,229,84,9,243,21,0,8
1189,2011,18018,tuxpan,810,810-B,B,252,77,8,166,9,0,22
1190,2011,18018,tuxpan,811,811-B,B,142,104,1,107,24,0,10
1191,2011,18018,tuxpan,812,812-B,B,185,119,5,187,21,0,15
1192,2011,18018,tuxpan,813,813-B,B,127,54,1,149,37,1,11
1193,2011,18018,tuxpan,814,814-B,B,133,76,2,196,16,0,13
1194,2011,18018,tuxpan,815,815-B,B,172,98,1,187,18,0,15
1195,2011,18018,tuxpan,816,816-B,B,193,159,3,209,15,0,14
1196,2011,18018,tuxpan,817,817-B,B,63,24,3,136,15,0,8
1197,2011,18018,tuxpan,818,818-B,B,57,41,1,150,13,0,7
1198,2011,18018,tuxpan,819,819-B,B,104,34,2,175,19,0,6
1199,2011,18018,tuxpan,820,820-B,B,78,23,0,141,27,0,6
1200,2011,18018,tuxpan,821,821-B,B,121,29,1,157,31,0,6
1201,2011,18018,tuxpan,822,822-B,B,182,58,0,178,35,0,13
1202,2011,18018,tuxpan,823,823-B,B,216,132,3,183,24,0,22
1203,2011,18018,tuxpan,824,824-B,B,183,100,2,221,52,0,28
1204,2011,18018,tuxpan,825,825-B,B,227,46,3,161,40,0,23
1205,2011,18018,tuxpan,826,826-B,B,149,45,0,77,16,0,6
1206,2011,18018,tuxpan,827,827-B,B,198,106,7,238,53,1,11
1207,2011,18018,tuxpan,828,828-B,B,70,59,3,128,15,0,4
1208,2011,18018,tuxpan,829,829-B,B,50,51,0,116,12,0,7
1209,2011,18018,tuxpan,830,830-B,B,94,124,0,169,17,0,12
1210,2011,18018,tuxpan,831,831-B,B,132,107,1,157,13,0,17
1211,2011,18018,tuxpan,832,832-B,B,101,118,3,186,10,0,20
1212,2011,18018,tuxpan,833,833-B,B,108,70,1,141,11,1,11
1213,2011,18018,tuxpan,834,834-B,B,63,46,2,161,23,0,15
1214,2011,18018,tuxpan,835,835-B,B,196,69,4,181,43,0,24
1215,2011,18018,tuxpan,836,836-B,B,211,100,0,353,5,0,18
1216,2011,18018,tuxpan,837,837-B,B,106,25,1,189,5,0,17
1217,2011,18018,tuxpan,837,837-C,C,92,49,1,163,5,0,11
1218,2011,18018,tuxpan,837,837-E,E,23,12,0,40,0,0,6
1219,2011,18018,tuxpan,838,838-B,B,136,29,2,169,2,0,10
1220,2011,18018,tuxpan,838,838-C,C,113,26,1,186,4,0,9
1221,2011,18018,tuxpan,839,839-B,B,166,43,8,234,16,0,31
1222,2011,18018,tuxpan,840,840-B,B,159,41,7,192,25,0,26
1223,2011,18018,tuxpan,841,841-B,B,161,55,2,144,24,0,8
1224,2011,18018,tuxpan,842,842-B,B,210,53,4,222,25,0,30
1225,2011,18018,tuxpan,843,843-B,B,135,79,9,177,16,0,20
1226,2011,18008,xalisco,844,844-B,B,352,26,2,173,25,0,8
1227,2011,18008,xalisco,844,844-C1,C1,333,29,2,169,15,0,22
1228,2011,18008,xalisco,844,844-C2,C2,310,38,1,161,20,0,0
1229,2011,18008,xalisco,844,844-C3,C3,347,42,0,142,15,0,10
1230,2011,18008,xalisco,845,845-B,B,302,81,1,231,28,0,0
1231,2011,18008,xalisco,845,845-C1,C1,342,73,1,196,23,0,15
1232,2011,18008,xalisco,845,845-C2,C2,317,74,1,201,26,0,19
1233,2011,18008,xalisco,846,846-B,B,297,61,1,182,8,0,22
1234,2011,18008,xalisco,846,846-C,C,279,64,4,166,11,1,17
1235,2011,18008,xalisco,847,847-B,B,236,66,0,225,17,0,0
1236,2011,18008,xalisco,847,847-C1,C1,278,66,1,213,11,2,19
1237,2011,18008,xalisco,847,847-C2,C2,268,49,2,198,16,0,0
1238,2011,18008,xalisco,847,847-C3,C3,273,59,3,217,20,0,0
1239,2011,18008,xalisco,847,847-C4,C4,255,56,3,230,23,0,15
1240,2011,18008,xalisco,848,848-B,B,294,32,1,196,10,0,12
1241,2011,18008,xalisco,848,848-C,C,275,35,1,236,8,0,11
1242,2011,18008,xalisco,849,849-B,B,250,68,0,166,10,0,12
1243,2011,18008,xalisco,850,850-B,B,283,46,1,191,8,0,0
1244,2011,18008,xalisco,850,850-C,C,230,61,2,196,11,2,14
1245,2011,18008,xalisco,851,851-B,B,245,19,0,196,7,0,8
1246,2011,18008,xalisco,852,852-B,B,362,44,0,242,15,0,20
1247,2011,18008,xalisco,853,853-B,B,231,42,0,152,7,0,14
1248,2011,18008,xalisco,853,853-C,C,195,45,0,153,10,0,9
1249,2011,18008,xalisco,854,854-B,B,370,31,1,268,11,0,22
1250,2011,18008,xalisco,855,855-B,B,344,31,2,223,17,0,15
1251,2011,18008,xalisco,856,856-B,B,125,11,1,167,4,0,15
1252,2011,18008,xalisco,856,856-E,E,59,53,0,59,1,0,0
1253,2011,18008,xalisco,857,857-B,B,203,23,3,171,6,0,9
1254,2011,18008,xalisco,857,857-C,C,174,30,0,186,2,0,8
1255,2011,18008,xalisco,858,858-B,B,198,25,1,155,7,0,17
1256,2011,18008,xalisco,858,858-C,C,198,22,1,158,4,0,2
1257,2011,18008,xalisco,859,859-B,B,291,31,3,240,12,0,0
1258,2011,18008,xalisco,859,859-C,C,268,40,1,233,8,0,19
1259,2011,18008,xalisco,860,860-B,B,127,16,0,137,1,1,9
1260,2011,18008,xalisco,861,861-B,B,232,68,1,312,0,0,1
1261,2011,18008,xalisco,862,862-B,B,99,20,0,147,1,0,4
1262,2011,18008,xalisco,862,862-E1,E1,60,13,1,56,0,0,0
1263,2011,18008,xalisco,862,862-E2,E2,41,5,0,79,0,0,5
1264,2011,18008,xalisco,863,863-B,B,159,18,0,124,4,1,27
1265,2011,18008,xalisco,864,864-B,B,187,23,1,202,4,0,18
1266,2011,18008,xalisco,864,864-C,C,190,29,1,177,6,0,13
1267,2011,18008,xalisco,864,864-E,E,41,5,1,50,1,0,0
1268,2011,18008,xalisco,865,865-B,B,208,15,1,232,2,0,0
1269,2011,18008,xalisco,865,865-E,E,65,10,1,56,0,0,2
1270,2011,18019,yesca,866,866-B,B,213,4,0,152,0,0,21
1271,2011,18019,yesca,867,867-B,B,288,1,3,269,7,2,20
1272,2011,18019,yesca,867,867-E,E,105,0,0,18,0,0,1
1273,2011,18019,yesca,868,868-B,B,125,0,0,143,0,0,5
1274,2011,18019,yesca,869,869-B,B,315,2,1,187,0,0,0
1275,2011,18019,yesca,869,869-C,C,317,3,0,184,0,0,9
1276,2011,18019,yesca,870,870-B,B,193,1,0,129,0,0,7
1277,2011,18019,yesca,870,870-C,C,162,2,1,155,0,0,0
1278,2011,18019,yesca,872,872-B,B,65,0,0,103,0,0,0
1279,2011,18019,yesca,873,873-B,B,46,0,0,75,1,0,0
1280,2011,18019,yesca,873,873-E1,E1,52,0,1,40,0,0,1
1281,2011,18019,yesca,873,873-E2,E2,54,0,2,28,0,0,1
1282,2011,18019,yesca,873,873-E3,E3,57,0,0,33,0,0,0
1283,2011,18019,yesca,874,874-B,B,82,0,0,40,0,0,4
1284,2011,18019,yesca,874,874-E1,E1,47,1,0,50,0,0,0
1285,2011,18019,yesca,874,874-E2,E2,24,0,1,55,1,0,2
1286,2011,18019,yesca,875,875-B,B,146,0,0,22,0,0,2
1287,2011,18019,yesca,876,876-B,B,48,0,0,88,4,0,3
1288,2011,18019,yesca,876,876-E,E,85,1,0,18,1,0,3
1289,2011,18019,yesca,878,878-B,B,163,0,0,286,0,0,0
1290,2011,18019,yesca,878,878-E,E,59,0,0,121,0,0,5
