ord,casilla,tipo,disn,pan,pri,pvem,conve,prd-pt-prs,nr,nul
2,653,B,1,45,215,11,11,125,0,7
3,669,B,1,43,224,14,11,164,0,12
4,670,B,1,55,214,12,16,147,0,8
5,671,B,1,47,109,8,4,93,0,4
6,672,B,1,19,41,2,1,27,0,0
7,673,B,1,57,172,9,8,109,0,9
8,674,B,1,24,153,6,4,128,0,5
9,675,B,1,33,117,3,11,71,0,5
10,676,B,1,25,210,9,18,129,0,7
11,676,C,1,28,217,12,11,124,0,5
12,680,B,1,10,146,6,16,106,2,8
13,680,C,1,9,131,2,17,102,0,11
14,681,B,1,51,239,12,13,178,1,8
15,682,B,1,65,83,4,2,80,1,4
16,683,B,1,18,87,5,2,55,0,2
17,684,B,1,25,74,5,1,53,0,2
18,685,B,1,48,155,9,3,117,0,9
19,686,B,1,30,118,5,4,75,0,3
20,687,B,1,46,286,9,5,190,0,5
21,688,B,1,41,192,8,6,186,0,13
22,689,B,1,44,237,7,11,80,0,8
23,690,B,1,41,157,14,3,95,0,11
24,691,B,1,35,243,10,8,136,0,9
25,692,B,1,33,276,16,7,164,2,13
26,693,B,1,20,180,6,17,102,0,14
27,693,C,1,14,152,8,22,131,0,10
28,695,B,1,17,286,7,80,166,0,16
29,695,C,1,23,289,6,90,160,0,15
30,695,E,1,4,128,1,15,71,0,5
31,696,B,1,29,208,8,9,135,0,8
32,696,C,1,35,163,16,6,139,0,3
33,697,B,1,25,254,15,5,129,0,11
34,698,B,1,31,200,5,9,116,0,2
35,699,B,1,21,168,7,8,81,0,4
36,704,B,1,60,116,18,0,77,0,2
37,705,B,1,54,321,11,14,180,0,8
38,706,B,1,29,297,11,10,197,0,4
39,707,B,1,30,242,10,9,98,0,5
40,708,B,1,39,310,7,6,150,0,9
41,709,B,1,54,250,15,19,152,0,7
42,709,C,1,46,248,19,20,158,0,11
43,710,B,1,29,213,10,14,109,0,4
44,710,C,1,23,181,9,13,120,0,8
45,711,B,1,46,324,14,23,239,0,17
46,711,C,1,44,353,7,36,241,2,13
47,711,E-1,1,11,122,2,8,103,0,1
48,711,E-2,1,18,256,4,10,135,0,14
49,713,B,1,51,172,12,24,138,0,3
50,713,C,1,59,158,19,13,139,0,2
51,714,B,1,22,245,7,3,128,0,12
52,715,B,1,32,244,24,5,105,0,8
53,715,C,1,43,211,14,6,155,0,6
54,725,B,1,61,222,14,10,148,0,15
55,725,C,1,75,215,8,10,168,0,10
56,726,B,1,64,301,8,14,232,0,2
57,728,B,1,56,166,22,3,120,0,2
58,728,C,1,57,172,22,8,114,0,6
59,735,B,1,39,258,8,7,143,0,7
60,736,B,1,34,331,10,25,222,0,11
61,736,C,1,18,172,4,11,106,0,12
62,736,E,1,6,116,1,8,125,0,5
63,737,B,1,21,228,8,16,220,0,15
64,737,C,1,28,248,9,15,212,0,10
65,737,E-1,1,57,350,31,29,286,0,10
66,737,E-2,1,51,370,25,16,261,0,8
67,737,E-3,1,75,277,23,20,188,0,3
68,737,E-4,1,27,155,4,11,114,0,4
69,737,E-5,1,30,249,10,17,199,0,5
70,738,B,1,11,240,6,16,166,0,4
71,738,C,1,12,248,3,12,177,1,5
72,747,B,1,19,144,1,8,123,0,0
73,747,C,1,17,155,10,8,118,0,8
74,748,B,1,12,154,4,10,139,0,10
75,748,C,1,10,150,3,6,141,0,6
76,750,B,1,71,206,16,3,153,0,8
80,608,B,2,8,161,2,7,238,0,14
81,608,C,2,11,183,4,10,216,0,0
82,609,B,2,14,255,1,7,268,0,12
83,609,C-1,2,10,150,3,5,160,0,9
84,609,C-2,2,8,177,4,8,179,0,530
85,609,E-1,2,20,296,10,8,349,0,14
86,609,E-2,2,22,310,2,4,274,0,14
87,609,E-3,2,28,217,4,8,179,0,13
88,609,E-4,2,10,141,3,7,168,0,6
89,611,B,2,6,343,1,8,295,0,14
90,611,C,2,14,302,6,8,256,0,16
91,611,E-1,2,18,219,11,5,303,0,9
92,611,E-2,2,2,69,1,1,60,0,0
93,611,E-3,2,11,193,6,5,225,1,10
94,612,B,2,19,356,7,6,412,0,14
95,612,E-1,2,11,97,8,6,233,0,2
96,613,B,2,20,187,9,6,211,0,1
97,613,C,2,22,165,11,3,240,0,6
98,614,B,2,15,247,9,11,244,0,8
99,615,B,2,17,256,6,5,327,0,7
100,616,B,2,8,157,6,3,216,0,9
101,616,C,2,5,183,6,3,221,0,6
102,617,B,2,16,200,2,4,222,0,8
103,617,C,2,9,198,3,7,245,0,10
104,618,B,2,10,148,5,6,185,0,3
105,619,B,2,6,210,6,4,153,0,7
106,620,B,2,26,247,9,2,236,0,9
107,621,B,2,8,139,3,5,153,0,3
108,621,C,2,9,160,0,4,142,0,2
109,644,B,2,14,243,7,13,306,0,0
110,645,B,2,26,268,8,14,292,2,12
111,646,B,2,21,150,3,8,165,0,16
112,646,C,2,20,136,8,7,199,0,9
113,647,B,2,4,125,9,3,205,0,7
114,648,B,2,21,185,11,13,220,0,8
115,649,B,2,25,187,5,8,143,0,8
116,650,B,2,11,177,10,18,163,0,0
117,677,B,2,20,222,8,3,244,0,15
118,678,B,2,11,157,5,7,216,0,8
119,678,C,2,12,166,5,4,212,1,3
120,679,B,2,8,175,4,3,203,0,12
121,679,C,2,9,166,3,1,208,0,17
122,694,B,2,4,184,4,3,156,0,12
123,694,C,2,9,167,2,2,149,0,11
124,712,B,2,3,239,2,5,248,0,14
125,768,B,2,1,31,0,0,42,0,0
126,769,B,2,0,63,0,0,27,0,1
127,769,E-1,2,5,49,0,4,86,0,0
128,769,E-2,2,0,125,0,0,1,,9
129,772,B,2,2,106,0,0,89,0,8
130,772,E,2,1,29,0,0,56,0,1
131,774,C,2,7,88,2,3,191,0,10
132,778,B,2,3,118,1,0,139,0,12
133,779,B,2,13,165,0,3,285,0,18
134,780,B,2,14,135,3,8,278,0,33
135,780,C,2,14,135,3,8,274,0,21
136,781,B,2,14,135,3,3,269,0,12
137,782,B,2,10,213,0,1,359,0,0
138,783,B,2,7,147,4,7,404,0,7
139,784,B,2,3,48,1,0,47,0,5
140,784,E,2,4,21,0,0,101,0,1
141,785,B,2,11,89,3,2,155,0,26
142,785,C,2,12,110,0,3,126,0,40
143,786,B,2,2,171,1,0,42,0,6
144,787,B,2,1,125,1,1,70,0,14
145,788,B,2,10,225,2,4,308,0,22
146,789,B,2,20,212,4,3,304,0,34
147,796,B,2,6,242,2,7,208,0,10
148,798,B,2,4,157,3,7,190,0,4
149,799,B,2,5,215,2,9,177,0,12
153,411,B,3,12,222,5,12,103,,14
154,411,C,3,11,194,8,9,127,,25
155,411,E,3,3,26,1,,24,,
156,412,B,3,29,280,5,14,191,,25
157,412,C,3,16,306,5,17,180,,33
158,413,B,3,5,45,,,33,,4
159,414,B,3,5,95,1,,80,,12
160,414,E,3,4,102,,,41,,6
161,415,B,3,17,224,,2,117,,16
162,416,B,3,11,197,2,2,56,,26
163,416,C,3,18,177,,4,71,,
164,417,B,3,4,41,,3,40,,12
165,417,E,3,2,40,,,38,,2
166,418,B,3,2,87,1,2,107,2,10
167,419,B,3,2,238,1,5,39,,17
168,420,B,3,9,131,3,6,60,,6
169,421,B,3,6,228,2,8,174,,9
170,421,C,3,10,237,3,6,161,,9
171,422,B,3,12,207,4,6,73,,15
172,422,E,3,,47,,,14,,7
173,423,B,3,8,218,,,41,,16
174,423,E,3,6,50,,,50,1,5
175,424,B,3,6,110,,2,22,,9
176,424,E,3,9,52,1,,6,,9
177,425,B,3,9,173,,5,96,,5
178,426,B,3,1,96,,,20,,
179,427,B,3,8,301,3,12,168,,13
180,428,B,3,4,40,,,40,,5
181,429,B,3,13,230,6,14,164,,28
182,430,B,3,17,159,6,6,85,,9
183,431,B,3,15,172,4,9,96,,11
184,432,B,3,14,52,1,2,12,,8
185,433,B,3,9,192,3,6,155,,11
186,433,C,3,13,210,2,8,145,,12
187,434,B,3,5,66,,,3,,4
188,610,B,3,67,314,10,9,174,0,5
189,610,C,3,73,308,13,12,181,0,5
190,727,B,3,50,227,7,5,160,0,9
191,729,B,3,36,219,10,9,171,1,9
192,734,B,3,48,284,6,26,133,0,16
193,739,B,3,40,265,6,8,146,0,17
194,739,C,3,30,244,11,7,176,0,14
195,740,B,3,38,156,5,1,85,0,8
196,740,C,3,33,155,3,7,107,0,10
197,741,B,3,59,253,12,18,148,0,8
198,745,B,3,67,165,2,2,119,0,8
199,745,C,3,67,158,3,7,129,0,10
200,746,B,3,36,220,3,6,141,0,8
201,746,C,3,31,222,7,11,134,0,8
202,749,B,3,32,311,8,9,151,0,6
203,749,C,3,32,295,17,11,159,0,12
204,751,B,3,34,292,12,9,134,0,8
205,752,B,3,47,174,5,7,103,0,9
206,752,C,3,60,177,6,7,101,0,15
207,753,B,3,19,201,5,6,130,1,5
208,753,C,3,39,191,7,9,106,0,10
209,755,B,3,39,301,4,11,185,0,12
210,756,B,3,20,206,11,9,66,0,2
211,756,C,3,34,183,12,12,89,0,0
212,757,B,3,35,306,8,11,134,1,3
213,758,B,3,29,303,8,4,152,0,14
214,758,C,3,34,267,6,8,165,0,19
215,758,E-1,3,4,47,2,1,47,0,3
216,758,E-2,3,36,206,11,8,162,0,5
217,759,B,3,17,185,5,2,104,0,7
218,759,C,3,18,184,4,7,120,0,12
219,760,B,3,10,163,6,4,110,0,3
220,760,C,3,15,157,4,10,94,0,7
221,761,B,3,20,287,10,5,133,0,8
222,762,B,3,12,207,4,6,85,0,14
223,762,C,3,29,193,7,5,110,0,3
224,763,B,3,15,194,5,13,139,0,7
225,763,C,3,9,184,3,9,150,0,8
226,764,B,3,24,315,8,21,164,0,7
227,764,C-1,3,51,350,12,24,175,0,12
228,764,C-2,3,38,344,7,23,152,0,8
229,765,B,3,38,200,7,10,142,0,6
230,765,C-1,3,21,254,6,6,128,0,12
231,765,C-2,3,32,229,6,5,117,0,5
232,766,B,3,12,183,3,14,107,0,5
233,766,C,3,18,195,4,14,70,0,4
234,767,B,3,19,242,5,4,127,0,9
235,797,B,3,56,276,1,7,104,0,55
236,804,B,3,19,207,5,19,95,0,14
237,804,C-1,3,12,215,5,17,100,0,0
238,804,C-2,3,24,219,7,18,99,0,10
239,805,B,3,15,202,2,8,64,0,2
240,805,C,3,21,191,3,16,59,0,7
241,807,B,3,9,248,8,5,167,0,12
242,807,C,3,16,269,10,6,162,0,14
243,808,B,3,15,226,6,8,72,0,3
244,809,B,3,40,326,7,6,171,0,5
248,634,B,4,46,416,13,10,314,0,8
249,634,E-1,4,38,197,9,5,186,0,1
250,634,E-2,4,47,255,6,6,241,0,7
251,661,B,4,69,284,19,6,202,0,8
252,662,B,4,38,374,12,6,244,0,20
253,663,B,4,44,205,9,7,243,3,8
254,663,C,4,3,201,23,7,242,2,6
255,664,B,4,67,145,12,4,229,0,6
256,664,C,4,63,162,13,5,219,0,1
257,665,B,4,98,225,18,11,353,0,14
258,666,B,4,127,203,39,4,234,0,13
259,700,B,4,60,110,14,4,162,0,10
260,700,C,4,50,120,18,4,156,0,5
261,701,B,4,43,171,17,11,242,0,4
262,701,C,4,56,198,12,10,231,0,5
263,702,B,4,45,171,5,5,135,0,0
264,702,C,4,34,184,4,3,154,0,5
265,703,B,4,59,198,19,3,199,0,9
266,716,B,4,68,136,20,3,171,0,5
267,717,B,4,12,76,7,4,39,0,4
268,718,B,4,43,234,5,40,115,0,6
269,719,B,4,31,233,11,17,160,0,3
270,719,C,4,49,225,9,18,161,0,7
271,720,B,4,24,256,9,7,149,0,5
272,721,B,4,31,244,12,8,163,0,8
273,722,B,4,31,285,13,10,192,0,12
274,723,B,4,39,276,11,8,166,0,17
275,723,C,4,35,246,8,20,175,0,47
276,724,B,4,39,183,7,9,165,0,6
277,724,C-1,4,34,234,8,4,126,0,12
278,724,C-2,4,34,204,12,17,141,0,6
279,730,B,4,53,312,12,10,226,0,11
280,731,B,4,35,264,6,17,149,0,6
281,732,B,4,30,283,7,9,205,0,12
282,733,B,4,20,221,13,8,134,0,7
283,733,C,4,19,198,7,4,188,0,9
284,742,B,4,23,129,11,4,125,0,6
285,742,C,4,24,150,12,4,105,0,5
286,743,B,4,37,242,9,9,164,0,10
287,744,B,4,24,192,4,9,173,1,6
288,744,C,4,28,175,9,7,184,0,5
289,754,B,4,21,200,9,6,186,0,10
290,754,C,4,26,205,1,8,166,2,4
291,770,B,4,30,273,2,3,153,4,17
292,770,E,4,6,19,1,0,35,0,2
293,771,B,4,4,75,0,5,36,0,4
294,771,E,4,3,45,0,0,5,0,4
295,773,B,4,6,181,4,3,43,0,5
296,775,B,4,4,42,0,2,31,0,3
297,775,E,4,2,30,2,1,17,0,0
298,776,B,4,3,38,2,2,7,0,2
299,777,B,4,2,30,1,2,25,0,0
300,790,B,4,5,61,2,1,36,0,5
301,791,B,4,3,56,1,0,25,0,6
302,792,B,4,13,184,2,0,192,0,7
303,793,B,4,16,118,4,2,59,0,3
304,794,B,4,32,84,1,0,65,0,9
305,795,B,4,19,228,2,3,69,0,17
306,800,B,4,10,143,3,4,67,0,13
307,801,B,4,28,210,6,7,187,0,26
308,802,B,4,14,186,5,4,121,4,4
309,803,B,4,16,147,1,2,26,0,7
310,803,E-1,4,2,73,2,2,91,0,3
311,803,E-2,4,8,86,1,1,22,0,1
312,806,B,4,14,216,11,3,126,0,14
313,844,B,4,30,379,11,17,222,,16
314,844,C,4,27,214,11,6,109,,15
315,844,E,4,20,145,1,5,38,,7
316,845,B,4,24,261,12,3,129,,11
317,845,C1,4,30,221,2,8,136,1,11
318,845,C2,4,30,211,14,3,162,3,14
319,846,B,4,23,268,9,8,156,,18
320,846,C,4,29,313,10,6,129,,10
321,847,B,4,26,323,17,14,111,,10
322,847,C,4,21,250,15,13,98,,4
323,847,E1,4,27,338,10,4,167,,9
324,847,E2,4,18,330,10,5,113,,5
325,848,B,4,25,268,5,6,117,,6
326,848,C,4,16,305,4,10,126,,13
327,849,B,4,14,282,7,4,125,,13
328,850,B,4,20,206,4,6,104,,4
329,850,C,4,26,193,6,11,92,,8
330,851,B,4,11,257,4,7,124,,5
331,852,B,4,13,347,13,8,192,,20
332,853,B,4,19,357,6,8,142,,12
333,854,B,4,16,200,,5,106,,
334,854,C,4,16,171,3,5,115,,8
335,855,B,4,16,315,5,8,140,,6
336,856,B,4,,242,3,,18,,
337,856,E,4,11,105,1,,41,,
338,857,B,4,26,164,3,8,104,,10
339,857,C,4,19,141,4,10,125,,5
340,858,B,4,31,296,5,10,202,,23
341,859,B,4,10,279,8,3,177,,12
342,859,C,4,6,248,8,5,174,,18
343,860,B,4,53,133,5,5,27,,18
344,861,B,4,10,314,7,5,136,,16
345,862,B,4,11,162,1,,53,,10
346,862,E1,4,2,80,1,1,38,,3
347,862,E2,4,6,103,,3,16,,12
348,863,B,4,9,185,2,,68,,2
349,864,B,4,7,220,7,2,113,,8
350,864,C,4,14,152,8,6,108,,10
351,864,E,4,1,42,,,17,,2
352,865,B,4,15,270,7,4,86,,12
353,865,E,4,5,61,,8,46,,5
357,597,B,5,28,115,9,69,124,0,18
358,598,B,5,31,368,11,109,215,0,25
359,598,C,5,13,158,5,64,131,0,22
360,598,E,5,17,134,10,142,132,0,19
361,599,B,5,8,159,5,53,56,0,11
362,600,B,5,12,190,6,28,79,0,7
363,600,C,5,8,149,3,26,68,1,11
364,601,B,5,39,261,5,30,114,0,19
365,601,C,5,44,237,10,36,135,0,10
366,602,B,5,32,183,9,28,128,0,8
367,602,C,5,34,190,16,31,145,0,3
368,603,B,5,15,161,5,29,70,0,11
369,603,C,5,24,141,2,28,92,0,0
370,604,B,5,31,270,5,26,110,0,12
371,605,B,5,22,246,5,86,141,0,24
372,606,B,5,27,143,2,25,100,0,10
373,606,C,5,21,172,10,20,92,0,14
374,607,B,5,31,225,11,95,109,0,43
375,607,C,5,34,207,11,98,126,0,20
376,622,B,5,33,230,11,46,138,0,15
377,623,B,5,18,151,4,40,104,0,12
378,623,C,5,15,151,9,34,100,0,11
379,624,B,5,31,237,11,55,116,0,15
380,625,B,5,21,218,9,11,141,0,16
381,626,B,5,34,187,5,50,103,0,9
382,626,C,5,36,180,6,59,109,0,16
383,627,B,5,30,177,5,30,117,0,4
384,627,C,5,22,169,7,38,109,0,7
385,628,B,5,17,194,4,21,82,0,4
386,628,C,5,24,180,4,12,71,0,11
387,629,B,5,11,167,5,21,71,2,11
388,629,C,5,17,168,7,23,85,0,12
389,630,B,5,15,191,10,31,141,0,16
390,630,C,5,22,192,12,53,110,0,18
391,631,B,5,27,191,8,54,138,0,16
392,631,C,5,22,185,12,76,161,0,15
393,632,B,5,11,147,7,86,107,0,16
394,632,C,5,9,145,5,68,113,0,10
395,633,B,5,22,176,7,39,111,0,13
396,633,C-1,5,26,122,12,46,110,0,10
397,633,C-2,5,12,154,7,48,105,0,12
398,633,E,5,63,347,23,36,242,0,13
399,635,B,5,44,232,17,29,181,0,11
400,635,C,5,37,239,16,29,175,0,9
401,636,B,5,19,190,12,43,114,0,14
402,637,B,5,63,242,8,23,149,0,14
403,638,B,5,32,215,6,27,106,0,9
404,639,B,5,27,248,10,34,225,2,12
405,640,B,5,25,177,11,18,99,0,8
406,640,C,5,29,177,4,15,104,0,4
407,641,B,5,16,192,6,27,99,0,5
408,642,B,5,39,224,7,30,111,0,17
409,643,B,5,30,170,8,9,94,0,12
410,643,C,5,24,173,8,14,111,0,10
411,651,B,5,25,171,10,26,131,0,7
412,651,C,5,28,150,12,27,139,0,5
413,652,B,5,49,232,9,23,179,0,13
414,654,B,5,34,183,11,19,148,0,10
415,655,B,5,20,249,7,19,166,0,13
416,656,B,5,21,290,7,30,219,0,16
417,657,B,5,16,221,13,25,217,0,9
418,658,B,5,19,263,18,35,298,0,19
419,659,B,5,25,174,7,23,138,0,12
420,660,B,5,21,235,13,19,159,0,9
421,667,B,5,26,229,11,21,223,1,11
422,668,B,5,32,181,16,17,179,0,9
426,257,B,6,71,80,2,14,156,,36
427,258,B,6,55,81,1,9,121,,32
428,258,C,6,59,62,2,12,130,,37
429,259,B,6,50,125,11,9,43,,46
430,259,C,6,65,133,1,5,41,,30
431,259,E,6,31,371,1,10,34,,40
432,260,B,6,131,49,2,13,65,,21
433,260,E,6,49,23,,1,24,,21
434,261,B,6,36,74,,,111,,24
435,262,B,6,110,205,1,16,26,,13
436,262,E,6,54,148,2,,9,,16
437,263,B,6,5,12,,,64,,3
438,264,B,6,24,54,,,48,,17
439,264,E,6,12,11,2,,25,,8
440,265,B,6,40,39,2,1,90,,19
441,266,B,6,23,55,,,105,,23
442,267,B,6,45,104,,2,77,,23
443,267,C,6,46,115,,1,71,,31
444,267,E1,6,22,83,,1,57,,8
445,267,E2,6,41,29,,2,61,,11
446,268,B,6,28,110,,1,30,,7
447,268,E1,6,6,62,,4,58,,9
448,268,E2,6,13,126,,2,26,,15
449,269,B,6,99,114,2,12,30,,28
450,270,B,6,82,108,3,4,48,,34
451,270,C,6,79,112,,4,46,,39
452,270,E,6,40,99,,2,42,,29
453,271,B,6,33,105,,3,51,,8
454,271,E,6,12,96,,,65,,15
455,272,B,6,31,122,1,26,46,,
456,273,B,6,44,78,4,21,48,,31
457,273,E,6,16,33,2,36,70,,25
458,274,B,6,29,145,3,,141,,
459,275,B,6,19,41,,1,33,,12
460,275,E,6,13,40,,11,54,,7
461,276,B,6,60,96,1,22,25,,22
462,276,E1,6,88,42,,3,8,,7
463,276,E2,6,94,67,1,26,21,,16
464,866,B,6,129,151,4,13,13,,32
465,867,B,6,132,293,3,5,15,,45
466,867,E,6,55,19,1,5,12,,19
467,868,B,6,44,148,,6,2,,16
468,869,B,6,239,145,7,,3,,30
469,869,C,6,242,134,,5,,,22
470,870,B,6,260,279,1,1,7,,38
471,872,B,6,60,97,1,3,1,,11
472,873,B,6,41,46,,7,4,,11
473,873,E,6,29,33,,1,,,4
474,873,E,6,40,34,,,,,2
475,873,E,6,6,49,,3,1,,
476,874,B,6,54,38,1,2,1,,7
477,874,E,6,17,28,,1,2,,
478,874,E,6,41,42,,1,,,7
479,875,B,6,21,45,,,3,,16
480,876,B,6,15,57,,,,,2
481,876,E,6,24,32,,1,1,,2
482,878,B,6,107,261,1,1,2,,6
483,878,E,6,36,109,,,1,,10
487,49,B,7,83,126,1,58,13,,14
488,50,B,7,117,185,2,65,17,,12
489,51,B,7,120,204,,85,10,,38
490,52,B,7,107,226,4,125,12,,27
491,53,B,7,92,291,2,117,11,,29
492,54,B,7,93,150,1,52,19,,15
493,54,C,7,80,158,2,80,8,,15
494,55,B,7,7,108,2,48,14,,9
495,56,B,7,20,279,2,101,29,,26
496,57,B,7,17,217,6,173,29,,60
497,58,B,7,38,91,1,105,27,,31
498,59,B,7,52,145,3,117,24,,25
499,59,C,7,49,165,3,90,25,,29
500,60,B,7,24,104,,181,11,,29
501,61,B,7,39,141,3,131,26,,19
502,61,E,7,21,46,,22,2,,6
503,62,B,7,25,55,2,19,1,,9
504,63,B,7,33,60,1,37,6,,6
505,64,B,7,5,98,,22,1,,
506,65,B,7,6,120,,149,5,,
507,65,E,7,31,42,1,36,2,,6
508,239,B,7,166,127,,8,20,,12
509,240,B,7,108,130,,37,36,,20
510,241,B,7,189,239,6,43,38,,33
511,242,B,7,199,236,5,49,19,,19
512,243,B,7,150,164,1,47,34,,13
513,244,B,7,216,242,,54,44,,19
514,245,B,7,24,47,,13,2,,11
515,246,B,7,9,56,,2,2,,1
516,246,E,7,54,1,,21,3,,9
517,247,B,7,71,68,1,20,18,,5
518,248,B,7,221,163,2,193,7,,38
519,249,B,7,190,171,5,102,10,,21
520,250,B,7,78,196,2,71,5,,10
521,251,B,7,82,105,,57,5,,9
522,252,B,7,88,390,3,65,12,2,25
523,252,E,7,42,95,,40,2,,8
524,253,B,7,160,121,1,62,12,,20
525,253,C,7,194,107,,66,12,,20
526,254,B,7,237,132,2,59,13,,16
527,255,B,7,85,146,1,74,13,,7
528,256,B,7,113,167,1,98,6,1,14
532,124,B,8,36,225,7,7,92,,17
533,125,B,8,29,191,4,3,73,,15
534,125,C,8,31,166,1,3,99,,12
535,126,B,8,38,258,3,7,99,,14
536,127,B,8,53,281,2,3,104,,9
537,128,B,8,38,361,2,5,146,1,13
538,129,B,8,57,169,4,4,93,,12
539,129,C,8,50,171,4,2,110,,6
540,130,B,8,55,223,4,5,79,1,9
541,131,B,8,39,251,6,8,88,,11
542,132,B,8,47,260,,8,119,,19
543,133,B,8,11,177,3,12,74,,11
544,133,C,8,8,167,1,15,104,,
545,134,B,8,37,341,3,18,93,,17
546,135,B,8,42,331,6,2,106,1,14
547,136,B,8,49,292,1,3,125,,14
548,137,B,8,31,179,1,2,68,,8
549,137,E,8,16,146,4,10,109,,7
550,138,B,8,13,126,3,1,83,,10
551,139,B,8,16,94,9,8,134,2,10
552,140,B,8,5,159,,6,129,3,11
553,141,B,8,17,189,15,5,48,,11
554,142,B,8,8,57,,1,22,,2
555,143,B,8,1,70,,4,27,,3
556,143,E,8,4,61,,,2,,8
557,144,B,8,12,126,1,3,149,,9
558,145,B,8,10,135,1,2,141,,7
559,145,E,8,7,30,4,1,30,,1
560,146,B,8,9,63,2,,22,,
561,147,B,8,6,82,2,2,102,,14
562,148,B,8,21,180,1,1,161,,4
563,149,B,8,23,128,2,,149,,7
564,150,B,8,16,99,,1,162,,8
565,151,B,8,18,113,3,2,124,,3
566,151,C,8,18,96,,2,130,,13
567,152,B,8,18,153,3,1,121,3,16
568,153,B,8,4,70,2,1,18,,6
569,154,B,8,21,95,11,,47,1,8
570,155,B,8,10,128,2,2,69,,1
571,156,B,8,6,145,2,2,46,,11
572,157,B,8,26,96,5,17,92,,11
573,157,E,8,19,9,,2,29,,2
574,158,B,8,44,120,15,2,147,,16
575,159,B,8,48,82,4,1,122,,9
576,160,B,8,40,118,4,,162,1,15
577,161,B,8,40,80,,3,117,,13
578,161,C,8,41,65,1,1,137,,3
579,162,B,8,61,107,1,2,65,,9
580,163,B,8,46,96,6,,102,,10
581,164,B,8,55,139,2,6,100,,9
582,165,B,8,58,137,,1,139,,9
583,166,B,8,70,100,28,2,107,,
584,167,B,8,85,167,13,6,137,,23
585,168,B,8,57,67,12,2,123,1,6
586,168,C,8,43,76,8,,104,,6
587,169,B,8,90,114,11,5,139,1,12
588,170,B,8,15,64,2,1,35,1,3
589,171,B,8,11,120,6,3,97,,13
590,171,C,8,10,113,6,3,104,,7
591,172,B,8,2,22,2,20,19,,
592,173,B,8,11,97,3,5,93,,
593,173,C,8,12,112,1,5,92,,6
594,174,B,8,,33,1,,21,,
595,175,B,8,11,193,1,1,81,,3
596,176,B,8,8,207,2,1,104,,11
597,177,B,8,25,321,7,12,65,,21
598,178,B,8,18,137,2,6,87,,3
599,179,B,8,12,103,6,23,75,,17
600,180,B,8,16,144,5,21,98,,9
601,181,B,8,1,43,,1,17,,3
602,181,E,8,5,61,2,2,26,,4
603,191,B,8,5,42,,,25,,6
604,191,E,8,2,28,,3,3,,1
605,398,B,8,166,325,2,2,22,1,23
606,399,B,8,188,291,2,6,25,,19
607,400,B,8,176,248,1,1,28,1,19
608,401,B,8,138,202,2,,43,,19
609,402,B,8,4,109,,,3,,4
610,403,B,8,29,94,,1,24,,5
611,404,B,8,40,96,,1,8,,7
612,404,E,8,23,33,,,9,1,1
613,405,B,8,8,52,,2,7,,1
614,406,B,8,81,142,,,20,,21
615,407,B,8,66,86,2,2,10,,12
616,408,B,8,165,108,,1,41,,33
617,409,B,8,67,129,,1,10,,22
618,410,B,8,59,286,2,,21,,21
622,347,B,9,163,94,38,26,100,,
623,347,C,9,175,102,48,20,93,,
624,348,B,9,232,98,21,36,117,1,38
625,349,B,9,210,157,26,28,113,,22
626,350,B,9,150,69,25,38,78,,14
627,350,C,9,114,85,29,20,78,,12
628,351,B,9,154,149,48,33,122,,11
629,352,B,9,199,121,51,41,137,,27
630,353,B,9,161,95,1,2,31,,
631,354,B,9,33,78,0,1,78,,16
632,355,B,9,39,73,2,3,40,,11
633,356,B,9,242,180,1,3,44,,30
634,357,B,9,143,159,9,1,63,,
635,358,B,9,51,72,1,8,82,,5
636,359,B,9,127,72,2,4,143,2,16
637,360,B,9,137,119,6,6,141,,16
638,361,B,9,155,122,7,12,133,2,12
639,362,B,9,106,33,2,4,20,,9
640,363,B,9,40,13,0,2,18,,
641,364,B,9,25,27,1,16,9,,7
642,365,B,9,76,61,1,5,27,,9
643,366,B,9,57,132,1,26,57,1,34
644,367,B,9,90,106,5,1,29,,20
645,367,C,9,83,120,1,8,34,,13
646,368,B,9,67,119,1,5,55,,4
647,369,B,9,84,172,0,4,57,,17
648,370,B,9,137,90,5,6,20,,
649,371,B,9,27,19,4,1,4,,
650,372,B,9,48,26,3,6,46,,7
651,373,B,9,54,112,4,3,15,,8
652,374,B,9,25,39,9,8,10,,10
653,375,B,9,32,36,1,2,13,,
654,376,B,9,150,113,2,6,50,,
655,376,C,9,154,91,0,5,28,,15
656,377,B,9,27,23,0,1,23,,4
657,378,B,9,29,35,2,4,26,,
658,379,B,9,2,16,2,1,25,,2
659,380,B,9,18,51,1,0,20,,5
660,381,B,9,9,41,0,2,33,,2
661,382,B,9,67,210,5,9,191,1,20
662,383,B,9,72,191,3,7,123,,18
663,384,B,9,56,61,2,32,64,,12
664,385,B,9,73,125,2,14,191,,25
665,386,B,9,155,173,6,24,158,,25
666,387,B,9,104,193,1,10,170,,27
667,388,B,9,109,93,2,2,124,,8
668,389,B,9,61,108,2,2,147,,15
669,390,B,9,119,263,1,5,120,,23
670,391,B,9,69,65,0,1,24,,
671,392,B,9,110,182,5,34,45,,31
672,393,B,9,32,117,3,6,74,,23
673,394,B,9,11,51,4,1,72,,16
674,395,B,9,148,199,3,9,59,5,19
675,396,B,9,63,38,1,0,9,,6
676,397,B,9,9,44,0,1,2,,
680,435,B,10,32,152,4,4,183,,
681,441,B,10,29,141,0,7,285,,17
682,442,B,10,36,130,2,2,309,,12
683,443,B,10,23,157,0,1,241,,2
684,444,B,10,54,83,0,7,119,,2
685,445,B,10,25,89,0,5,109,,4
686,446,B,10,100,103,1,5,175,,4
687,453,B,10,51,43,0,5,95,,
688,454,B,10,26,47,1,0,74,,3
689,455,B,10,23,84,0,3,226,,3
690,456,B,10,12,76,0,2,125,,5
691,463,B,10,35,333,3,2,152,,
692,467,B,10,10,116,1,2,63,,
693,468,B,10,7,167,1,1,87,,
694,469,B,10,3,146,1,0,158,,9
695,475,B,10,12,73,0,2,111,,1
696,489,B,10,12,123,2,1,93,,7
697,489,E,10,3,27,0,1,59,,
698,490,B,10,21,140,1,3,124,,7
699,492,B,10,5,87,0,6,98,,7
700,493,B,10,7,182,2,10,313,2,10
701,494,B,10,7,109,2,3,169,,9
702,495,B,10,5,130,1,3,196,,
703,496,B,10,9,165,0,2,129,,10
704,497,B,10,70,155,4,6,216,,20
705,498,B,10,10,178,0,1,222,,8
706,499,B,10,6,105,2,3,23,,1
707,500,B,10,13,127,0,7,54,,7
708,501,B,10,30,84,0,1,132,,7
709,502,B,10,25,171,3,6,182,1,17
710,503,B,10,14,77,0,3,110,,17
711,503,C,10,12,88,2,1,121,,9
712,504,B,10,21,161,3,3,124,,20
713,520,B,10,15,136,0,3,203,,10
714,532,B,10,25,117,0,8,168,1,2
715,532,C,10,23,106,3,11,187,,7
716,534,B,10,7,83,0,13,73,,
717,535,B,10,10,110,0,46,86,,17
718,536,B,10,6,139,1,17,83,,5
719,537,B,10,9,145,1,2,168,,5
720,538,B,10,12,179,0,6,159,,3
721,539,B,10,31,131,0,3,135,,14
722,540,B,10,27,108,2,6,181,,18
723,541,B,10,27,160,2,5,207,,
724,542,B,10,11,201,1,7,232,,9
725,542,E,10,7,31,0,6,58,,1
729,436,B,11,49,241,8,15,250,,3
730,437,B,11,64,155,6,8,196,,10
731,437,C,11,54,170,6,16,185,,12
732,438,B,11,55,200,3,11,155,,10
733,439,B,11,27,116,2,6,131,,6
734,440,B,11,23,105,3,6,189,,7
735,447,B,11,40,220,3,11,279,,6
736,448,B,11,51,153,12,7,192,,11
737,449,B,11,21,79,1,2,61,,1
738,450,B,11,36,144,6,7,144,,9
739,451,B,11,35,92,2,2,130,1,7
740,451,C,11,32,119,2,6,118,1,8
741,452,B,11,23,154,2,6,100,,5
742,457,B,11,93,341,2,4,140,,11
743,458,B,11,121,173,0,2,91,,14
744,459,B,11,187,228,5,9,143,1,26
745,460,B,11,286,163,0,3,28,,17
746,460,E1,11,42,20,0,2,6,,10
747,460,E2,11,18,23,0,0,2,,
748,461,B,11,193,102,1,1,10,,18
749,462,B,11,58,39,0,12,5,,4
750,464,B,11,113,89,1,0,9,,12
751,465,B,11,163,150,0,4,27,,36
752,466,B,11,275,68,0,0,13,,41
753,470,B,11,15,175,4,10,241,,5
754,471,B,11,3,108,0,1,130,,3
755,472,B,11,16,149,1,3,215,,14
756,473,B,11,11,173,0,7,175,,4
757,474,B,11,13,146,2,8,215,,6
758,487,B,11,20,119,2,1,203,1,8
759,487,E1,11,12,79,0,4,61,,2
760,487,E2,11,2,13,0,1,19,,2
761,488,B,11,9,162,1,1,202,,3
762,491,B,11,13,69,1,2,183,,1
763,505,B,11,46,212,4,17,205,1,14
764,506,B,11,7,94,0,2,149,1,2
765,507,B,11,13,152,1,8,159,,8
766,508,B,11,36,207,3,12,235,5,12
770,476,B,12,14,76,0,7,51,,29
771,477,B,12,8,114,1,1,59,,
772,478,B,12,17,86,1,0,66,,7
773,478,E,12,4,45,0,0,28,,
774,479,B,12,5,33,0,1,13,,4
775,480,B,12,12,61,1,0,39,,2
776,480,E1,12,7,71,0,1,10,,3
777,480,E2,12,6,24,0,1,14,,
778,481,B,12,5,38,0,2,29,,9
779,482,B,12,25,218,4,10,162,3,16
780,483,B,12,13,162,0,15,88,,14
781,483,C,12,10,159,1,5,114,,14
782,484,B,12,24,226,5,8,136,,18
783,485,B,12,23,214,0,6,127,,9
784,486,B,12,14,64,1,4,79,,
785,509,B,12,11,115,2,7,87,,5
786,510,B,12,4,125,1,6,119,,6
787,511,B,12,19,112,2,11,84,,7
788,511,C,12,10,113,2,13,97,,6
789,512,B,12,33,160,4,19,161,2,13
790,513,B,12,26,212,1,20,77,,9
791,514,B,12,4,69,0,1,21,,
792,514,E,12,2,17,0,2,18,,
793,515,B,12,25,145,1,3,90,,6
794,516,B,12,5,127,3,2,143,,4
795,517,B,12,7,121,2,4,90,,7
796,518,B,12,4,73,0,3,13,,3
797,519,B,12,24,100,1,22,39,,5
798,521,B,12,45,113,1,12,115,1,17
799,522,B,12,80,148,1,8,153,,19
800,523,B,12,152,206,2,8,127,,22
801,524,B,12,49,108,0,12,131,,15
802,525,B,12,22,111,0,4,95,,5
803,526,B,12,57,222,3,6,174,,15
804,527,B,12,26,161,3,4,157,,7
805,528,B,12,24,116,0,1,140,,10
806,528,C,12,19,89,0,8,152,,11
807,529,B,12,24,93,0,6,126,1,13
808,530,B,12,21,150,1,4,123,,7
809,531,B,12,53,148,3,20,219,1,26
810,533,B,12,4,26,0,6,38,,3
811,543,B,12,18,158,3,7,143,,11
812,543,C,12,21,115,1,5,150,,6
813,544,B,12,28,140,2,7,74,,6
814,545,B,12,16,160,2,166,82,,49
815,546,B,12,11,123,3,57,75,,18
816,546,E,12,5,24,2,29,41,,8
820,66,B,13,131,101,2,13,8,,7
821,67,B,13,232,131,1,20,14,,17
822,68,B,13,251,139,1,48,11,,10
823,69,B,13,128,113,4,26,10,,11
824,70,B,13,45,74,1,15,3,,
825,71,B,13,38,39,,3,1,1,8
826,72,B,13,32,25,2,7,2,,2
827,73,B,13,27,24,,,3,,2
828,74,B,13,27,84,,77,11,,12
829,74,E,13,18,17,,50,2,,1
830,75,B,13,116,140,2,8,11,,12
831,76,B,13,37,44,,7,1,,1
832,77,B,13,92,99,1,48,34,,16
833,78,B,13,94,144,2,60,34,,15
834,79,B,13,125,196,2,112,21,1,16
835,80,B,13,57,60,4,151,16,,14
836,81,B,13,25,31,3,64,7,,7
837,82,B,13,74,46,6,108,11,1,14
838,83,B,13,83,75,1,155,22,,8
839,84,B,13,41,39,,5,1,,1
840,85,B,13,11,18,,1,,,2
841,86,B,13,45,82,3,43,7,,7
842,87,B,13,29,26,,9,3,,7
843,88,B,13,82,118,,16,2,,8
844,89,B,13,33,120,1,46,1,,8
845,215,B,13,76,63,3,148,145,,18
846,215,C,13,69,89,1,147,127,,16
847,216,B,13,50,92,2,146,110,1,21
848,216,C,13,48,76,1,154,94,1,19
849,217,B,13,52,112,2,148,117,3,28
850,218,B,13,73,84,1,120,106,,20
851,218,C,13,64,95,2,103,134,,21
852,219,B,13,87,79,3,176,78,1,25
853,220,B,13,50,40,4,106,56,,10
854,220,C,13,63,40,2,106,44,,18
855,221,B,13,69,114,0,170,107,1,21
856,222,B,13,87,153,1,235,120,,15
857,223,B,13,56,197,4,225,163,2,13
858,224,B,13,43,134,0,123,112,,15
859,225,B,13,55,76,5,162,67,,22
860,226,B,13,42,128,4,140,113,,27
861,227,B,13,45,82,2,147,94,1,11
862,228,B,13,45,92,0,135,78,,8
863,229,B,13,58,124,0,160,100,,24
864,230,B,13,88,122,0,112,73,,8
865,231,B,13,58,96,3,195,111,,11
866,232,B,13,24,76,0,10,37,1,4
867,232,E1,13,5,36,1,2,44,,2
868,232,E2,13,4,19,1,15,19,,3
869,233,B,13,18,50,1,123,9,,13
870,234,B,13,41,51,0,29,24,,8
871,235,B,13,7,61,1,39,39,,9
872,236,B,13,44,81,3,80,57,,16
873,236,C,13,59,104,1,61,60,,13
874,237,B,13,17,28,1,8,20,,2
875,238,B,13,23,73,2,47,25,,10
879,90,B,14,45,115,6,21,104,,6
880,90,C1,14,44,120,8,12,113,,7
881,90,C2,14,80,213,9,39,200,2,9
882,90,E,14,38,91,2,1,61,,12
883,91,B,14,33,175,4,48,149,,15
884,92,B,14,34,74,3,25,154,,12
885,93,B,14,7,65,2,1,39,,5
886,94,B,14,34,156,2,8,118,,17
887,95,B,14,9,64,,25,49,,7
888,95,E,14,8,78,,10,60,,10
889,96,B,14,87,223,9,6,227,,24
890,97,B,14,76,187,4,8,328,,24
891,98,B,14,127,444,12,9,199,,39
892,98,E1,14,23,29,3,,53,,12
893,98,E2,14,10,77,6,,32,,9
894,99,B,14,58,109,5,2,143,,15
895,100,B,14,78,53,4,9,161,,13
896,100,C,14,61,46,5,18,150,,10
897,101,B,14,56,55,4,16,208,,18
898,101,C,14,50,51,3,15,190,,18
899,102,B,14,58,36,2,6,222,1,14
900,102,C,14,55,45,1,3,202,,14
901,103,B,14,48,74,4,16,151,2,19
902,103,C,14,63,76,2,14,163,,21
903,104,B,14,77,96,5,16,206,,29
904,104,C,14,99,55,7,23,208,,28
905,105,B,14,72,93,11,7,136,,22
906,105,C,14,84,107,3,9,135,2,15
907,106,B,14,73,113,10,18,120,,8
908,106,C,14,73,115,9,6,138,,16
909,107,B,14,116,120,18,15,243,,22
910,107,E,14,70,66,8,8,80,,7
911,108,B,14,90,177,31,27,216,,18
912,109,B,14,30,146,2,5,127,,4
913,110,B,14,11,164,2,3,96,,12
914,110,E,14,11,139,9,6,59,,6
915,111,B,14,52,156,4,4,154,,18
916,111,C1,14,48,123,8,3,175,,11
917,111,C2,14,55,125,4,7,136,,18
918,112,B,14,43,114,10,4,124,,15
919,112,C1,14,62,110,7,3,122,,8
920,112,C2,14,42,111,5,5,121,2,10
921,113,B,14,110,175,18,7,161,,13
922,114,B,14,35,149,30,6,143,,14
923,114,C,14,51,134,37,6,171,,8
924,115,B,14,108,118,5,7,121,,21
925,115,C1,14,93,131,4,13,125,,23
926,115,C2,14,89,122,11,16,143,,
927,116,B,14,108,112,5,12,169,,20
928,116,C,14,113,115,12,12,169,,17
929,117,B,14,78,87,15,15,123,,14
930,117,C,14,96,83,10,20,126,,17
931,118,B,14,61,197,11,7,94,,16
932,118,C1,14,82,168,4,8,1,,13
933,118,C2,14,58,198,9,9,95,,
934,119,B,14,81,198,9,4,149,,17
935,120,B,14,106,176,28,20,132,,30
936,120,C,14,85,164,25,9,142,,18
937,121,B,14,83,245,11,23,148,,19
938,122,B,14,68,193,8,14,119,,15
939,123,B,14,68,118,9,6,90,,12
940,182,B,14,15,62,4,24,13,,7
941,183,B,14,50,132,15,11,79,,21
942,184,B,14,63,153,11,41,96,,11
943,185,B,14,49,162,8,21,73,,15
944,186,B,14,41,157,3,24,62,,10
945,187,B,14,72,130,6,42,50,,16
946,188,B,14,61,157,5,25,68,,16
947,189,B,14,53,140,8,43,62,,15
948,190,B,14,33,89,7,23,59,,11
949,190,C,14,39,99,5,15,68,1,10
950,190,E1,14,34,186,11,45,178,,
951,190,E2,14,13,96,3,15,15,,5
952,192,B,14,42,262,8,16,90,1,18
953,193,B,14,7,84,1,2,7,,3
954,194,B,14,46,66,7,4,23,,6
955,195,B,14,29,66,9,2,71,,10
959,810,B,15,44,197,18,19,158,,19
960,811,B,15,36,160,8,24,106,,14
961,812,B,15,63,199,9,43,120,,24
962,813,B,15,86,151,13,21,88,,19
963,814,B,15,76,188,5,40,65,,8
964,815,B,15,74,186,10,31,74,,11
965,816,B,15,59,182,8,35,132,,22
966,817,B,15,80,102,10,4,39,,4
967,818,B,15,43,104,3,8,73,,6
968,819,B,15,88,143,14,6,82,,9
969,820,B,15,27,112,8,6,102,,8
970,821,B,15,71,126,19,25,75,,11
971,822,B,15,109,146,13,13,86,,25
972,823,B,15,112,171,20,2,135,,20
973,824,B,15,100,188,16,12,175,2,17
974,825,B,15,99,167,7,22,161,,22
975,826,B,15,54,64,10,3,111,,5
976,827,B,15,100,173,17,9,192,,20
977,828,B,15,36,112,7,6,78,,7
978,829,B,15,44,95,6,19,53,,7
979,830,B,15,73,207,6,20,73,,15
980,831,B,15,64,144,12,17,72,,19
981,832,B,15,51,200,13,14,93,,23
982,833,B,15,43,160,16,5,78,,11
983,834,B,15,59,119,13,15,46,,15
984,835,B,15,76,149,19,3,170,,13
985,836,B,15,60,314,,3,159,2,14
986,837,B,15,9,147,2,2,125,,
987,837,C,15,25,114,3,10,125,,12
988,837,E,15,8,33,,,14,,6
989,838,B,15,25,115,4,5,142,,13
990,838,C,15,35,119,2,4,119,,13
991,839,B,15,49,215,12,29,91,,35
992,840,B,15,25,142,16,23,166,1,16
993,841,B,15,41,172,4,17,68,,17
994,842,B,15,71,205,6,43,108,,22
995,843,B,15,41,221,1,18,99,,22
999,277,B,16,31,308,,54,79,1,22
1000,277,E,16,,37,,40,5,,2
1001,278,B,16,6,97,1,16,28,1,2
1002,278,E,16,1,66,2,78,7,,9
1003,279,B,16,1,79,2,18,33,,1
1004,280,B,16,12,79,,34,21,,13
1005,281,B,16,7,234,1,43,51,,16
1006,282,B,16,13,280,,59,31,,17
1007,283,B,16,5,115,2,45,52,,21
1008,284,B,16,2,51,,48,5,,3
1009,285,B,16,4,121,3,61,34,,17
1010,286,B,16,10,269,1,42,15,,23
1011,286,E,16,,76,,6,3,,10
1012,287,B,16,35,147,,75,39,,15
1013,288,B,16,87,209,4,93,33,,34
1014,289,B,16,89,278,5,96,67,,16
1015,290,B,16,2,178,5,97,57,,28
1016,291,B,16,4,288,4,132,18,,46
1017,291,E,16,,63,,4,4,,5
1018,292,B,16,2,100,,58,7,,6
1019,292,E,16,,55,1,19,1,,3
1020,293,B,16,1,62,1,62,10,,11
1021,294,B,16,,58,,38,3,,6
1022,295,B,16,7,188,1,160,28,,51
1023,296,B,16,7,208,1,136,8,1,19
1024,297,B,16,1,196,2,91,23,,1
1025,298,B,16,26,189,,47,47,,19
1026,299,B,16,27,150,2,53,46,,
1027,300,B,16,38,129,2,97,47,,23
1028,301,B,16,12,184,3,92,28,,16
1029,301,C,16,21,162,1,75,33,,22
1030,302,B,16,15,278,2,104,26,,15
1031,303,B,16,14,155,3,73,32,,12
1032,304,B,16,17,201,2,85,29,,
1033,305,B,16,4,186,,78,18,,33
1034,306,B,16,14,221,2,163,45,,39
1035,307,B,16,13,129,3,78,64,,23
1036,308,B,16,3,189,1,138,17,,21
1037,309,B,16,69,191,5,71,46,,27
1038,310,B,16,34,224,1,67,214,,22
1039,311,B,16,7,167,,23,111,1,13
1040,311,C,16,7,146,,22,128,,12
1041,311,E,16,5,106,,19,22,,10
1042,312,B,16,7,232,4,21,81,,3
1043,313,B,16,17,97,3,22,162,,8
1044,314,B,16,55,185,,55,16,,19
1045,315,B,16,54,174,1,91,22,,24
1046,316,B,16,7,19,1,6,20,,4
1047,316,E,16,1,27,1,5,29,,2
1048,316,E,16,,24,,13,4,,3
1049,317,B,16,3,126,,68,1,,17
1050,318,B,16,2,119,1,99,11,,17
1051,319,B,16,2,110,1,23,7,,23
1052,320,B,16,108,140,2,50,80,,13
1053,320,C,16,111,119,2,63,85,,
1054,321,B,16,79,193,3,57,196,,12
1055,322,B,16,96,160,2,106,147,3,22
1056,323,B,16,117,188,5,107,113,1,26
1057,324,B,16,60,122,1,152,128,,19
1058,325,B,16,56,82,2,46,104,,14
1059,326,B,16,50,143,,77,150,,21
1060,327,B,16,102,122,3,59,116,,18
1061,328,B,16,95,142,3,103,106,2,19
1062,329,B,16,106,110,3,102,164,1,19
1063,330,B,16,42,91,1,35,70,,9
1064,331,B,16,87,125,1,53,104,1,11
1065,332,B,16,1,54,,1,9,,
1066,333,B,16,8,101,1,49,64,,25
1067,333,E,16,6,87,,47,117,3,22
1068,334,B,16,8,44,,17,35,1,1
1069,334,E,16,1,52,,19,6,1,3
1070,335,B,16,,34,,12,40,,6
1071,336,B,16,11,89,,71,30,1,15
1072,337,B,16,58,94,4,78,55,1,22
1073,338,B,16,87,70,1,30,37,2,18
1074,339,B,16,8,58,,19,15,,2
1075,340,B,16,22,93,1,24,31,1,18
1076,341,B,16,27,141,1,47,53,1,20
1077,342,B,16,31,64,,19,40,1,16
1078,343,B,16,7,329,1,25,122,,12
1079,344,B,16,3,122,,11,134,,11
1080,345,B,16,13,73,1,36,53,,19
1081,346,B,16,21,35,2,21,44,,9
1082,346,E1,16,7,29,1,39,18,1,9
1083,346,E2,16,15,33,,8,8,,2
1087,547,B,17,99,74,1,3,86,5,14
1088,548,B,17,96,151,2,4,97,,14
1089,549,B,17,144,143,4,2,107,,5
1090,550,B,17,125,156,4,6,215,,
1091,550,E,17,33,68,2,2,38,,12
1092,551,B,17,95,167,,9,137,1,12
1093,552,B,17,80,223,2,5,94,,11
1094,553,B,17,129,92,,,66,,12
1095,554,B,17,156,151,,4,86,,12
1096,555,B,17,102,148,,1,76,,10
1097,556,B,17,76,64,,4,51,,2
1098,557,B,17,31,89,,3,48,,7
1099,558,B,17,68,73,3,23,92,,6
1100,559,B,17,81,82,5,3,75,,12
1101,560,B,17,92,86,1,7,66,,6
1102,561,B,17,121,75,,7,94,,4
1103,562,B,17,104,137,1,10,93,,7
1104,563,B,17,122,111,1,15,134,,11
1105,564,B,17,124,166,2,7,139,,
1106,565,B,17,20,48,,2,19,,3
1107,566,B,17,16,67,,,4,,
1108,567,B,17,24,281,1,1,86,,3
1109,567,E,17,7,34,,,27,,3
1110,568,B,17,39,213,,2,168,1,9
1111,569,B,17,82,52,1,,67,,9
1112,570,B,17,104,87,,,86,,32
1113,570,C,17,98,80,1,,76,,28
1114,571,B,17,112,138,1,,175,,16
1115,572,B,17,26,204,1,1,186,,16
1116,573,B,17,36,276,,3,189,,10
1117,574,B,17,25,221,1,5,150,,12
1118,575,B,17,42,194,,4,246,,9
1119,576,B,17,250,65,,3,109,,
1120,577,B,17,23,150,1,1,176,,6
1121,578,B,17,39,171,,1,304,,19
1122,579,B,17,98,64,1,1,161,1,17
1123,580,B,17,117,147,1,4,115,,
1124,581,B,17,97,165,,3,59,,
1125,582,B,17,72,245,2,5,188,,23
1126,583,B,17,192,97,2,3,205,,21
1127,584,B,17,163,141,,1,205,,
1128,585,B,17,110,72,,,103,,15
1129,586,B,17,124,114,1,1,122,,28
1130,587,B,17,39,107,4,15,220,,28
1131,588,B,17,18,148,,2,118,,11
1132,588,C,17,9,129,1,1,119,,
1133,589,B,17,9,77,,,62,,1
1134,590,B,17,7,46,,1,25,,1
1135,590,E,17,19,15,,1,22,,
1136,591,B,17,64,140,2,2,236,,17
1137,592,B,17,21,55,,1,91,,
1138,593,B,17,19,105,1,,64,,4
1139,594,B,17,24,44,1,,100,5,
1140,595,B,17,32,90,,,64,,
1141,596,B,17,16,90,,2,42,,5
1145,1,B,18,42,148,0,39,30,0,21
1146,2,B,18,24,105,2,33,39,0,15
1147,2,E,18,52,58,0,9,30,0,20
1148,3,B,18,53,131,3,40,98,0,19
1149,3,C,18,38,142,0,53,64,0,10
1150,4,B,18,46,207,0,22,50,0,19
1151,5,B,18,71,259,1,33,61,0,23
1152,6,B,18,60,176,0,19,81,0,6
1153,7,B,18,61,204,1,18,76,0,5
1154,8,B,18,59,229,0,78,76,0,0
1155,9,B,18,56,278,0,88,72,0,21
1156,10,B,18,93,265,3,64,100,0,20
1157,11,B,18,59,121,0,10,48,0,16
1158,12,B,18,80,214,0,17,113,0,18
1159,13,B,18,89,186,2,29,60,0,14
1160,14,B,18,60,79,0,11,44,0,7
1161,15,B,18,41,132,1,18,99,0,12
1162,16,B,18,65,202,2,32,95,0,12
1163,17,B,18,87,172,0,24,84,0,5
1164,18,B,18,68,176,1,29,94,0,16
1165,19,B,18,12,63,0,3,3,0,0
1166,20,B,18,15,59,2,2,8,0,7
1167,20,E,18,8,28,1,4,16,0,6
1168,21,B,18,30,148,1,35,22,0,14
1169,22,B,18,14,57,0,9,13,0,5
1170,23,B,18,47,142,2,5,81,0,18
1171,23,E,18,23,49,0,4,15,0,4
1172,24,B,18,65,180,1,42,21,0,15
1173,24,E,18,14,62,1,7,7,0,1
1174,25,B,18,13,51,0,1,3,0,7
1175,26,B,18,21,59,0,16,10,0,8
1176,27,B,18,3,114,0,8,11,0,8
1177,27,E,18,0,53,0,10,4,0,1
1178,28,B,18,24,118,0,19,21,0,3
1179,29,B,18,5,36,0,4,0,0,8
1180,29,E,18,6,28,0,1,2,0,2
1181,30,B,18,24,78,0,3,4,0,0
1182,31,B,18,13,159,1,2,28,0,10
1183,32,B,18,28,150,0,16,33,0,4
1184,33,B,18,39,182,0,16,116,0,30
1185,34,B,18,23,51,0,8,16,0,7
1186,34,E,18,13,21,0,5,7,0,2
1187,35,B,18,21,32,0,3,6,0,6
1188,36,B,18,43,192,1,18,123,0,0
1189,37,B,18,34,85,1,1,22,0,0
1190,38,B,18,178,198,1,21,147,0,0
1191,39,B,18,143,143,1,34,107,1,40
1192,40,B,18,42,149,0,8,143,0,19
1193,40,E,18,13,20,0,1,67,0,6
1194,41,B,18,41,106,0,5,50,0,9
1195,42,B,18,26,21,1,1,8,0,2
1196,43,B,18,75,229,2,24,38,0,26
1197,44,B,18,8,49,2,3,7,0,3
1198,45,B,18,24,45,1,30,11,0,4
1199,46,B,18,230,229,2,0,41,0,0
1200,47,B,18,63,155,1,47,57,0,14
1201,47,E,18,20,19,0,5,7,0,4
1202,48,B,18,10,47,2,25,20,0,4
1203,196,B,18,40,278,,8,258,0,14
1204,197,B,18,23,338,2,20,242,0,20
1205,198,B,18,,97,1,9,52,0,3
1206,199,B,18,11,81,1,1,34,0,2
1207,200,B,18,1,95,,1,20,0,1
1208,201,B,18,1,39,,11,18,0,2
1209,201,E,18,4,30,,,14,0,1
1210,202,B,18,19,112,3,20,132,0,20
1211,202,E,18,4,35,,,28,0,3
1212,203,B,18,4,58,1,15,27,0,10
1213,203,E1,18,2,30,,3,69,0,4
1214,203,E2,18,5,42,,3,48,0,6
1215,204,B,18,7,74,,5,24,0,4
1216,205,B,18,2,65,,,85,0,8
1217,206,B,18,6,77,,2,33,0,
1218,207,B,18,,49,,,18,0,2
1219,207,E1,18,1,15,,9,30,0,7
1220,207,E2,18,,28,,,21,0,4
1221,208,B,18,4,117,,1,124,0,12
1222,209,B,18,1,30,1,1,21,0,
1223,209,E,18,11,38,,4,12,0,7
1224,210,B,18,23,58,1,4,23,0,9
1225,210,E,18,25,14,,4,10,0,1
1226,211,B,18,4,74,1,1,35,0,3
1227,212,B,18,,30,,,26,0,3
1228,212,E,18,6,29,,,17,0,5
1229,213,B,18,7,32,,1,9,0,3
1230,213,E,18,11,51,,3,32,0,3
1231,214,B,18,7,59,,9,47,0,7
1232,214,E,18,2,38,,4,18,0,
