disn,seccion,casilla,pan,pt,alt,prd-pvem,conve-prs,pri-panal,nr,nul
1,653,B,47,10,5,82,9,151,0,6
1,669,B,44,17,5,101,3,165,0,7
1,670,B,62,16,9,105,4,150,0,5
1,671,B,15,9,2,69,3,88,0,0
1,672,B,21,0,1,18,0,19,0,2
1,673,B,34,12,6,75,2,132,0,0
1,674,B,30,8,1,97,1,93,1,6
1,675,B,57,8,12,34,4,63,0,1
1,676,B,37,13,2,90,6,173,0,4
1,676,C1,46,12,3,75,3,161,0,3
1,680,B,11,36,1,56,3,149,0,0
1,680,C1,16,19,1,65,5,138,0,6
1,681,B,87,20,3,108,13,183,0,18
1,682,B,71,5,2,41,4,61,0,6
1,683,B,23,5,4,39,0,62,0,2
1,684,B,25,4,2,43,3,53,0,5
1,685,B,37,7,4,95,1,117,0,10
1,686,B,34,6,2,64,1,66,1,4
1,687,B,53,14,8,137,6,206,0,8
1,688,B,42,15,9,114,2,146,0,5
1,689,B,39,22,3,72,6,147,0,6
1,690,B,27,18,2,90,4,98,0,2
1,691,B,63,11,4,81,3,173,0,6
1,692,B,85,10,4,74,4,188,1,9
1,693,B,21,25,1,65,4,135,0,8
1,693,C1,25,32,4,86,0,137,0,0
1,695,B,17,26,1,107,5,221,0,8
1,695,C1,17,21,2,102,4,235,0,10
1,695,C2,15,30,2,99,9,248,0,8
1,696,B,43,9,5,106,2,146,0,0
1,696,C1,54,17,5,109,2,108,0,3
1,697,B,32,12,3,92,1,159,0,9
1,698,B,37,6,3,87,8,111,0,10
1,699,B,31,7,4,65,2,101,0,2
1,704,B,41,11,2,53,1,78,0,6
1,705,B,69,14,7,136,5,219,0,12
1,706,B,56,16,5,98,2,207,0,7
1,707,B,28,8,1,70,6,190,1,6
1,708,B,36,25,5,109,6,238,0,4
1,709,B,59,22,2,121,13,171,0,0
1,709,C1,49,18,2,109,15,197,0,8
1,710,B,37,20,1,117,6,147,0,2
1,710,C1,23,14,3,87,16,151,0,11
1,711,B,30,17,1,91,12,202,0,9
1,711,C1,25,26,1,103,13,168,0,10
1,711,C2,22,17,3,126,9,176,0,14
1,711,C3,35,19,4,111,4,213,0,0
1,711,C4,29,9,0,90,5,217,0,4
1,713,B,67,17,1,97,7,146,0,0
1,713,C1,61,13,3,99,11,129,0,4
1,714,B,29,24,5,82,8,175,0,14
1,715,B,47,8,6,103,4,168,0,7
1,715,C1,55,18,8,90,7,158,0,12
1,725,B,78,19,3,105,7,163,0,5
1,725,C1,82,24,3,105,10,152,0,7
1,726,B,57,14,8,158,6,227,0,9
1,728,B,71,12,2,84,9,132,0,9
1,728,C1,67,10,5,92,8,132,0,0
1,735,B,34,19,3,87,19,186,1,14
1,736,B,37,10,1,101,9,168,0,4
1,736,C1,30,9,0,95,11,167,0,6
1,736,C2,37,19,6,85,8,172,0,6
1,737,B ,43,26,0,145,6,184,0,6
1,737,C1 ,47,18,0,122,4,212,0,1
1,737,C2 ,50,12,2,122,5,175,0,10
1,737,C3 ,52,19,2,128,7,179,0,2
1,737,C4 ,52,27,0,120,12,196,0,0
1,737,C5 ,55,13,11,123,9,196,0,5
1,737,C6 ,53,17,4,139,13,166,0,4
1,737,C7 ,50,16,2,95,5,205,0,8
1,737,C8 ,62,19,7,137,15,182,0,3
1,738,B ,12,19,1,140,12,170,0,12
1,738,C1 ,31,19,1,128,16,180,0,14
1,747,B ,9,7,2,80,5,140,0,4
1,747,C1 ,25,7,2,95,5,105,0,9
1,748,B ,12,16,2,88,9,135,0,0
1,748,C1 ,9,20,1,79,5,130,0,6
1,750,B ,42,8,6,161,4,122,0,8
2,608,B,18,32,0,154,2,157,0,10
2,608,C1,18,27,3,172,4,176,0,16
2,609,B,20,25,3,164,3,220,0,7
2,609,C1,16,18,3,162,4,193,0,10
2,609,C2,18,17,3,160,5,199,0,15
2,609,C3,13,15,3,167,8,172,0,9
2,609,C4,21,20,0,144,7,185,0,12
2,609,C5,20,11,3,136,6,181,1,11
2,609,C6,20,26,4,158,3,210,0,10
2,609,C7,23,23,9,160,10,170,0,7
2,611,B,22,39,6,115,6,179,0,8
2,611,C1,18,23,3,112,4,180,0,9
2,611,C2,21,32,3,92,6,159,0,9
2,611,C3,22,41,1,113,2,142,0,4
2,611,C4,16,30,0,122,3,163,1,12
2,611,C5,38,51,4,220,8,353,0,23
2,612,B,28,27,2,196,4,216,0,11
2,612,C1,30,22,9,196,7,196,0,18
2,613,B,40,20,3,145,8,157,0,16
2,613,C1,43,20,10,140,8,142,0,13
2,614,B,41,11,4,142,2,243,0,0
2,615,B,40,27,2,145,2,237,0,0
2,616,B,16,9,0,157,3,127,0,8
2,616,C1,11,24,5,149,4,131,0,12
2,617,B,27,11,4,119,2,172,0,6
2,617,C1,21,15,1,119,7,176,0,7
2,618,B,12,10,1,157,4,106,0,2
2,619,B,18,19,1,132,4,163,0,11
2,620,B,41,27,3,103,4,170,0,0
2,621,B,10,12,0,65,11,120,0,4
2,621,C1,7,14,3,72,10,110,0,9
2,644,B,55,14,2,170,9,183,0,16
2,645,B,55,31,5,193,5,229,0,8
2,646,B,20,20,2,95,3,143,0,8
2,646,C1,23,20,1,95,5,133,0,10
2,647,B,25,21,3,100,8,124,0,4
2,648,B,31,30,1,120,9,150,0,7
2,649,B,22,48,2,79,6,155,0,0
2,650,B,19,26,5,117,1,137,0,4
2,677,B,31,24,7,120,5,174,0,16
2,678,B,27,21,8,105,11,162,0,6
2,678,C1,36,28,8,104,8,155,0,8
2,679,B,13,167,3,44,2,166,0,12
2,679,C1,15,163,3,59,2,140,0,13
2,694,B,7,87,3,42,1,160,0,12
2,694,C1,7,83,0,62,3,168,0,8
2,712,B,9,62,0,50,1,98,0,0
2,712,C1,5,73,2,48,1,89,0,11
2,768,B,3,4,0,28,1,36,0,2
2,769,B,0,1,0,10,0,63,0,0
2,769,E1,5,4,1,28,1,96,0,4
2,769,E2,1,0,0,8,0,139,0,13
2,772,B,8,7,0,63,0,103,0,0
2,772,E1,2,0,0,49,0,33,0,0
2,774,B,16,11,0,86,3,80,1,6
2,774,C1,11,5,2,101,2,69,0,13
2,778,B,11,22,0,89,0,105,0,11
2,779,B,37,14,2,134,3,0,0,12
2,780,B,34,12,0,203,2,181,0,18
2,780,C1,28,16,1,170,2,172,0,22
2,781,B,30,14,3,146,4,179,0,14
2,782,B,36,23,5,158,2,299,0,16
2,783,B ,20,23,3,195,6,231,0,15
2,784,B ,2,6,0,30,2,41,0,2
2,784,E1 ,0,3,0,14,0,83,0,4
2,785,B ,15,14,0,119,1,83,0,9
2,785,C1 ,20,19,2,95,2,78,0,31
2,786,B ,13,31,0,38,2,119,0,7
2,787,B ,6,8,0,46,1,118,0,5
2,788,B ,49,13,3,113,4,276,0,16
2,789,B ,59,26,3,130,3,237,0,0
2,796,B ,30,21,3,106,4,233,0,18
2,798,B ,11,17,1,106,6,132,0,0
2,799,B ,21,11,2,104,1,163,0,9
3,411,B,9,6,1,73,158,124,0,16
3,411,C1,23,5,1,65,138,128,1,33
3,411,E1,4,2,0,10,27,15,0,5
3,412,B,34,9,2,66,301,149,0,35
3,412,C1,28,8,2,92,241,141,0,45
3,413,B,33,2,0,35,1,35,0,2
3,414,B,44,5,1,17,2,151,0,14
3,414,E1,55,1,0,24,12,64,1,17
3,415,B,107,4,1,70,16,157,0,21
3,416,B,56,7,0,64,45,139,0,0
3,416,C1,66,5,1,59,44,134,0,26
3,417,B,42,1,0,7,6,41,0,6
3,417,E1,89,0,0,2,2,6,0,3
3,418,B,22,8,0,91,18,81,0,21
3,419,B,13,7,0,69,44,191,0,15
3,420,B,39,9,1,56,23,60,0,18
3,421,B,77,15,3,119,39,182,0,28
3,421,C1,68,14,0,137,19,189,1,24
3,422,B,32,6,1,58,63,178,0,23
3,422,E1,40,1,0,6,1,22,0,4
3,423,B,60,5,1,53,33,143,0,9
3,423,E1,27,2,0,57,14,20,0,3
3,424,B,39,1,0,31,13,42,0,13
3,424,E1,27,1,0,12,4,30,1,9
3,425,B,55,4,2,69,12,147,0,0
3,426,B,60,2,0,3,3,70,0,12
3,427,B,49,8,1,140,102,257,0,32
3,428,B,44,0,0,3,2,39,0,8
3,429,B,306,8,0,68,20,157,0,14
3,430,B,161,2,0,20,5,118,0,0
3,431,B,185,3,2,16,8,105,0,9
3,432,B,21,0,2,10,2,47,0,5
3,433,B,83,6,0,79,17,240,0,11
3,433,C1,71,3,1,91,18,239,0,9
3,434,B,8,1,0,9,3,53,0,0
3,610,B,61,17,11,113,25,242,0,5
3,610,C1,66,12,9,109,25,237,1,9
3,727,B,43,10,0,108,13,183,0,7
3,729,B,32,21,6,98,48,172,0,12
3,734,B,36,12,8,61,82,186,0,15
3,739,B,35,7,6,65,54,181,0,7
3,739,C1,21,9,4,103,37,163,0,12
3,740,B,13,6,2,34,89,88,0,0
3,740,C1,18,6,4,30,100,76,0,13
3,741,B,45,18,5,99,75,176,0,8
3,745,B,23,10,1,51,143,62,0,23
3,745,C1,29,11,1,36,184,55,0,18
3,746,B,33,9,4,87,10,168,0,0
3,746,C1,35,14,0,70,37,172,0,6
3,749,B,20,8,2,61,32,194,0,12
3,749,C1,32,10,1,67,28,162,0,6
3,749,C2,49,12,5,37,45,163,0,9
3,751,B,34,11,9,81,27,205,0,8
3,752,B,27,21,1,38,96,91,0,13
3,752,C1,24,10,2,34,104,119,0,11
3,753,B,23,12,8,97,46,121,0,5
3,753,C1,24,6,2,88,44,150,0,6
3,755,B,14,5,2,46,51,95,0,13
3,755,C1,25,10,0,46,56,110,0,9
3,756,B,31,10,6,52,18,163,0,3
3,756,C1,24,10,7,64,14,168,0,6
3,757,B,29,14,2,83,15,271,1,17
3,758,B,36,17,4,81,15,162,0,17
3,758,C1,29,16,3,93,15,174,0,14
3,758,C2,36,5,3,61,14,167,0,0
3,758,C3,34,9,7,80,14,167,0,4
3,758,C4,26,14,2,82,17,145,0,9
3,758,C5,0,16,17,87,21,176,0,0
3,759,B,24,3,2,66,27,135,0,0
3,759,C1,13,10,1,53,26,141,0,0
3,760,B,30,5,4,80,38,158,0,0
3,760,C1,21,11,4,64,31,143,0,2
3,761,B,32,10,4,78,32,237,0,8
3,762,B,26,14,2,55,28,174,0,2
3,762,C1,24,8,2,82,11,177,0,1
3,763,B,33,12,5,102,24,197,0,10
3,763,C1,38,13,3,87,29,165,0,25
3,764,B,44,11,4,77,50,234,0,0
3,764,C1,41,16,8,77,26,219,0,18
3,764,C2,44,13,3,71,38,221,0,9
3,764,C3,40,5,2,93,45,244,0,12
3,765,B,20,13,5,60,63,163,0,10
3,765,C1,25,20,4,71,74,154,0,2
3,765,C2,26,13,3,64,60,168,0,10
3,766,B,34,10,3,45,22,159,0,5
3,766,C1,29,9,0,42,27,128,0,9
3,767,B,29,8,2,78,15,205,0,11
3,797,B,34,19,5,109,20,265,0,15
3,804,B,22,8,5,51,17,197,0,3
3,804,C1,29,10,1,51,8,165,0,7
3,804,C2,23,5,5,60,19,180,0,15
3,805,B,19,8,0,49,16,128,0,0
3,805,C1,25,9,5,43,22,133,1,0
3,807,B ,18,20,5,86,16,173,0,24
3,807,C1 ,12,17,15,74,33,175,0,24
3,808,B ,13,14,2,34,57,143,0,12
3,809,B ,34,18,6,78,23,284,0,8
4,634,B,34,18,12,136,9,172,0,5
4,634,C1,26,16,11,128,12,182,0,6
4,634,C2,48,19,16,267,18,361,0,15
4,661,B,69,19,11,176,16,258,0,17
4,662,B,46,29,10,132,21,300,1,9
4,663,B,46,16,12,186,8,176,0,13
4,663,C1,50,20,11,167,12,184,0,5
4,664,B,71,16,18,159,5,141,0,9
4,664,C1,60,10,19,147,3,162,0,10
4,665,B,37,9,11,99,5,107,1,17
4,665,C1,41,12,21,98,1,111,0,16
4,666,B,83,20,9,166,3,182,1,13
4,700,B,42,6,10,142,2,87,0,5
4,700,C1,45,5,13,135,3,84,0,0
4,701,B,51,17,21,170,6,133,0,4
4,701,C1,58,10,8,158,3,160,0,5
4,702,B,38,15,3,107,4,126,0,8
4,702,C1,34,14,4,104,7,143,0,4
4,703,B,65,18,9,132,12,145,0,0
4,716,B,47,16,11,101,2,128,0,14
4,717,B,13,0,1,17,1,48,0,16
4,718,B,41,15,5,85,16,187,0,7
4,719,B,59,17,5,94,8,152,0,18
4,719,C1,70,19,8,86,7,130,0,29
4,720,B,33,9,4,107,3,223,1,11
4,721,B,41,9,6,116,4,182,0,0
4,722,B,19,23,3,160,5,240,0,0
4,723,B,49,15,8,124,7,235,0,6
4,723,C1,29,16,8,136,5,198,0,8
4,724,B,45,22,5,100,5,122,0,8
4,724,C1,33,15,0,79,7,171,0,0
4,724,C2,34,16,4,82,4,162,0,0
4,730,B,50,23,6,142,9,229,0,0
4,731,B,23,12,10,107,9,217,0,0
4,732,B,27,8,7,96,8,122,0,7
4,732,C1,21,16,10,94,3,132,0,0
4,733,B,26,19,2,87,9,175,0,0
4,733,C1,20,12,3,108,11,181,0,7
4,742,B,24,11,1,86,8,95,0,9
4,742,C1,22,9,3,69,3,131,0,8
4,743,B,17,14,9,106,5,154,1,4
4,744,B,22,15,3,115,3,164,1,2
4,744,C1,29,11,4,116,6,143,0,4
4,754,B,38,11,6,104,9,189,0,14
4,754,C1,23,11,7,111,11,199,0,9
4,770,B,19,10,4,74,1,129,0,7
4,770,C1,24,19,6,60,1,120,0,0
4,770,E1,2,3,1,17,0,29,0,1
4,771,B,8,7,0,39,1,45,0,3
4,771,E1,0,2,0,17,0,35,1,4
4,773,B,2,9,16,27,3,109,0,4
4,775,B,2,11,3,31,1,15,0,12
4,775,E1,0,2,0,17,0,22,0,0
4,776,B,4,3,2,12,1,25,0,2
4,777,B,5,6,5,12,1,23,0,2
4,790,B,5,16,16,42,2,21,0,11
4,791,B,3,3,5,30,0,28,0,7
4,792,B,32,17,54,88,2,71,0,18
4,793,B,22,10,11,62,0,75,0,0
4,794,B,13,7,6,92,2,68,0,5
4,795,B,25,11,9,84,2,174,0,9
4,800,B,16,10,5,61,3,116,0,3
4,801,B,20,9,22,125,5,207,0,26
4,802,B,12,30,8,65,4,171,0,14
4,803,B,3,7,9,24,8,118,0,6
4,803,E1,9,3,10,61,0,62,0,0
4,803,E2,6,8,6,34,4,62,0,5
4,806,B,27,24,17,84,10,172,0,15
4,844,B,61,19,2,123,13,191,0,13
4,844,C1,60,24,4,119,10,164,0,14
4,844,C2,52,19,6,105,8,204,1,14
4,845,B,44,17,2,117,6,194,0,15
4,845,C1,42,23,1,147,5,170,0,8
4,845,C2,41,21,2,130,9,162,0,9
4,846,B,34,30,4,172,6,174,0,11
4,846,C1,19,28,3,122,5,202,1,21
4,847,B,15,25,4,94,19,180,0,20
4,847,C1,27,29,2,122,7,201,0,0
4,847,C2,22,36,4,122,7,178,0,17
4,847,C3,29,36,3,113,4,202,0,12
4,847,C4,21,25,2,130,6,164,0,12
4,848,B,18,24,6,99,7,262,0,10
4,848,C1,15,29,3,111,3,272,0,7
4,849,B,15,18,0,116,6,225,5,14
4,850,B,26,18,4,101,6,172,0,10
4,850,C1,42,16,2,104,4,137,0,15
4,851,B,18,19,6,111,4,221,0,11
4,852,B,16,47,1,165,4,276,0,17
4,853,B,14,16,3,96,3,145,0,9
4,853,C1,14,18,1,107,5,123,0,3
4,854,B ,22,25,6,205,4,302,1,24
4,855,B ,18,15,6,161,6,250,2,18
4,856,B ,4,26,9,79,0,147,0,3
4,856,E1 ,7,18,0,38,0,78,0,4
4,857,B ,16,10,1,82,4,168,0,8
4,857,C1 ,18,11,5,69,7,157,0,9
4,858,B ,24,6,4,41,4,152,0,3
4,858,C1 ,13,10,2,56,2,160,0,6
4,859,B ,38,84,2,68,2,239,0,7
4,859,C1 ,27,67,4,87,4,217,0,26
4,860,B ,60,9,2,17,1,113,0,7
4,861,B ,10,24,3,163,7,233,0,8
4,862,B ,13,14,0,39,1,121,0,7
4,862,E1 ,5,2,0,19,0,84,0,3
4,862,E2 ,4,11,0,13,0,80,0,3
4,863,B ,8,6,0,81,0,119,0,11
4,864,B ,20,33,1,76,2,138,0,5
4,864,C1 ,24,33,0,78,4,120,0,10
4,864,E1 ,25,10,0,17,2,25,0,6
4,865,B ,43,18,8,68,1,185,0,13
4,865,E1 ,9,25,5,27,0,55,0,6
5,597,B,25,34,5,108,8,153,0,13
5,598,B,17,26,5,118,8,177,0,5
5,598,C1,15,20,2,141,5,173,0,0
5,598,C2,12,21,8,148,4,144,0,6
5,598,C3,16,18,3,105,4,143,0,0
5,599,B,9,5,3,38,8,164,0,8
5,600,B,14,10,4,74,4,124,1,6
5,600,C1,14,11,1,73,4,129,0,0
5,601,B,21,10,4,72,5,128,0,0
5,601,C1,30,31,6,166,18,270,0,19
5,602,B,32,25,5,106,19,144,0,10
5,602,C1,24,10,6,131,22,149,0,7
5,603,B,14,6,2,58,12,145,0,2
5,603,C1,14,5,2,53,13,115,0,10
5,604,B,21,14,6,109,8,209,0,8
5,605,B,12,3,2,51,6,120,0,8
5,605,C1,14,9,2,53,9,134,0,9
5,606,B,17,8,2,60,10,131,0,0
5,606,C1,20,9,4,52,3,148,0,9
5,607,B,14,15,2,76,7,156,0,10
5,607,C1,22,17,3,66,9,152,0,9
5,607,C2,17,20,0,77,7,158,0,12
5,622,B,30,18,3,102,11,203,0,5
5,623,B,10,11,2,73,7,146,0,0
5,623,C1,9,14,1,64,3,154,0,2
5,624,B,21,6,3,95,12,227,0,0
5,625,B,20,14,2,65,10,181,2,8
5,626,B,21,23,4,93,13,162,0,2
5,626,C1,22,20,1,97,11,137,0,9
5,627,B,25,16,2,102,4,145,1,2
5,627,C1,20,9,5,88,4,136,0,4
5,628,B,13,22,1,78,9,100,0,6
5,628,C1,17,15,4,61,3,105,0,9
5,629,B,23,9,4,62,6,127,0,8
5,629,C1,16,13,0,84,15,114,0,0
5,630,B,16,14,4,116,5,176,0,9
5,630,C1,17,5,3,103,9,184,0,0
5,631,B,31,24,4,111,9,201,0,0
5,631,C1,28,27,6,111,6,192,0,0
5,632,B,20,17,5,68,3,141,0,8
5,632,C1,18,16,4,95,3,166,0,11
5,633,B,30,24,9,112,5,180,0,16
5,633,C1,37,14,10,109,7,159,0,11
5,633,C2,37,18,11,100,7,197,0,7
5,633,C3,43,11,6,108,9,186,0,7
5,635,B,49,26,7,135,2,172,0,12
5,635,C1,45,31,9,121,8,170,0,3
5,636,B,26,8,8,86,3,173,0,11
5,637,B,31,19,3,117,13,177,0,8
5,638,B,23,18,2,109,4,169,0,0
5,639,B,24,15,1,205,7,185,0,9
5,640,B,25,12,2,71,5,130,0,7
5,640,C1,19,4,5,90,1,123,0,5
5,641,B,19,12,2,67,30,146,1,13
5,642,B,41,28,2,79,8,214,0,7
5,643,B,64,14,12,136,12,276,0,16
5,651,B,30,14,5,85,4,140,0,8
5,651,C1,30,15,10,96,2,146,0,6
5,652,B,38,15,7,117,8,177,0,15
5,654,B,28,6,9,101,8,160,0,12
5,655,B,26,20,20,98,3,193,0,13
5,656,B,25,13,7,117,6,278,1,10
5,657,B ,41,14,12,104,6,200,0,4
5,658,B ,42,10,7,172,5,248,0,22
5,659,B ,34,13,3,86,6,130,0,0
5,660,B ,30,26,5,119,5,175,0,16
5,667,B ,44,25,7,152,7,166,0,13
5,668,B ,28,11,10,115,6,133,0,8
6,257,B,94,5,1,57,1,141,3,18
6,258,B,66,4,1,39,1,135,0,29
6,258,C1,65,8,2,52,6,128,0,32
6,259,B,90,5,1,31,0,128,0,35
6,259,C1,110,8,1,26,1,99,0,54
6,259,E1,123,11,1,10,2,311,12,46
6,260,B,99,7,1,10,6,102,0,0
6,260,E1,65,7,0,19,1,33,0,12
6,261,B,84,0,0,30,0,80,0,20
6,262,B,116,13,2,27,1,123,0,0
6,262,E1,130,5,2,20,4,75,0,6
6,263,B,4,0,0,41,0,17,0,3
6,264,B,56,3,0,18,0,74,0,0
6,264,E1,42,0,0,2,0,17,0,2
6,265,B,95,2,0,9,2,75,0,0
6,266,B,111,2,0,13,0,45,0,29
6,267,B,128,4,0,15,0,108,0,20
6,267,C1,143,8,0,21,0,108,0,0
6,267,E1,119,7,1,5,0,28,4,11
6,267,E2,72,3,0,14,0,38,3,7
6,268,B,87,3,0,6,2,67,0,0
6,268,E1,21,3,0,5,3,48,0,10
6,268,E2,55,3,0,5,0,91,0,0
6,269,B,37,7,0,71,0,62,0,0
6,270,B,61,5,2,21,4,130,0,15
6,270,C1,50,5,0,22,7,170,0,18
6,270,E1,62,7,1,34,1,95,0,18
6,271,B,63,5,0,7,0,67,1,1
6,271,E1,48,7,2,18,0,54,0,7
6,272,B,134,13,0,66,4,80,0,17
6,273,B,25,9,0,5,0,145,4,24
6,273,E1 ,46,21,0,28,21,58,0,22
6,274,B ,85,3,19,9,18,202,0,0
6,275,B ,20,2,0,4,0,68,2,4
6,275,E1 ,91,13,1,5,1,38,0,6
6,276,B ,124,39,2,5,3,92,0,0
6,276,E1 ,91,5,0,27,0,75,0,6
6,276,E2 ,123,1,0,48,2,38,0,0
6,866,B ,192,6,1,3,0,137,5,11
6,867,B ,218,18,0,7,0,286,0,22
6,867,E1 ,99,2,0,0,0,19,0,2
6,868,B ,50,0,0,1,0,134,0,10
6,869,B ,227,2,0,0,0,190,0,8
6,869,C1 ,264,0,0,0,0,163,0,7
6,870,B ,177,1,1,1,0,127,0,6
6,870,C1 ,161,0,0,0,0,138,0,1
6,872,B ,19,0,0,0,0,134,0,5
6,873,B ,50,0,0,0,0,47,0,6
6,873,E1 ,32,1,0,0,1,43,0,3
6,873,E2 ,12,0,0,0,0,23,0,0
6,873,E3 ,14,0,0,0,0,61,0,3
6,874,B ,50,2,0,0,0,48,0,0
6,874,E1 ,36,3,0,0,0,38,0,5
6,874,E2 ,19,0,0,0,0,33,0,2
6,875,B ,66,2,0,0,0,23,0,5
6,876,B ,57,0,0,0,0,38,0,16
6,876,E1 ,29,0,0,0,0,33,0,11
6,878,B ,56,2,0,0,0,321,0,17
6,878,E1 ,28,4,0,0,0,122,0,6
7,49,B,195,3,0,13,1,117,0,3
7,50,B,310,5,0,20,3,102,0,8
7,51,B,255,2,0,5,2,176,0,18
7,52,B,345,3,1,21,7,206,2,13
7,53,B,310,2,0,10,0,255,0,12
7,54,B,192,2,0,12,1,160,0,7
7,54,C1,209,1,0,8,1,152,0,9
7,55,B,59,1,1,9,0,123,0,3
7,56,B,164,0,0,5,0,287,0,14
7,57,B,208,3,1,4,0,348,0,13
7,58,B,135,3,1,3,0,172,0,9
7,59,B,128,1,0,8,0,280,2,8
7,59,C1,132,0,0,6,0,275,0,9
7,60,B,192,1,0,22,3,148,0,15
7,61,B,256,2,0,11,5,154,0,0
7,61,E1,70,1,0,1,5,20,0,3
7,62,B,72,2,0,3,1,51,0,0
7,63,B,83,0,0,3,2,73,1,3
7,64,B,22,2,0,1,0,111,0,3
7,65,B,129,2,0,3,2,135,0,3
7,65,E1,65,0,0,2,0,59,0,2
7,239,B,151,3,1,4,2,204,3,10
7,240,B,144,0,0,3,1,171,0,12
7,241,B,296,3,0,5,4,278,0,10
7,242,B,248,5,1,9,5,280,0,16
7,243,B,205,3,2,12,2,193,0,14
7,244,B,301,1,0,5,7,316,0,16
7,245,B,67,6,1,4,1,27,1,0
7,246,B,37,4,0,5,6,32,0,9
7,246,E1,98,2,1,0,1,6,0,6
7,247,B,100,2,0,2,2,107,0,5
7,248,B ,181,12,0,5,236,204,0,0
7,249,B ,172,5,0,11,188,128,0,37
7,250,B ,148,3,1,3,46,179,0,11
7,251,B ,144,4,0,1,26,96,0,8
7,252,B ,232,2,1,6,18,315,0,29
7,252,E1 ,78,2,0,0,16,94,1,7
7,253,B ,153,3,1,7,51,162,0,12
7,253,C1 ,131,3,0,17,62,173,1,16
7,254,B ,229,0,0,13,38,172,0,0
7,255,B ,85,0,0,6,45,177,0,9
7,256,B ,124,4,0,17,60,190,2,18
8,124,B,27,8,3,140,8,221,0,19
8,125,B,14,6,0,124,8,151,0,17
8,125,C1,21,8,3,111,11,142,1,18
8,126,B,33,9,1,221,8,237,0,15
8,127,B,42,4,5,171,1,220,0,18
8,128,B,33,12,2,214,3,263,0,11
8,129,B,30,6,0,144,2,133,0,15
8,129,C1,33,8,0,153,2,134,0,14
8,130,B,31,3,1,113,13,183,0,17
8,131,B,29,14,0,144,6,204,0,4
8,132,B,19,4,0,133,4,92,0,10
8,132,C1,20,9,0,129,3,121,0,12
8,133,B,20,7,0,123,7,159,0,17
8,133,C1,22,9,1,176,8,133,0,9
8,134,B,38,6,4,231,4,255,1,11
8,135,B,22,2,1,194,10,292,0,13
8,136,B,35,8,0,146,8,288,0,13
8,137,B,28,5,0,138,3,134,0,6
8,137,E1,18,7,1,105,4,153,0,7
8,138,B,15,6,0,102,6,143,0,10
8,139,B,40,41,0,66,1,128,0,20
8,140,B,13,10,2,104,0,136,0,9
8,141,B,20,13,1,75,9,164,0,16
8,142,B,10,5,0,27,1,36,0,2
8,143,B,2,3,0,30,4,61,0,5
8,143,E1,3,2,0,11,2,49,0,0
8,144,B,9,105,1,62,0,131,0,19
8,145,B,9,60,0,73,1,162,0,19
8,145,E1,9,30,2,8,0,17,0,5
8,146,B,14,19,0,34,1,29,0,11
8,147,B,31,68,0,16,0,63,0,17
8,148,B,60,97,0,64,1,129,0,30
8,149,B,35,108,0,60,2,116,0,17
8,150,B,25,126,0,51,0,108,0,13
8,151,B,29,93,0,65,4,108,0,17
8,151,C1,25,98,0,61,4,80,0,31
8,152,B,48,106,1,90,0,120,0,31
8,153,B,5,8,0,36,0,46,0,6
8,154,B,10,30,0,54,3,123,0,10
8,155,B,11,5,0,71,4,147,0,11
8,156,B,9,7,0,77,0,131,0,16
8,157,B,8,24,0,52,3,109,0,7
8,157,E1,11,33,0,3,0,20,0,1
8,158,B,26,123,1,102,6,150,0,16
8,159,B,24,90,1,64,6,107,0,14
8,160,B,20,136,0,59,2,111,0,11
8,161,B,16,112,0,33,6,68,0,8
8,161,C1,9,121,0,41,5,59,0,9
8,162,B,18,74,1,55,5,83,0,9
8,163,B,19,103,0,44,2,105,0,7
8,164,B,23,115,0,32,7,133,0,20
8,165,B,31,135,1,47,3,126,0,6
8,166,B,35,103,0,51,7,89,0,13
8,167,B,29,116,0,24,3,83,0,2
8,167,C1,20,115,0,26,2,65,0,14
8,168,B,19,117,0,26,8,75,0,13
8,168,C1,18,128,0,38,3,74,0,15
8,169,B,44,184,2,37,6,120,1,15
8,170,B,8,12,2,16,6,82,0,3
8,171,B,34,5,2,56,2,87,0,9
8,171,C1,47,8,4,49,3,116,0,8
8,172,B,14,5,0,17,6,23,0,6
8,173,B ,12,29,0,49,5,117,0,10
8,173,C1 ,15,39,0,44,3,128,0,12
8,174,B ,2,29,0,12,0,26,0,4
8,175,B ,13,3,0,95,0,176,0,6
8,176,B ,9,2,3,130,0,193,0,11
8,177,B ,82,14,2,55,2,280,0,20
8,178,B ,27,41,0,40,0,132,0,4
8,179,B ,13,13,8,85,7,89,1,12
8,180,B ,49,12,12,84,1,118,0,15
8,181,B ,5,18,0,9,5,33,0,0
8,181,E1 ,3,11,0,20,3,53,1,2
8,191,B ,5,16,0,9,2,45,0,0
8,191,E1 ,2,5,0,4,4,10,0,4
8,398,B ,123,8,0,163,6,189,0,17
8,399,B ,91,14,0,200,5,178,0,17
8,400,B ,73,8,1,141,1,207,0,11
8,401,B ,48,11,0,198,6,197,0,12
8,402,B ,21,0,0,6,0,117,0,0
8,403,B ,4,3,0,66,1,80,0,7
8,404,B ,21,2,0,34,1,74,0,7
8,404,E1 ,16,1,0,11,3,29,0,0
8,405,B ,3,2,0,32,0,33,0,5
8,406,B ,45,1,1,44,2,124,0,12
8,407,B ,33,1,0,60,3,65,0,8
8,408,B ,65,8,0,125,5,95,1,17
8,409,B ,51,4,1,68,1,96,0,7
8,410,B ,63,8,0,70,1,209,0,14
9,347,B,111,11,0,195,25,97,0,10
9,347,C1,131,26,0,188,15,104,0,0
9,348,B,51,7,1,178,11,79,0,21
9,348,C1,75,9,3,165,15,65,0,11
9,349,B,104,18,3,278,20,149,0,0
9,350,B,67,12,1,181,20,80,0,22
9,350,C1,56,7,2,173,18,100,0,11
9,351,B,112,14,1,236,11,105,0,21
9,352,B,101,32,3,314,33,132,0,0
9,353,B,111,1,0,97,1,76,0,8
9,354,B,47,4,0,74,9,32,0,12
9,355,B,54,6,0,30,0,64,0,0
9,356,B,245,3,1,83,3,107,0,25
9,357,B,199,8,0,101,0,68,0,0
9,358,B,79,5,0,61,10,62,0,11
9,359,B,94,5,0,179,8,63,0,25
9,360,B,133,13,2,125,14,121,0,31
9,361,B,133,15,5,152,13,145,0,0
9,362,B,60,12,0,64,5,26,0,0
9,363,B,24,0,0,27,2,19,0,4
9,364,B,26,0,0,42,0,26,0,2
9,365,B,109,7,3,23,2,68,0,7
9,366,B,118,13,3,42,0,120,0,0
9,367,B,77,12,1,48,7,84,0,0
9,367,C1,81,9,1,53,4,88,0,10
9,368,B,68,12,0,49,6,104,0,0
9,369,B,106,15,1,57,6,123,0,0
9,370,B,124,9,0,77,2,54,0,0
9,371,B,38,0,0,8,1,12,0,1
9,372,B,66,9,0,33,4,34,0,0
9,373,B,52,18,0,38,0,91,0,3
9,374,B ,22,1,0,25,4,23,0,4
9,375,B ,26,0,0,34,3,32,0,0
9,376,B ,120,23,1,100,2,84,19,49
9,376,C1 ,135,8,2,80,3,69,0,23
9,377,B ,38,1,0,22,1,14,0,0
9,378,B ,33,0,0,45,0,26,0,10
9,379,B ,1,0,0,20,0,10,0,2
9,380,B ,49,4,0,18,3,27,0,0
9,381,B ,23,1,0,18,3,41,0,3
9,382,B ,184,12,2,146,6,144,0,31
9,383,B ,116,9,1,114,14,111,0,47
9,384,B ,87,5,0,59,3,73,0,9
9,385,B ,81,12,0,195,7,114,0,19
9,386,B ,125,8,1,72,2,84,0,13
9,386,C1 ,147,19,0,74,3,75,0,12
9,387,B ,108,11,1,54,2,64,0,17
9,387,C1 ,111,9,0,52,3,64,0,18
9,388,B ,148,11,1,83,8,76,0,0
9,389,B ,121,7,0,133,1,57,0,17
9,390,B ,261,13,3,87,3,146,0,0
9,391,B ,64,7,1,28,1,33,0,18
9,392,B ,154,21,1,96,35,113,0,19
9,393,B ,45,13,1,100,11,61,0,22
9,394,B ,50,1,1,50,1,41,0,8
9,395,B ,210,38,0,72,10,82,0,0
9,396,B ,39,14,0,21,4,25,0,7
9,397,B ,13,2,0,10,7,27,0,0
10,435,B,66,19,3,90,19,187,0,20
10,441,B,61,18,3,97,66,184,0,0
10,442,B,93,35,9,96,55,188,0,18
10,443,B,55,30,10,98,23,162,0,13
10,444,B,33,11,12,71,11,92,0,6
10,445,B,26,40,1,24,1,83,0,0
10,446,B,71,39,13,66,7,148,0,5
10,453,B,47,20,7,36,3,64,0,6
10,454,B,31,11,5,35,8,43,0,0
10,455,B,39,26,1,72,43,89,0,10
10,456,B,18,11,4,37,37,85,0,9
10,463,B,101,19,5,24,4,270,0,0
10,467,B,26,7,3,15,5,107,0,13
10,468,B,24,15,2,38,1,147,0,16
10,469,B,19,14,0,67,13,177,0,19
10,475,B,14,10,11,26,11,134,0,0
10,489,B,12,13,2,46,13,127,0,0
10,489,E1,7,11,0,25,0,38,0,1
10,490,B,20,16,3,38,7,154,0,0
10,492,B,5,10,2,65,0,104,0,4
10,493,B,58,25,3,151,1,210,0,21
10,494,B,19,15,4,88,3,127,0,13
10,495,B,33,20,2,96,5,154,0,0
10,496,B,26,25,1,97,5,120,0,14
10,497,B,155,29,7,77,15,103,0,21
10,498,B,37,15,2,95,38,214,0,19
10,499,B,43,4,1,14,4,93,0,0
10,500,B,21,26,2,63,7,76,0,0
10,501,B,31,22,3,101,2,83,0,9
10,502,B,27,41,0,80,40,168,0,22
10,503,B,31,6,22,52,8,82,0,15
10,503,C1 ,37,20,17,52,7,85,0,11
10,504,B ,29,12,31,68,6,138,0,13
10,520,B ,14,23,3,71,5,208,0,14
10,532,B ,21,21,2,38,4,190,1,7
10,532,C1 ,10,35,2,69,6,156,1,17
10,534,B ,49,9,6,40,4,88,0,8
10,535,B ,62,25,1,31,17,114,0,0
10,536,B ,27,24,5,56,3,145,0,0
10,537,B ,43,33,17,38,25,132,0,0
10,538,B ,17,26,23,69,39,146,0,0
10,539,B ,70,51,2,51,4,121,0,11
10,540,B ,58,43,4,83,1,170,0,0
10,541,B ,68,52,3,100,0,196,0,21
10,542,B ,14,47,4,183,8,207,0,0
10,542,E1 ,8,7,4,29,3,41,0,0
11,436,B,111,34,9,112,15,213,0,19
11,437,B,108,13,7,76,17,188,2,15
11,437,C1,118,16,20,54,28,175,0,14
11,438,B,120,26,6,81,25,152,0,0
11,439,B,108,11,21,43,7,69,0,4
11,440,B,60,24,15,32,12,143,0,4
11,447,B,76,31,7,90,4,239,0,17
11,448,B,61,38,3,61,5,185,0,7
11,449,B,42,11,2,22,6,78,0,2
11,450,B,73,56,2,48,13,120,0,7
11,451,B,38,27,7,38,7,116,0,8
11,451,C1,40,23,2,35,4,139,0,0
11,452,B,29,26,1,41,5,150,0,6
11,457,B,275,11,7,19,16,264,0,35
11,458,B,165,3,2,37,8,209,0,0
11,459,B,148,25,7,91,35,288,1,28
11,460,B,216,14,1,4,43,214,0,19
11,460,E1,6,6,2,17,29,22,0,3
11,460,E2,4,0,0,1,9,26,0,1
11,461,B,75,10,0,24,42,209,0,0
11,462,B,23,9,1,6,0,54,0,3
11,464,B,62,4,14,8,32,140,0,13
11,465,B,112,36,15,20,40,179,0,23
11,466,B,127,10,2,15,96,133,0,27
11,470,B,102,41,2,80,17,122,0,16
11,471,B,37,5,4,11,76,93,0,9
11,472,B,89,5,1,40,47,168,0,0
11,473,B,93,9,4,30,23,160,0,14
11,474,B,93,8,7,49,40,155,0,23
11,487,B,125,31,7,31,13,114,3,8
11,487,E1,76,11,1,9,1,46,0,0
11,487,E2 ,9,6,0,3,3,14,0,0
11,488,B ,70,17,3,43,16,159,0,13
11,491,B ,63,34,9,19,5,87,0,19
11,505,B ,79,19,7,61,3,237,0,0
11,506,B ,44,15,8,32,3,121,0,8
11,507,B ,63,16,3,35,0,206,0,11
11,508,B ,33,15,5,23,1,133,0,7
11,508,C1 ,35,12,6,20,0,161,0,6
12,476,B,25,26,3,22,11,73,0,0
12,477,B,11,48,10,11,14,81,0,11
12,478,B,17,11,14,24,11,106,0,0
12,478,E1,8,12,1,15,5,34,0,5
12,479,B,0,18,4,0,7,15,0,0
12,480,B,3,25,13,7,3,53,0,7
12,480,E1,5,15,4,7,11,54,0,0
12,480,E2,8,8,4,2,5,13,0,0
12,481,B,3,5,12,5,8,40,0,4
12,482,B,17,35,31,59,86,187,0,0
12,483,B,5,18,28,41,41,126,0,10
12,483,C1,12,26,30,58,35,101,0,8
12,484,B,13,15,87,81,48,152,0,28
12,485,B,15,94,25,27,3,174,0,8
12,486,B,4,48,5,12,2,65,0,3
12,509,B,13,52,2,21,7,108,0,9
12,510,B,29,37,1,21,3,106,0,4
12,511,B,22,30,1,45,1,125,0,5
12,511,C1,16,27,3,49,1,109,0,8
12,512,B,43,70,21,30,3,123,0,8
12,513,B,15,112,5,14,0,127,0,0
12,514,B,1,12,13,11,4,68,0,9
12,514,E1,2,7,1,3,2,14,0,2
12,515,B,27,87,16,26,5,95,0,0
12,516,B,8,27,6,76,13,164,0,0
12,517,B,32,60,14,14,3,60,0,9
12,518,B,17,29,1,7,0,37,0,7
12,519,B,10,28,1,15,1,134,0,0
12,521,B,4,42,4,35,6,187,0,15
12,522,B,14,69,3,49,2,251,0,12
12,523,B,18,115,4,47,3,289,0,0
12,524,B ,13,33,2,32,6,188,0,15
12,525,B ,10,15,1,34,1,180,0,6
12,526,B ,33,58,4,38,1,320,0,16
12,527,B ,12,29,2,31,2,272,0,8
12,528,B ,12,52,0,40,6,146,0,21
12,528,C1 ,14,32,1,55,2,160,0,15
12,529,B ,1,19,3,49,6,190,0,8
12,530,B ,12,19,4,36,1,206,0,0
12,531,B ,7,57,4,56,17,343,0,38
12,533,B ,3,39,0,7,1,23,0,1
12,543,B ,13,31,3,64,2,185,0,0
12,543,C1 ,6,28,1,67,3,163,0,13
12,544,B ,8,21,9,25,13,172,0,5
12,545,B ,29,75,2,58,4,237,0,0
12,546,B ,14,25,1,34,6,104,0,9
12,546,E1 ,2,23,0,35,1,50,0,14
13,66,B,136,3,0,4,3,137,0,12
13,67,B,245,2,0,12,0,214,0,11
13,68,B,234,2,0,10,7,227,0,10
13,69,B,147,0,1,8,3,133,0,10
13,70,B,41,0,0,6,0,100,0,6
13,71,B,61,1,0,3,1,45,0,7
13,72,B,37,0,0,1,3,28,0,2
13,73,B,35,0,0,0,0,22,0,0
13,74,B,29,1,0,35,2,125,0,13
13,74,E1,33,0,1,2,0,45,0,1
13,75,B,166,1,0,18,0,126,0,14
13,76,B,51,1,1,0,1,45,0,4
13,77,B,109,3,0,31,6,132,0,14
13,78,B,123,1,2,38,4,204,0,22
13,79,B,189,2,0,19,6,289,0,19
13,80,B,92,2,0,35,3,158,0,12
13,81,B,60,0,1,26,0,69,0,9
13,82,B,119,0,1,41,3,146,0,12
13,83,B,102,1,0,50,0,224,0,18
13,84,B,38,2,1,3,0,49,0,6
13,85,B,13,1,0,1,0,11,0,0
13,86,B,62,2,0,4,0,108,0,6
13,87,B,24,1,0,7,0,27,0,5
13,88,B,102,0,1,1,0,135,0,3
13,89,B,102,1,0,12,0,111,0,2
13,215,B,154,5,0,98,37,168,0,7
13,215,C1,149,7,0,91,29,187,0,0
13,216,B,216,4,0,70,21,174,0,0
13,216,C1,183,16,0,62,26,172,0,17
13,217,B,182,8,0,92,20,190,1,15
13,218,B,164,9,0,82,29,98,0,18
13,218,C1 ,172,15,0,117,23,110,0,15
13,219,B ,222,14,0,78,25,96,0,17
13,220,B ,118,10,1,46,15,69,0,9
13,220,C1 ,135,7,0,48,17,7,0,0
13,221,B ,193,6,1,76,29,163,0,9
13,222,B ,215,4,1,68,16,296,0,12
13,223,B ,118,3,0,30,19,183,0,4
13,223,C1 ,104,9,0,35,5,187,0,0
13,224,B ,151,10,0,77,11,244,0,8
13,225,B ,141,9,0,49,5,182,0,8
13,226,B ,142,11,0,26,18,237,0,9
13,227,B ,155,4,0,55,16,136,0,7
13,228,B ,161,3,0,42,5,152,0,2
13,229,B ,203,10,0,60,18,154,0,8
13,230,B ,162,11,4,99,13,131,0,20
13,231,B ,200,1,0,82,27,146,0,12
13,232,B ,29,2,0,11,6,74,0,13
13,232,E1 ,24,6,0,42,2,20,0,0
13,232,E2 ,15,6,0,20,7,11,0,2
13,233,B ,91,6,1,44,5,44,0,13
13,234,B ,55,1,1,9,27,50,0,10
13,235,B ,57,5,1,39,11,76,0,4
13,236,B ,102,7,0,66,18,34,0,0
13,236,C1 ,93,8,0,53,30,91,3,6
13,237,B ,33,1,0,8,8,29,0,0
13,238,B ,54,1,0,34,15,64,0,8
14,90,B,123,54,1,12,0,147,0,11
14,90,C1,109,53,0,19,1,145,0,7
14,90,C2,145,59,0,14,3,133,0,7
14,90,C3,132,47,0,17,3,128,0,0
14,90,C4,236,108,2,23,4,242,0,22
14,90,E1,100,22,0,2,1,144,0,4
14,91,B,129,42,0,31,4,230,0,16
14,92,B,110,23,2,30,0,147,0,10
14,93,B,31,3,1,3,1,69,0,5
14,94,B,141,11,1,3,0,181,0,16
14,95,B,78,6,1,5,0,80,0,2
14,95,E1,34,11,0,2,16,97,0,0
14,96,B,157,21,1,24,13,299,0,27
14,97,B,340,24,0,2,3,303,13,0
14,98,B,83,4,1,10,1,385,0,0
14,98,C1,78,13,1,4,1,394,0,9
14,98,E1,71,11,0,0,0,81,0,9
14,98,E2,51,6,2,4,2,91,0,15
14,99,B,96,61,0,2,1,257,0,14
14,100,B,115,51,1,6,1,190,0,9
14,100,C1,104,48,1,4,2,208,0,5
14,101,B,122,40,1,5,5,225,0,0
14,101,C1,132,40,0,1,1,210,0,9
14,102,B,103,134,0,4,3,179,0,5
14,102,C1,103,99,0,4,0,183,0,15
14,103,B,89,25,0,2,0,234,0,12
14,103,C1,116,34,0,4,0,204,0,8
14,104,B,138,74,0,2,1,303,0,9
14,104,C1,132,56,0,2,2,308,0,0
14,105,B,187,17,1,2,2,164,0,14
14,105,C1,181,17,0,1,3,187,0,0
14,106,B,107,13,0,0,0,261,0,7
14,106,C1,120,12,0,0,2,242,0,0
14,107,B,119,8,0,2,5,174,0,11
14,107,C1,122,12,0,1,8,180,0,8
14,107,E1,168,8,0,2,0,116,0,0
14,108,B,117,24,1,2,1,201,0,12
14,108,C1,100,40,0,0,2,215,0,13
14,109,B,84,8,0,3,0,253,0,3
14,110,B,69,45,1,7,1,213,0,14
14,110,E1,62,22,0,5,0,109,0,13
14,111,B,165,43,2,12,0,152,0,11
14,111,C1,197,43,0,13,3,134,0,14
14,111,C2,309,92,2,30,5,270,0,27
14,112,B,173,51,2,20,1,184,1,17
14,112,C1,161,44,0,17,0,172,0,0
14,112,C2,183,56,2,17,1,168,1,11
14,113,B,120,15,0,11,0,110,0,14
14,113,C1,136,18,1,8,1,103,0,6
14,114,B,186,61,0,21,0,162,0,21
14,114,C1,189,45,0,19,0,206,0,33
14,115,B,179,51,1,8,5,201,0,9
14,115,C1,182,54,1,4,4,157,0,14
14,115,C2,195,55,0,3,2,181,0,0
14,115,C3,196,47,0,8,3,174,0,17
14,116,B,231,47,0,4,12,166,0,19
14,116,C1,262,49,0,7,8,162,0,14
14,117,B,189,31,1,1,3,132,0,16
14,117,C1,192,20,0,4,1,150,0,9
14,118,B,143,59,5,6,9,295,0,15
14,118,C1,158,73,0,5,6,243,0,12
14,118,C2,126,59,1,4,6,287,2,7
14,119,B ,111,41,0,3,6,131,0,11
14,119,C1 ,102,61,1,4,4,112,0,9
14,120,B ,136,42,1,8,9,207,0,0
14,120,C1 ,205,68,2,7,26,428,0,37
14,121,B ,112,59,0,6,3,183,0,13
14,121,C1 ,134,48,0,7,1,187,0,9
14,122,B ,97,53,1,3,2,114,0,5
14,122,C1 ,94,51,0,3,2,125,0,11
14,123,B ,176,60,1,9,0,152,0,12
14,182,B ,37,8,1,6,1,55,0,8
14,183,B ,86,19,1,41,8,103,1,9
14,184,B ,115,24,3,44,6,162,0,11
14,185,B ,88,25,2,37,21,147,0,7
14,186,B ,85,14,1,28,2,146,0,11
14,187,B ,74,9,2,24,6,161,0,13
14,188,B ,107,22,3,22,9,137,0,15
14,189,B ,102,19,4,21,18,161,3,11
14,190,B ,57,13,10,39,4,106,0,8
14,190,C1 ,49,21,18,33,5,119,9,0
14,190,E1 ,112,25,5,57,46,191,0,21
14,190,E2 ,25,3,0,10,6,98,0,2
14,192,B ,78,63,0,16,3,104,0,17
14,192,C1 ,57,59,0,12,3,109,1,15
14,193,B ,14,24,2,5,2,70,0,4
14,194,B ,68,31,0,8,10,46,0,12
14,195,B ,40,38,1,5,2,80,0,8
15,810,B,94,50,57,35,38,168,0,0
15,811,B,68,29,25,31,38,172,0,13
15,812,B,79,35,51,42,59,196,0,10
15,813,B,36,22,42,32,88,152,0,7
15,814,B,52,26,29,83,27,193,0,11
15,815,B,89,39,28,25,26,190,0,13
15,816,B,108,45,45,77,26,181,0,18
15,817,B,15,27,31,6,53,127,0,3
15,818,B,32,59,12,15,26,103,0,5
15,819,B,25,30,46,13,53,156,0,6
15,820,B,44,10,39,8,17,110,0,6
15,821,B,51,23,58,26,38,131,1,10
15,822,B,72,34,50,26,33,192,0,12
15,823,B,100,44,76,53,38,186,0,9
15,824,B,74,30,46,30,40,243,0,20
15,825,B,98,45,74,19,47,191,0,18
15,826,B,81,19,25,13,20,90,0,6
15,827,B,87,56,61,59,25,237,0,18
15,828,B,30,32,23,18,18,125,0,5
15,829,B,22,21,24,20,40,96,0,6
15,830,B,59,21,23,38,57,202,3,8
15,831,B,76,29,28,52,27,147,0,10
15,832,B,66,39,36,40,12,170,0,17
15,833,B,46,40,28,44,22,158,0,9
15,834,B,32,56,20,40,16,114,0,10
15,835,B,89,34,49,28,38,183,0,17
15,836,B,123,22,40,16,14,349,0,15
15,837,B,31,61,20,23,13,134,1,14
15,837,C1,42,58,18,67,13,95,0,11
15,837,E1,7,7,0,4,0,50,2,3
15,838,B,45,57,23,25,5,119,0,16
15,838,C1 ,61,35,17,37,9,114,0,18
15,839,B ,116,29,26,30,11,176,0,23
15,840,B ,148,36,12,36,14,155,0,17
15,841,B ,137,20,14,28,36,90,0,17
15,842,B ,157,60,16,40,42,136,0,24
15,843,B ,112,59,9,21,64,136,0,26
16,277,B,38,6,1,163,12,285,0,11
16,277,E1,13,2,0,45,2,35,0,3
16,278,B,6,1,0,56,3,96,0,8
16,278,E1,5,1,1,118,4,54,0,2
16,279,B,12,0,0,56,1,80,0,2
16,280,B,18,0,0,74,0,78,0,2
16,281,B,5,10,2,150,9,210,0,10
16,282,B,17,4,0,141,3,230,0,15
16,283,B,21,3,2,157,2,113,1,9
16,284,B,1,5,0,63,2,58,0,6
16,285,B,5,6,8,104,19,74,0,16
16,286,B,12,10,0,107,3,245,0,6
16,286,E1,1,4,0,17,2,68,0,2
16,287,B,12,5,0,111,0,177,0,12
16,288,B,47,15,4,201,8,205,0,12
16,289,B,35,11,1,168,1,291,0,17
16,290,B,4,0,0,179,8,200,0,0
16,291,B,28,4,1,179,6,298,0,0
16,291,E1,5,3,0,25,1,33,0,7
16,292,B,2,1,0,67,1,98,0,0
16,292,E1,1,1,0,36,0,35,0,0
16,293,B,7,4,0,88,3,57,0,7
16,294,B,0,1,0,29,12,53,0,4
16,295,B,35,8,0,207,7,175,0,15
16,296,B,4,4,0,207,5,151,0,0
16,297,B,4,9,3,99,9,189,0,22
16,298,B,21,4,1,71,5,245,0,20
16,299,B,16,5,0,64,0,218,0,24
16,300,B,9,4,0,57,3,282,0,0
16,301,B,21,5,0,124,0,188,1,15
16,301,C1,23,3,1,134,3,154,0,0
16,302,B,9,4,0,219,2,249,0,20
16,303,B,13,1,0,141,2,137,0,0
16,304,B,7,2,0,183,1,166,0,0
16,305,B,6,2,0,86,1,205,0,0
16,306,B,9,4,0,314,0,217,0,10
16,307,B,81,2,1,85,0,150,0,11
16,308,B,2,2,0,158,1,190,0,10
16,309,B,43,17,1,108,3,217,0,17
16,310,B,23,21,5,306,2,208,1,37
16,311,B,8,7,1,142,0,154,0,0
16,311,C1,13,9,2,149,2,166,0,0
16,311,E1,5,4,0,46,3,100,0,0
16,312,B,12,8,0,120,1,195,0,14
16,313,B,8,9,0,188,1,109,0,0
16,314,B,17,6,0,67,3,225,0,0
16,315,B,38,9,2,83,3,209,0,19
16,316,B,15,2,0,12,3,24,0,6
16,316,E1,28,2,0,10,4,31,0,5
16,316,E2,3,1,0,8,0,32,0,0
16,317,B,10,3,1,137,3,74,0,4
16,318,B,6,2,0,105,6,114,0,0
16,319,B,2,4,0,47,3,85,0,10
16,320,B,159,4,1,38,25,189,0,0
16,320,C1,186,1,2,30,35,161,0,15
16,321,B,165,4,0,62,68,265,0,15
16,322,B,194,8,2,47,53,232,0,11
16,323,B,93,0,0,48,54,90,0,0
16,323,C1,109,3,1,34,41,127,0,9
16,324,B,156,4,0,42,110,183,0,17
16,325,B,118,0,0,21,35,129,0,10
16,326,B,91,0,0,38,44,264,0,0
16,327,B ,203,6,1,40,40,178,0,16
16,328,B ,170,2,1,47,56,210,0,24
16,329,B ,139,1,0,58,73,226,0,25
16,330,B ,70,1,1,37,25,128,0,4
16,331,B ,148,11,1,67,23,171,0,20
16,332,B ,13,0,0,2,0,61,0,0
16,333,B ,66,0,1,22,22,135,0,0
16,333,E1 ,134,5,3,31,13,89,1,17
16,334,B ,63,2,1,0,3,38,0,4
16,334,E1 ,26,0,0,1,3,58,0,0
16,335,B ,26,2,0,8,5,64,0,8
16,336,B ,114,1,1,9,6,112,0,7
16,337,B ,95,7,6,50,20,158,0,25
16,338,B ,125,1,1,9,9,130,0,9
16,339,B ,42,0,0,12,2,45,0,4
16,340,B ,37,3,0,57,3,85,0,14
16,341,B ,111,3,0,31,24,163,0,7
16,342,B ,100,3,2,7,5,77,1,3
16,343,B ,160,7,4,26,44,258,0,10
16,344,B ,34,16,0,56,12,138,0,0
16,345,B ,38,0,0,19,4,138,1,9
16,346,B ,29,1,0,2,2,79,0,4
16,346,E1 ,32,1,0,3,0,75,0,8
16,346,E2 ,18,4,0,9,1,41,0,2
17,547,B,36,7,0,143,3,82,0,14
17,548,B,0,19,0,188,2,108,0,15
17,549,B,56,27,0,218,2,105,0,14
17,550,B,67,22,0,313,8,168,0,18
17,550,E1,12,22,0,75,2,82,0,0
17,551,B,55,24,0,198,11,113,0,0
17,552,B,42,14,0,191,4,141,0,0
17,553,B,55,8,0,146,2,104,0,11
17,554,B,65,15,0,206,4,128,0,10
17,555,B,59,11,0,152,0,100,0,8
17,556,B,57,8,1,105,1,42,0,0
17,557,B,25,6,0,87,1,66,0,5
17,558,B,31,28,1,144,17,44,0,5
17,559,B,39,21,0,143,1,64,0,3
17,560,B,24,29,0,134,2,56,0,5
17,561,B,32,55,0,139,0,56,0,9
17,562,B,36,21,0,175,8,119,0,6
17,563,B,55,19,1,227,1,73,0,11
17,564,B,66,12,1,258,2,150,0,12
17,565,B,3,4,0,48,0,38,0,0
17,566,B,0,1,0,43,0,55,0,0
17,567,B,11,16,0,114,0,278,0,12
17,567,E1,6,6,0,20,0,39,0,4
17,568,B,40,24,0,188,4,160,0,21
17,569,B,20,5,0,114,2,61,0,8
17,570,B,50,38,0,111,1,95,0,0
17,570,C1,45,42,0,130,1,72,0,0
17,571,B,129,22,0,166,15,83,0,34
17,572,B,118,24,0,163,8,83,0,0
17,573,B,87,20,1,227,11,125,0,16
17,574,B,44,24,1,180,11,108,0,0
17,575,B ,100,33,0,176,39,105,0,0
17,576,B ,75,32,0,279,5,66,0,28
17,577,B ,9,15,0,220,0,122,0,0
17,578,B ,22,26,1,363,0,112,0,0
17,579,B ,32,28,2,236,0,88,0,16
17,580,B ,31,9,0,233,0,123,0,0
17,581,B ,69,8,1,116,0,135,0,8
17,582,B ,50,54,0,165,0,256,0,34
17,583,B ,48,14,0,223,1,148,0,12
17,584,B ,36,3,0,219,3,176,0,6
17,585,B ,38,8,0,134,0,77,0,0
17,586,B ,50,10,0,127,2,155,0,12
17,587,B ,168,19,0,76,12,118,0,28
17,588,B ,13,9,0,132,0,102,0,19
17,588,C1 ,15,8,0,136,0,101,0,0
17,589,B ,13,3,0,78,0,67,0,6
17,590,B ,6,17,0,28,0,27,0,3
17,590,E1 ,8,2,0,30,0,19,0,2
17,591,B ,21,13,0,243,3,102,0,0
17,592,B ,20,11,1,68,5,57,0,12
17,593,B ,17,25,0,62,4,79,0,0
17,594,B ,9,13,0,114,1,52,0,0
17,595,B ,35,11,2,74,0,66,0,7
17,596,B ,29,11,0,47,2,68,0,0
18,1,B,5,3,0,145,2,161,0,7
18,2,B,2,0,0,134,13,119,0,16
18,2,E1,5,7,0,79,5,76,0,17
18,3,B,14,4,0,249,26,124,0,16
18,3,C1,12,0,0,245,29,118,0,25
18,4,B,4,5,0,162,7,180,2,29
18,5,B,11,9,1,213,6,232,0,19
18,6,B,5,2,0,164,1,149,0,0
18,7,B,3,0,0,209,1,148,0,12
18,8,B,10,7,0,252,12,214,0,11
18,9,B,8,5,0,162,9,166,0,4
18,9,C1,13,5,0,183,8,138,0,2
18,10,B,15,4,0,285,19,245,0,18
18,11,B,10,1,1,133,4,110,0,9
18,12,B,11,1,1,211,13,227,0,10
18,13,B,11,6,5,249,2,139,0,0
18,14,B,5,0,0,112,6,72,1,1
18,15,B,9,2,1,157,1,131,0,4
18,16,B,12,4,0,248,28,218,0,14
18,17,B,7,8,0,226,7,177,0,16
18,18,B,7,4,0,235,3,194,0,13
18,19,B,0,3,0,32,0,52,0,2
18,20,B,1,0,0,16,2,76,0,0
18,20,E1,0,2,0,35,0,25,0,4
18,21,B,4,0,1,89,0,179,0,22
18,22,B,3,1,0,49,1,63,0,5
18,23,B,3,10,1,123,16,131,0,17
18,23,E1,0,6,0,48,0,37,0,6
18,24,B,5,10,0,113,23,181,0,41
18,24,E1,5,2,0,32,6,56,0,0
18,25,B,0,2,0,31,0,38,0,0
18,26,B,1,5,1,54,2,30,0,5
18,27,B,1,5,0,63,0,70,0,4
18,27,E1,0,2,0,43,0,17,0,1
18,28,B,8,0,1,64,3,94,0,8
18,29,B,1,1,0,32,3,22,0,5
18,29,E1,2,5,0,18,0,18,0,0
18,30,B,3,3,1,39,2,69,0,6
18,31,B,3,2,0,30,0,192,0,7
18,32,B,7,1,0,62,1,180,0,8
18,33,B,7,7,3,280,1,121,0,0
18,34,B,2,2,0,62,0,39,0,0
18,34,E1,7,1,0,24,3,11,0,0
18,35,B,4,1,0,20,0,39,0,0
18,36,B,6,13,1,254,2,137,0,29
18,37,B,18,0,0,29,1,111,0,20
18,38,B,54,10,0,188,34,283,0,0
18,39,B,18,10,1,147,14,203,0,0
18,40,B,3,0,0,172,10,193,0,0
18,40,E1,10,1,0,56,4,45,0,6
18,41,B,6,3,0,115,3,80,0,0
18,42,B,1,1,0,36,3,21,0,1
18,43,B,21,11,0,186,9,198,0,13
18,44,B,11,0,0,21,2,55,0,0
18,45,B,7,5,0,67,2,36,0,8
18,46,B,29,3,2,208,35,185,0,38
18,47,B,19,3,0,166,6,181,0,20
18,47,E1,10,0,0,26,4,19,0,0
18,48,B,4,4,0,53,6,28,0,9
18,196,B,7,7,0,401,3,285,0,0
18,197,B,1,11,0,335,5,362,0,23
18,198,B,0,0,0,66,0,82,0,0
18,199,B,0,0,0,57,0,58,0,9
18,200,B ,2,1,0,46,0,59,0,3
18,201,B ,0,2,1,32,0,27,0,4
18,201,E1 ,0,0,0,27,0,16,0,0
18,202,B ,0,10,0,180,1,109,0,15
18,202,E1 ,0,0,0,38,0,38,0,0
18,203,B ,0,2,1,64,0,55,0,6
18,203,E1 ,0,0,0,57,0,34,0,6
18,203,E2 ,1,2,0,79,5,30,0,5
18,204,B ,0,0,0,40,2,61,0,0
18,205,B ,1,6,0,72,0,68,0,0
18,206,B ,0,4,0,50,0,103,0,9
18,207,B ,0,2,0,17,0,63,0,0
18,207,E1 ,0,0,0,23,0,33,0,4
18,207,E2 ,1,0,0,40,1,18,0,3
18,208,B ,1,8,0,142,2,121,1,6
18,209,B ,1,2,0,33,0,21,0,0
18,209,E1 ,1,0,0,32,1,45,0,1
18,210,B ,5,5,0,59,1,41,0,3
18,210,E1 ,1,2,0,33,0,11,0,0
18,211,B ,2,3,0,72,0,52,0,2
18,212,B ,0,0,0,30,0,37,0,0
18,212,E1 ,0,2,0,31,0,39,0,0
18,213,B ,0,4,0,16,0,35,0,2
18,213,E1 ,0,4,0,58,0,43,0,0
18,214,B ,2,2,0,69,1,59,0,0
18,214,E1 ,0,0,0,18,0,39,0,8
