﻿<estatal listanominal="1,469,080" votaciontotalemitida="864,549" porvotaciontotalemitida="58.84" abstencionismo="604,531" porabstencionismo="41.16" >
<resultado municipio="BALANCAN" listanominal="38,561" votaciontotalemitida="25,508" porvotaciontotalemitida="66.14" abstencionismo="13,053" porabstencionismo="33.86" />
<resultado municipio="CARDENAS" listanominal="157,193" votaciontotalemitida="85,427" porvotaciontotalemitida="54.34" abstencionismo="71,766" porabstencionismo="45.66" />
<resultado municipio="CENTLA" listanominal="63,583" votaciontotalemitida="41,692" porvotaciontotalemitida="65.57" abstencionismo="21,891" porabstencionismo="34.43" />
<resultado municipio="CENTRO" listanominal="442,028" votaciontotalemitida="199,277" porvotaciontotalemitida="45.08" abstencionismo="242,751" porabstencionismo="54.92" />
<resultado municipio="COMALCALCO" listanominal="124,963" votaciontotalemitida="88,661" porvotaciontotalemitida="70.94" abstencionismo="36,302" porabstencionismo="29.06" />
<resultado municipio="CUNDUACAN" listanominal="78,348" votaciontotalemitida="48,674" porvotaciontotalemitida="62.12" abstencionismo="29,674" porabstencionismo="37.88" />
<resultado municipio="EMILIANO ZAPATA" listanominal="20,629" votaciontotalemitida="15,135" porvotaciontotalemitida="73.36" abstencionismo="5,494" porabstencionismo="26.64" />
<resultado municipio="HUIMANGUILLO" listanominal="112,205" votaciontotalemitida="72,333" porvotaciontotalemitida="64.46" abstencionismo="39,872" porabstencionismo="35.54" />
<resultado municipio="JALAPA" listanominal="25,551" votaciontotalemitida="19,153" porvotaciontotalemitida="74.95" abstencionismo="6,398" porabstencionismo="25.05" />
<resultado municipio="JALPA DE MENDEZ" listanominal="53,241" votaciontotalemitida="40,547" porvotaciontotalemitida="76.15" abstencionismo="12,694" porabstencionismo="23.85" />
<resultado municipio="JONUTA" listanominal="20,808" votaciontotalemitida="17,489" porvotaciontotalemitida="84.04" abstencionismo="3,319" porabstencionismo="15.96" />
<resultado municipio="MACUSPANA" listanominal="103,933" votaciontotalemitida="58,688" porvotaciontotalemitida="56.46" abstencionismo="45,245" porabstencionismo="43.54" />
<resultado municipio="NACAJUCA" listanominal="67101" votaciontotalemitida="44,385" porvotaciontotalemitida="66.14" abstencionismo="22,716" porabstencionismo="33.86" />
<resultado municipio="PARAISO" listanominal="56778" votaciontotalemitida="42,774" porvotaciontotalemitida="75.33" abstencionismo="14,004" porabstencionismo="24.64" />
<resultado municipio="TACOTALPA" listanominal="28,458" votaciontotalemitida="18,487" porvotaciontotalemitida="64.96" abstencionismo="9,971" porabstencionismo="35.04" />
<resultado municipio="TEAPA" listanominal="35,528" votaciontotalemitida="21,420" porvotaciontotalemitida="60.29" abstencionismo="14,108" porabstencionismo="39.71" />
<resultado municipio="TENOSIQUE" listanominal="40,172" votaciontotalemitida="24,899" porvotaciontotalemitida="61.98" abstencionismo="15,273" porabstencionismo="38.02" />
</estatal>
