<estatal pan="34,260" pri="202,104" prd="169,335" pt="27,873" pvem="5,125" convergencia="6,723" na="8,630" noreg="504" nulos="9,942" votaciontotal="464,496" >
  <resultado distrito="II CARDENAS" pan="816" pri="20,203" prd="10,786" pt="1,172" pvem="533" convergencia="2,045" na="697" noreg="25" nulos="698" total="36,975" />
  <resultado distrito="III CENTLA" pan="10,734" pri="16,695" prd="9,770" pt="760" pvem="1,225" convergencia="179" na="941" noreg="30" nulos="1,154" total="41,488" />
  <resultado distrito="VI COMALCALCO" pan="1,668" pri="42,726" prd="40,729" pt="195" pvem="673" convergencia="376" na="1,223" noreg="32" nulos="1,206" total="88,828" />
  <resultado distrito="VII CUNDUACAN" pan="2,573" pri="20,931" prd="14,077" pt="6,366" pvem="616" convergencia="324" na="841" noreg="322" nulos="2,495" total="48,545" />
  <resultado distrito="IX HUIMANGUILLO" pan="6,493" pri="29,842" prd="27,953" pt="5,431" pvem="595" convergencia="100" na="875" noreg="30" nulos="1,275" total="72,594" />
  <resultado distrito="XI JALPA DE MENDEZ" pan="8,182" pri="11,053" prd="6,594" pt="10,272" pvem="412" convergencia="1,150" na="2,343" noreg="6" nulos="718" total="40,730" />
  <resultado distrito="XIV NACAJUCA" pan="1,288" pri="22,437" prd="16,733" pt="1,617" pvem="439" convergencia="135" na="789" noreg="13" nulos="1,106" total="44,557" />
  <resultado distrito="XV PARAISO" pan="1,223" pri="16,005" prd="24,119" pt="284" pvem="273" convergencia="161" na="286" noreg="19" nulos="606" total="42,976" />
  <resultado distrito="XIX CARDENAS PONIENTE" pan="1,283" pri="22,212" prd="18,574" pt="1,776" pvem="359" convergencia="2,253" na="635" noreg="27" nulos="684" total="47,803" />
</estatal>
